sentence_id,token_id,token,remark,tag
1492,0,The,Hydrothermal,O
1492,1,ZnO,Hydrothermal,O
1492,2,nanosheet,Hydrothermal,O
1492,3,-,Hydrothermal,O
1492,4,spheres,Hydrothermal,O
1492,5,with,Hydrothermal,O
1492,6,various,Hydrothermal,O
1492,7,Fe,Hydrothermal,O
1492,8,-,Hydrothermal,O
1492,9,doping,Hydrothermal,O
1492,10,contents,Hydrothermal,O
1492,11,were,Hydrothermal,O
1492,12,prepared,Hydrothermal,Starting
1492,13,by,Hydrothermal,O
1492,14,a,Hydrothermal,O
1492,15,typical,Hydrothermal,O
1492,16,hydrothermal,Hydrothermal,O
1492,17,method,Hydrothermal,O
1492,18,.,Hydrothermal,O
885,0,The,Solid-State,O
885,1,"Ln(Sr,Ca)3(Fe,Co)3O10",Solid-State,O
885,2,+,Solid-State,O
885,3,GDC,Solid-State,O
885,4,(,Solid-State,O
885,5,Nextech,Solid-State,O
885,6,",",Solid-State,O
885,7,Micro-grade,Solid-State,O
885,8,),Solid-State,O
885,9,composite,Solid-State,O
885,10,cathodes,Solid-State,O
885,11,were,Solid-State,O
885,12,prepared,Solid-State,Starting
885,13,by,Solid-State,O
885,14,ball,Solid-State,Mixing
885,15,-,Solid-State,Mixing
885,16,milling,Solid-State,Mixing
885,17,appropriate,Solid-State,O
885,18,amounts,Solid-State,O
885,19,of,Solid-State,O
885,20,"Ln(Sr,Ca)3(Fe,Co)3O10",Solid-State,O
885,21,and,Solid-State,O
885,22,GDC,Solid-State,O
885,23,for,Solid-State,O
885,24,2,Solid-State,O
885,25,days,Solid-State,O
885,26,.,Solid-State,O
6,0,Then,Sol-Gel,O
6,1,the,Sol-Gel,O
6,2,voluminous,Sol-Gel,O
6,3,and,Sol-Gel,O
6,4,foamy,Sol-Gel,O
6,5,product,Sol-Gel,O
6,6,was,Sol-Gel,O
6,7,gently,Sol-Gel,O
6,8,milled,Sol-Gel,Mixing
6,9,.,Sol-Gel,O
499,0,Subsequently,Sol-Gel,O
499,1,",",Sol-Gel,O
499,2,5,Sol-Gel,O
499,3,mmol,Sol-Gel,O
499,4,aniline,Sol-Gel,O
499,5,was,Sol-Gel,O
499,6,dissolved,Sol-Gel,Mixing
499,7,in,Sol-Gel,O
499,8,50,Sol-Gel,O
499,9,ml,Sol-Gel,O
499,10,carbon,Sol-Gel,O
499,11,tetrachloride,Sol-Gel,O
499,12,to,Sol-Gel,O
499,13,form,Sol-Gel,O
499,14,the,Sol-Gel,O
499,15,organic,Sol-Gel,O
499,16,phase,Sol-Gel,O
499,17,(,Sol-Gel,O
499,18,Solution,Sol-Gel,O
499,19,A,Sol-Gel,O
499,20,),Sol-Gel,O
499,21,.,Sol-Gel,O
1648,0,The,Solid-State,O
1648,1,preparations,Solid-State,O
1648,2,were,Solid-State,O
1648,3,quenched,Solid-State,Cooling
1648,4,rapidly,Solid-State,O
1648,5,in,Solid-State,O
1648,6,the,Solid-State,O
1648,7,solid,Solid-State,O
1648,8,CO2,Solid-State,O
1648,9,.,Solid-State,O
2140,0,After,Precipitation,O
2140,1,that,Precipitation,O
2140,2,",",Precipitation,O
2140,3,the,Precipitation,O
2140,4,resultant,Precipitation,O
2140,5,product,Precipitation,O
2140,6,was,Precipitation,O
2140,7,separated,Precipitation,Purification
2140,8,by,Precipitation,O
2140,9,filtration,Precipitation,O
2140,10,and,Precipitation,O
2140,11,dried,Precipitation,Purification
2140,12,at,Precipitation,O
2140,13,40,Precipitation,O
2140,14,°,Precipitation,O
2140,15,C,Precipitation,O
2140,16,.,Precipitation,O
141,0,After,Hydrothermal,O
141,1,the,Hydrothermal,O
141,2,solvothermal,Hydrothermal,Heating
141,3,treatment,Hydrothermal,Heating
141,4,",",Hydrothermal,O
141,5,the,Hydrothermal,O
141,6,reaction,Hydrothermal,O
141,7,system,Hydrothermal,O
141,8,was,Hydrothermal,O
141,9,cooled,Hydrothermal,Cooling
141,10,down,Hydrothermal,O
141,11,to,Hydrothermal,O
141,12,room,Hydrothermal,O
141,13,temperature,Hydrothermal,O
141,14,naturally,Hydrothermal,O
141,15,.,Hydrothermal,O
1628,0,The,Hydrothermal,O
1628,1,container,Hydrothermal,O
1628,2,was,Hydrothermal,O
1628,3,sealed,Hydrothermal,Non-altering
1628,4,and,Hydrothermal,O
1628,5,stored,Hydrothermal,Reaction
1628,6,at,Hydrothermal,O
1628,7,90,Hydrothermal,O
1628,8,°,Hydrothermal,O
1628,9,C,Hydrothermal,O
1628,10,for,Hydrothermal,O
1628,11,12,Hydrothermal,O
1628,12,h,Hydrothermal,O
1628,13,without,Hydrothermal,O
1628,14,agitation,Hydrothermal,O
1628,15,.,Hydrothermal,O
1943,0,Next,Precipitation,O
1943,1,",",Precipitation,O
1943,2,the,Precipitation,O
1943,3,yellow,Precipitation,O
1943,4,precipitates,Precipitation,O
1943,5,were,Precipitation,O
1943,6,centrifuged,Precipitation,Purification
1943,7,",",Precipitation,O
1943,8,washed,Precipitation,Purification
1943,9,by,Precipitation,O
1943,10,de-ionized,Precipitation,O
1943,11,water,Precipitation,O
1943,12,and,Precipitation,O
1943,13,absolute,Precipitation,O
1943,14,ethanol,Precipitation,O
1943,15,",",Precipitation,O
1943,16,and,Precipitation,O
1943,17,then,Precipitation,O
1943,18,dried,Precipitation,Purification
1943,19,at,Precipitation,O
1943,20,60,Precipitation,O
1943,21,°,Precipitation,O
1943,22,C,Precipitation,O
1943,23,in,Precipitation,O
1943,24,air,Precipitation,O
1943,25,for,Precipitation,O
1943,26,10,Precipitation,O
1943,27,h,Precipitation,O
1943,28,.,Precipitation,O
1434,0,The,Hydrothermal,O
1434,1,resulting,Hydrothermal,O
1434,2,white,Hydrothermal,O
1434,3,solid,Hydrothermal,O
1434,4,was,Hydrothermal,O
1434,5,filtered,Hydrothermal,Purification
1434,6,off,Hydrothermal,O
1434,7,and,Hydrothermal,O
1434,8,dried,Hydrothermal,Purification
1434,9,in,Hydrothermal,O
1434,10,vacuum,Hydrothermal,O
1434,11,.,Hydrothermal,O
2080,0,Excess,Solid-State,O
2080,1,amounts,Solid-State,O
2080,2,of,Solid-State,O
2080,3,Na2O,Solid-State,O
2080,4,(,Solid-State,O
2080,5,80,Solid-State,O
2080,6,%,Solid-State,O
2080,7,Na2O,Solid-State,O
2080,8,",",Solid-State,O
2080,9,20,Solid-State,O
2080,10,%,Solid-State,O
2080,11,Na2O2,Solid-State,O
2080,12,",",Solid-State,O
2080,13,Sigma,Solid-State,O
2080,14,Aldrich,Solid-State,O
2080,15,),Solid-State,O
2080,16,and,Solid-State,O
2080,17,NiO,Solid-State,O
2080,18,(,Solid-State,O
2080,19,99,Solid-State,O
2080,20,%,Solid-State,O
2080,21,",",Solid-State,O
2080,22,Alfa,Solid-State,O
2080,23,Aesar,Solid-State,O
2080,24,),Solid-State,O
2080,25,were,Solid-State,O
2080,26,mixed,Solid-State,Mixing
2080,27,and,Solid-State,O
2080,28,ball,Solid-State,Mixing
2080,29,milled,Solid-State,Mixing
2080,30,for,Solid-State,O
2080,31,4,Solid-State,O
2080,32,hours,Solid-State,O
2080,33,at,Solid-State,O
2080,34,500,Solid-State,O
2080,35,rpm,Solid-State,O
2080,36,rate,Solid-State,O
2080,37,",",Solid-State,O
2080,38,and,Solid-State,O
2080,39,the,Solid-State,O
2080,40,resulting,Solid-State,O
2080,41,material,Solid-State,O
2080,42,was,Solid-State,O
2080,43,collected,Solid-State,Non-altering
2080,44,in,Solid-State,O
2080,45,the,Solid-State,O
2080,46,glove,Solid-State,O
2080,47,box,Solid-State,O
2080,48,.,Solid-State,O
2282,0,In,Hydrothermal,O
2282,1,a,Hydrothermal,O
2282,2,typical,Hydrothermal,O
2282,3,synthesis,Hydrothermal,O
2282,4,process,Hydrothermal,O
2282,5,",",Hydrothermal,O
2282,6,0.2,Hydrothermal,O
2282,7,M,Hydrothermal,O
2282,8,of,Hydrothermal,O
2282,9,La(NO3)3.6H2O,Hydrothermal,O
2282,10,and,Hydrothermal,O
2282,11,0.2,Hydrothermal,O
2282,12,M,Hydrothermal,O
2282,13,of,Hydrothermal,O
2282,14,Co(NO3)2.6H2O,Hydrothermal,O
2282,15,were,Hydrothermal,O
2282,16,separately,Hydrothermal,O
2282,17,dissolved,Hydrothermal,Mixing
2282,18,in,Hydrothermal,O
2282,19,30,Hydrothermal,O
2282,20,mL,Hydrothermal,O
2282,21,of,Hydrothermal,O
2282,22,deionized,Hydrothermal,O
2282,23,water,Hydrothermal,O
2282,24,with,Hydrothermal,O
2282,25,gentle,Hydrothermal,O
2282,26,stirring,Hydrothermal,Mixing
2282,27,at,Hydrothermal,O
2282,28,room,Hydrothermal,O
2282,29,temperature,Hydrothermal,O
2282,30,.,Hydrothermal,O
2238,0,The,Solid-State,O
2238,1,homogenized,Solid-State,Mixing
2238,2,",",Solid-State,O
2238,3,stoichiometric,Solid-State,O
2238,4,mixture,Solid-State,O
2238,5,(,Solid-State,O
2238,6,200,Solid-State,O
2238,7,g,Solid-State,O
2238,8,),Solid-State,O
2238,9,was,Solid-State,O
2238,10,MA,Solid-State,Mixing
2238,11,in,Solid-State,O
2238,12,a,Solid-State,O
2238,13,high,Solid-State,O
2238,14,-,Solid-State,O
2238,15,energy,Solid-State,O
2238,16,planetary,Solid-State,O
2238,17,mill,Solid-State,O
2238,18,(,Solid-State,O
2238,19,Retsch,Solid-State,O
2238,20,",",Solid-State,O
2238,21,Model,Solid-State,O
2238,22,PM,Solid-State,O
2238,23,400,Solid-State,O
2238,24,),Solid-State,O
2238,25,for,Solid-State,O
2238,26,24,Solid-State,O
2238,27,h,Solid-State,O
2238,28,at,Solid-State,O
2238,29,300,Solid-State,O
2238,30,rpm,Solid-State,O
2238,31,using,Solid-State,O
2238,32,15,Solid-State,O
2238,33,WC,Solid-State,O
2238,34,balls,Solid-State,O
2238,35,(,Solid-State,O
2238,36,2r,Solid-State,O
2238,37,=,Solid-State,O
2238,38,20,Solid-State,O
2238,39,mm,Solid-State,O
2238,40,),Solid-State,O
2238,41,in,Solid-State,O
2238,42,a,Solid-State,O
2238,43,250,Solid-State,O
2238,44,ml,Solid-State,O
2238,45,WC,Solid-State,O
2238,46,vial,Solid-State,O
2238,47,.,Solid-State,O
2493,0,The,Precipitation,O
2493,1,obtained,Precipitation,O
2493,2,precipitates,Precipitation,O
2493,3,were,Precipitation,O
2493,4,separated,Precipitation,Purification
2493,5,by,Precipitation,O
2493,6,centrifugation,Precipitation,O
2493,7,",",Precipitation,O
2493,8,and,Precipitation,O
2493,9,dried,Precipitation,Purification
2493,10,at,Precipitation,O
2493,11,80,Precipitation,O
2493,12,°,Precipitation,O
2493,13,C,Precipitation,O
2493,14,overnight,Precipitation,O
2493,15,.,Precipitation,O
1230,0,The,Solid-State,O
1230,1,calcined,Solid-State,Heating
1230,2,powder,Solid-State,O
1230,3,was,Solid-State,O
1230,4,uniaxially,Solid-State,O
1230,5,pressed,Solid-State,Shaping
1230,6,and,Solid-State,O
1230,7,sintered,Solid-State,Heating
1230,8,at,Solid-State,O
1230,9,1200,Solid-State,O
1230,10,°,Solid-State,O
1230,11,C,Solid-State,O
1230,12,for,Solid-State,O
1230,13,2,Solid-State,O
1230,14,h,Solid-State,O
1230,15,.,Solid-State,O
433,0,A,Solid-State,O
433,1,stoichiometric,Solid-State,O
433,2,mixture,Solid-State,O
433,3,of,Solid-State,O
433,4,LiNO3,Solid-State,O
433,5,and,Solid-State,O
433,6,LiF,Solid-State,O
433,7,was,Solid-State,O
433,8,used,Solid-State,O
433,9,as,Solid-State,O
433,10,lithium,Solid-State,O
433,11,precursors,Solid-State,O
433,12,.,Solid-State,O
2531,0,The,Hydrothermal,O
2531,1,PbWO4,Hydrothermal,O
2531,2,precursors,Hydrothermal,O
2531,3,were,Hydrothermal,O
2531,4,synthesized,Hydrothermal,Starting
2531,5,using,Hydrothermal,O
2531,6,a,Hydrothermal,O
2531,7,solvothermal,Hydrothermal,O
2531,8,process,Hydrothermal,O
2531,9,.,Hydrothermal,O
323,0,The,Hydrothermal,O
323,1,mixture,Hydrothermal,O
323,2,was,Hydrothermal,O
323,3,allowed,Hydrothermal,Mixing
323,4,to,Hydrothermal,Mixing
323,5,stir,Hydrothermal,Mixing
323,6,at,Hydrothermal,O
323,7,room,Hydrothermal,O
323,8,temperature,Hydrothermal,O
323,9,for,Hydrothermal,O
323,10,1,Hydrothermal,O
323,11,min,Hydrothermal,O
323,12,before,Hydrothermal,O
323,13,TBAF·3H2O,Hydrothermal,O
323,14,(,Hydrothermal,O
323,15,3.15,Hydrothermal,O
323,16,mg,Hydrothermal,O
323,17,",",Hydrothermal,O
323,18,5,Hydrothermal,O
323,19,mol,Hydrothermal,O
323,20,%,Hydrothermal,O
323,21,),Hydrothermal,O
323,22,was,Hydrothermal,O
323,23,added,Hydrothermal,Mixing
323,24,.,Hydrothermal,O
2156,0,Sintering,Solid-State,O
2156,1,of,Solid-State,O
2156,2,the,Solid-State,O
2156,3,green,Solid-State,O
2156,4,pellets,Solid-State,O
2156,5,was,Solid-State,O
2156,6,carried,Solid-State,Heating
2156,7,out,Solid-State,Heating
2156,8,at,Solid-State,O
2156,9,1700.,Solid-State,O
2156,10,for,Solid-State,O
2156,11,20.,Solid-State,O
2156,12,in,Solid-State,O
2156,13,air,Solid-State,O
2156,14,.,Solid-State,O
1610,0,To,Hydrothermal,O
1610,1,the,Hydrothermal,O
1610,2,resulting,Hydrothermal,O
1610,3,solution,Hydrothermal,O
1610,4,",",Hydrothermal,O
1610,5,25.4,Hydrothermal,O
1610,6,mg,Hydrothermal,O
1610,7,of,Hydrothermal,O
1610,8,selenourea,Hydrothermal,O
1610,9,(,Hydrothermal,O
1610,10,0.206,Hydrothermal,O
1610,11,mmol,Hydrothermal,O
1610,12,),Hydrothermal,O
1610,13,is,Hydrothermal,O
1610,14,added,Hydrothermal,Mixing
1610,15,with,Hydrothermal,O
1610,16,stirring,Hydrothermal,Mixing
1610,17,",",Hydrothermal,O
1610,18,which,Hydrothermal,O
1610,19,produced,Hydrothermal,O
1610,20,an,Hydrothermal,O
1610,21,orange,Hydrothermal,O
1610,22,colour,Hydrothermal,O
1610,23,.,Hydrothermal,O
2099,0,After,Hydrothermal,O
2099,1,10,Hydrothermal,O
2099,2,minutes,Hydrothermal,O
2099,3,",",Hydrothermal,O
2099,4,the,Hydrothermal,O
2099,5,autoclave,Hydrothermal,O
2099,6,(,Hydrothermal,O
2099,7,HighPreactor,Hydrothermal,O
2099,8,BR,Hydrothermal,O
2099,9,-,Hydrothermal,O
2099,10,100,Hydrothermal,O
2099,11,",",Hydrothermal,O
2099,12,Berghof,Hydrothermal,O
2099,13,",",Hydrothermal,O
2099,14,Germany,Hydrothermal,O
2099,15,),Hydrothermal,O
2099,16,is,Hydrothermal,O
2099,17,sealed,Hydrothermal,Non-altering
2099,18,",",Hydrothermal,O
2099,19,heated,Hydrothermal,Heating
2099,20,to,Hydrothermal,O
2099,21,140,Hydrothermal,O
2099,22,°,Hydrothermal,O
2099,23,C,Hydrothermal,O
2099,24,at,Hydrothermal,O
2099,25,2,Hydrothermal,O
2099,26,K,Hydrothermal,O
2099,27,/,Hydrothermal,O
2099,28,min,Hydrothermal,O
2099,29,",",Hydrothermal,O
2099,30,held,Hydrothermal,Reaction
2099,31,at,Hydrothermal,O
2099,32,140,Hydrothermal,O
2099,33,°,Hydrothermal,O
2099,34,C,Hydrothermal,O
2099,35,for,Hydrothermal,O
2099,36,10,Hydrothermal,O
2099,37,h,Hydrothermal,O
2099,38,and,Hydrothermal,O
2099,39,passively,Hydrothermal,Cooling
2099,40,cooled,Hydrothermal,Cooling
2099,41,down,Hydrothermal,O
2099,42,to,Hydrothermal,O
2099,43,RT,Hydrothermal,O
2099,44,overnight,Hydrothermal,O
2099,45,.,Hydrothermal,O
2112,0,The,Solid-State,O
2112,1,stoichiometric,Solid-State,O
2112,2,amount,Solid-State,O
2112,3,of,Solid-State,O
2112,4,the,Solid-State,O
2112,5,required,Solid-State,O
2112,6,constituent,Solid-State,O
2112,7,materials,Solid-State,O
2112,8,Dy2O3,Solid-State,O
2112,9,",",Solid-State,O
2112,10,BaCO3,Solid-State,O
2112,11,",",Solid-State,O
2112,12,CuO,Solid-State,O
2112,13,",",Solid-State,O
2112,14,Pr6O11,Solid-State,O
2112,15,",",Solid-State,O
2112,16,Fe,Solid-State,O
2112,17,2O3,Solid-State,O
2112,18,",",Solid-State,O
2112,19,Co3O4,Solid-State,O
2112,20,",",Solid-State,O
2112,21,NiO,Solid-State,O
2112,22,",",Solid-State,O
2112,23,and,Solid-State,O
2112,24,ZnO,Solid-State,O
2112,25,were,Solid-State,O
2112,26,ground,Solid-State,Mixing
2112,27,in,Solid-State,O
2112,28,an,Solid-State,O
2112,29,agate,Solid-State,O
2112,30,mortar,Solid-State,O
2112,31,and,Solid-State,O
2112,32,then,Solid-State,O
2112,33,calcined,Solid-State,Heating
2112,34,in,Solid-State,O
2112,35,air,Solid-State,O
2112,36,at,Solid-State,O
2112,37,930,Solid-State,O
2112,38,°,Solid-State,O
2112,39,C,Solid-State,O
2112,40,for,Solid-State,O
2112,41,12,Solid-State,O
2112,42,h,Solid-State,O
2112,43,.,Solid-State,O
1175,0,The,Solid-State,O
1175,1,starting,Solid-State,O
1175,2,materials,Solid-State,O
1175,3,were,Solid-State,O
1175,4,analytical,Solid-State,O
1175,5,-,Solid-State,O
1175,6,grade,Solid-State,O
1175,7,SrCO3,Solid-State,O
1175,8,(,Solid-State,O
1175,9,A.R.,Solid-State,O
1175,10,99.9,Solid-State,O
1175,11,%,Solid-State,O
1175,12,),Solid-State,O
1175,13,",",Solid-State,O
1175,14,(NH4)2HPO4,Solid-State,O
1175,15,(,Solid-State,O
1175,16,A.R.,Solid-State,O
1175,17,99.9,Solid-State,O
1175,18,%,Solid-State,O
1175,19,),Solid-State,O
1175,20,",",Solid-State,O
1175,21,H3BO3,Solid-State,O
1175,22,(,Solid-State,O
1175,23,A.R.,Solid-State,O
1175,24,99.9,Solid-State,O
1175,25,%,Solid-State,O
1175,26,),Solid-State,O
1175,27,",",Solid-State,O
1175,28,MnCO3,Solid-State,O
1175,29,(,Solid-State,O
1175,30,A.R.,Solid-State,O
1175,31,99.9,Solid-State,O
1175,32,%,Solid-State,O
1175,33,),Solid-State,O
1175,34,",",Solid-State,O
1175,35,Eu2O3,Solid-State,O
1175,36,(,Solid-State,O
1175,37,A.R.,Solid-State,O
1175,38,99.99,Solid-State,O
1175,39,%,Solid-State,O
1175,40,),Solid-State,O
1175,41,and,Solid-State,O
1175,42,Tb4O7,Solid-State,O
1175,43,(,Solid-State,O
1175,44,A.R.,Solid-State,O
1175,45,99.99,Solid-State,O
1175,46,%,Solid-State,O
1175,47,),Solid-State,O
1175,48,.,Solid-State,O
1163,0,The,Solid-State,O
1163,1,constituting,Solid-State,O
1163,2,metal,Solid-State,O
1163,3,nitrates,Solid-State,O
1163,4,or,Solid-State,O
1163,5,acetates,Solid-State,O
1163,6,were,Solid-State,O
1163,7,dissolved,Solid-State,Mixing
1163,8,in,Solid-State,O
1163,9,water,Solid-State,O
1163,10,.,Solid-State,O
1887,0,It,Hydrothermal,O
1887,1,was,Hydrothermal,O
1887,2,placed,Hydrothermal,Heating
1887,3,in,Hydrothermal,O
1887,4,a,Hydrothermal,O
1887,5,preheated,Hydrothermal,O
1887,6,oven,Hydrothermal,O
1887,7,at,Hydrothermal,O
1887,8,140,Hydrothermal,O
1887,9,°,Hydrothermal,O
1887,10,C,Hydrothermal,O
1887,11,",",Hydrothermal,O
1887,12,and,Hydrothermal,O
1887,13,the,Hydrothermal,O
1887,14,mixture,Hydrothermal,O
1887,15,was,Hydrothermal,O
1887,16,allowed,Hydrothermal,O
1887,17,to,Hydrothermal,O
1887,18,react,Hydrothermal,Reaction
1887,19,under,Hydrothermal,O
1887,20,air,Hydrothermal,O
1887,21,-,Hydrothermal,O
1887,22,tight,Hydrothermal,O
1887,23,conditions,Hydrothermal,O
1887,24,.,Hydrothermal,O
2501,0,13,Solid-State,O
2501,1,These,Solid-State,O
2501,2,starting,Solid-State,O
2501,3,materials,Solid-State,O
2501,4,were,Solid-State,O
2501,5,mixed,Solid-State,Mixing
2501,6,using,Solid-State,O
2501,7,a,Solid-State,O
2501,8,mortar,Solid-State,O
2501,9,and,Solid-State,O
2501,10,pestle,Solid-State,O
2501,11,",",Solid-State,O
2501,12,and,Solid-State,O
2501,13,then,Solid-State,O
2501,14,pressed,Solid-State,Shaping
2501,15,into,Solid-State,O
2501,16,a,Solid-State,O
2501,17,pellet,Solid-State,O
2501,18,.,Solid-State,O
2433,0,For,Solid-State,O
2433,1,samples,Solid-State,O
2433,2,annealed,Solid-State,Heating
2433,3,between,Solid-State,O
2433,4,1150,Solid-State,O
2433,5,and,Solid-State,O
2433,6,1250,Solid-State,O
2433,7,°,Solid-State,O
2433,8,C,Solid-State,O
2433,9,",",Solid-State,O
2433,10,an,Solid-State,O
2433,11,air,Solid-State,O
2433,12,furnace,Solid-State,O
2433,13,was,Solid-State,O
2433,14,used,Solid-State,O
2433,15,that,Solid-State,O
2433,16,allowed,Solid-State,O
2433,17,annealing,Solid-State,O
2433,18,times,Solid-State,O
2433,19,of,Solid-State,O
2433,20,up,Solid-State,O
2433,21,to,Solid-State,O
2433,22,100,Solid-State,O
2433,23,h,Solid-State,O
2433,24,in,Solid-State,O
2433,25,the,Solid-State,O
2433,26,low,Solid-State,O
2433,27,-,Solid-State,O
2433,28,temperature,Solid-State,O
2433,29,range,Solid-State,O
2433,30,.,Solid-State,O
848,0,Mechanical,Solid-State,O
848,1,alloying,Solid-State,Mixing
848,2,was,Solid-State,O
848,3,performed,Solid-State,O
848,4,for,Solid-State,O
848,5,several,Solid-State,O
848,6,different,Solid-State,O
848,7,processing,Solid-State,O
848,8,times,Solid-State,O
848,9,from,Solid-State,O
848,10,1,Solid-State,O
848,11,to,Solid-State,O
848,12,24,Solid-State,O
848,13,h,Solid-State,O
848,14,to,Solid-State,O
848,15,study,Solid-State,O
848,16,the,Solid-State,O
848,17,structural,Solid-State,O
848,18,evolution,Solid-State,O
848,19,during,Solid-State,O
848,20,alloying,Solid-State,O
848,21,process,Solid-State,O
848,22,.,Solid-State,O
1228,0,In,Precipitation,O
1228,1,order,Precipitation,O
1228,2,to,Precipitation,O
1228,3,coat,Precipitation,O
1228,4,walls,Precipitation,O
1228,5,of,Precipitation,O
1228,6,the,Precipitation,O
1228,7,Cu2O,Precipitation,O
1228,8,with,Precipitation,O
1228,9,different,Precipitation,O
1228,10,densities,Precipitation,O
1228,11,of,Precipitation,O
1228,12,Ag,Precipitation,O
1228,13,",",Precipitation,O
1228,14,AgNO3,Precipitation,O
1228,15,was,Precipitation,O
1228,16,directly,Precipitation,O
1228,17,added,Precipitation,Mixing
1228,18,into,Precipitation,O
1228,19,the,Precipitation,O
1228,20,the,Precipitation,O
1228,21,14,Precipitation,O
1228,22,day,Precipitation,O
1228,23,old,Precipitation,O
1228,24,Cu2O,Precipitation,O
1228,25,-,Precipitation,O
1228,26,containing,Precipitation,O
1228,27,mother,Precipitation,O
1228,28,solution,Precipitation,O
1228,29,with,Precipitation,O
1228,30,vigorous,Precipitation,O
1228,31,stirring,Precipitation,Mixing
1228,32,for,Precipitation,O
1228,33,20,Precipitation,O
1228,34,min,Precipitation,O
1228,35,.,Precipitation,O
8,0,Polycrystalline,Solid-State,O
8,1,samples,Solid-State,O
8,2,of,Solid-State,O
8,3,CaMnO3,Solid-State,O
8,4,and,Solid-State,O
8,5,PrMnO3,Solid-State,O
8,6,were,Solid-State,O
8,7,prepared,Solid-State,Starting
8,8,by.,Solid-State,O
8,9,solid,Solid-State,O
8,10,state,Solid-State,O
8,11,reaction,Solid-State,O
8,12,method,Solid-State,O
8,13,using,Solid-State,O
8,14,powders,Solid-State,O
8,15,of,Solid-State,O
8,16,CaCO3,Solid-State,O
8,17,",",Solid-State,O
8,18,Pr6O11,Solid-State,O
8,19,",",Solid-State,O
8,20,and,Solid-State,O
8,21,MnO2,Solid-State,O
8,22,",",Solid-State,O
8,23,each,Solid-State,O
8,24,of,Solid-State,O
8,25,minimum,Solid-State,O
8,26,99.5,Solid-State,O
8,27,%,Solid-State,O
8,28,purity,Solid-State,O
8,29,.,Solid-State,O
3003,0,After,Sol-Gel,O
3003,1,homogenization,Sol-Gel,Mixing
3003,2,of,Sol-Gel,O
3003,3,the,Sol-Gel,O
3003,4,solution,Sol-Gel,O
3003,5,",",Sol-Gel,O
3003,6,the,Sol-Gel,O
3003,7,temperature,Sol-Gel,O
3003,8,was,Sol-Gel,O
3003,9,increased,Sol-Gel,Heating
3003,10,to,Sol-Gel,O
3003,11,80,Sol-Gel,O
3003,12,°,Sol-Gel,O
3003,13,C,Sol-Gel,O
3003,14,and,Sol-Gel,O
3003,15,maintained,Sol-Gel,Reaction
3003,16,under,Sol-Gel,O
3003,17,stirring,Sol-Gel,Mixing
3003,18,for,Sol-Gel,O
3003,19,12,Sol-Gel,O
3003,20,h,Sol-Gel,O
3003,21,.,Sol-Gel,O
1335,0,The,Hydrothermal,O
1335,1,amount,Hydrothermal,O
1335,2,of,Hydrothermal,O
1335,3,Zn,Hydrothermal,O
1335,4,in,Hydrothermal,O
1335,5,the,Hydrothermal,O
1335,6,coating,Hydrothermal,O
1335,7,solution,Hydrothermal,O
1335,8,corresponds,Hydrothermal,O
1335,9,to,Hydrothermal,O
1335,10,2,Hydrothermal,O
1335,11,–,Hydrothermal,O
1335,12,20wt,Hydrothermal,O
1335,13,%,Hydrothermal,O
1335,14,of,Hydrothermal,O
1335,15,the,Hydrothermal,O
1335,16,Li1.05Al0.1Mn1.85O3.95F0.05,Hydrothermal,O
1335,17,powders,Hydrothermal,O
1335,18,in,Hydrothermal,O
1335,19,weight,Hydrothermal,O
1335,20,.,Hydrothermal,O
2953,0,Triton,Hydrothermal,O
2953,1,X-100,Hydrothermal,O
2953,2,(,Hydrothermal,O
2953,3,0.25,Hydrothermal,O
2953,4,g,Hydrothermal,O
2953,5,),Hydrothermal,O
2953,6,was,Hydrothermal,O
2953,7,added,Hydrothermal,Mixing
2953,8,to,Hydrothermal,O
2953,9,the,Hydrothermal,O
2953,10,dispersion,Hydrothermal,O
2953,11,and,Hydrothermal,O
2953,12,dissolved,Hydrothermal,Mixing
2953,13,by,Hydrothermal,O
2953,14,stirring,Hydrothermal,O
2953,15,.,Hydrothermal,O
1934,0,After,Solid-State,O
1934,1,all,Solid-State,O
1934,2,the,Solid-State,O
1934,3,ingredients,Solid-State,O
1934,4,have,Solid-State,O
1934,5,been,Solid-State,O
1934,6,thoroughly,Solid-State,O
1934,7,homogenized,Solid-State,Mixing
1934,8,(,Solid-State,O
1934,9,all,Solid-State,O
1934,10,grinding,Solid-State,Mixing
1934,11,was,Solid-State,O
1934,12,performed,Solid-State,O
1934,13,using,Solid-State,O
1934,14,an,Solid-State,O
1934,15,agate,Solid-State,O
1934,16,pestle,Solid-State,O
1934,17,and,Solid-State,O
1934,18,mortar,Solid-State,O
1934,19,),Solid-State,O
1934,20,",",Solid-State,O
1934,21,the,Solid-State,O
1934,22,mixture,Solid-State,O
1934,23,was,Solid-State,O
1934,24,fired,Solid-State,Heating
1934,25,in,Solid-State,O
1934,26,alumina,Solid-State,O
1934,27,crucibles,Solid-State,O
1934,28,for,Solid-State,O
1934,29,6,Solid-State,O
1934,30,h,Solid-State,O
1934,31,at,Solid-State,O
1934,32,1250,Solid-State,O
1934,33,°,Solid-State,O
1934,34,C,Solid-State,O
1934,35,in,Solid-State,O
1934,36,air,Solid-State,O
1934,37,.,Solid-State,O
749,0,After,Sol-Gel,O
749,1,pre-sintering,Sol-Gel,Heating
749,2,the,Sol-Gel,O
749,3,support,Sol-Gel,O
749,4,at,Sol-Gel,O
749,5,1100,Sol-Gel,O
749,6,°,Sol-Gel,O
749,7,C,Sol-Gel,O
749,8,for,Sol-Gel,O
749,9,10,Sol-Gel,O
749,10,h,Sol-Gel,O
749,11,",",Sol-Gel,O
749,12,SrZr0.2Ce0.8-xEuxO3-δ,Sol-Gel,O
749,13,(,Sol-Gel,O
749,14,x,Sol-Gel,O
749,15,=,Sol-Gel,O
749,16,0.1,Sol-Gel,O
749,17,and,Sol-Gel,O
749,18,0.15,Sol-Gel,O
749,19,),Sol-Gel,O
749,20,was,Sol-Gel,O
749,21,coated,Sol-Gel,Non-altering
749,22,inside,Sol-Gel,O
749,23,the,Sol-Gel,O
749,24,support,Sol-Gel,O
749,25,by,Sol-Gel,O
749,26,slurry,Sol-Gel,O
749,27,coating,Sol-Gel,O
749,28,.,Sol-Gel,O
460,0,Then,Hydrothermal,O
460,1,",",Hydrothermal,O
460,2,appropriate,Hydrothermal,O
460,3,amount,Hydrothermal,O
460,4,of,Hydrothermal,O
460,5,Na2WO4·2H2O,Hydrothermal,O
460,6,aqueous,Hydrothermal,O
460,7,solution,Hydrothermal,O
460,8,was,Hydrothermal,O
460,9,mixed,Hydrothermal,Mixing
460,10,with,Hydrothermal,O
460,11,the,Hydrothermal,O
460,12,above,Hydrothermal,O
460,13,solution,Hydrothermal,O
460,14,and,Hydrothermal,O
460,15,stirred,Hydrothermal,Mixing
460,16,constantly,Hydrothermal,O
460,17,to,Hydrothermal,O
460,18,form,Hydrothermal,O
460,19,a,Hydrothermal,O
460,20,homogeneous,Hydrothermal,O
460,21,solution,Hydrothermal,O
460,22,.,Hydrothermal,O
223,0,The,Precipitation,O
223,1,precipitation,Precipitation,O
223,2,was,Precipitation,O
223,3,carried,Precipitation,O
223,4,out,Precipitation,O
223,5,by,Precipitation,O
223,6,adding,Precipitation,Mixing
223,7,sodium,Precipitation,O
223,8,carbonate,Precipitation,O
223,9,(,Precipitation,O
223,10,0.25,Precipitation,O
223,11,M,Precipitation,O
223,12,),Precipitation,O
223,13,to,Precipitation,O
223,14,the,Precipitation,O
223,15,Zn(NO3)2·6H2O,Precipitation,O
223,16,(,Precipitation,O
223,17,0.3,Precipitation,O
223,18,M,Precipitation,O
223,19,",",Precipitation,O
223,20,82,Precipitation,O
223,21,mL,Precipitation,O
223,22,),Precipitation,O
223,23,solution,Precipitation,O
223,24,and,Precipitation,O
223,25,an,Precipitation,O
223,26,ammonia,Precipitation,O
223,27,solution,Precipitation,O
223,28,(,Precipitation,O
223,29,25,Precipitation,O
223,30,%,Precipitation,O
223,31,),Precipitation,O
223,32,to,Precipitation,O
223,33,the,Precipitation,O
223,34,Ce(NO3)3·6H2O,Precipitation,O
223,35,solution,Precipitation,O
223,36,(,Precipitation,O
223,37,0.3,Precipitation,O
223,38,M,Precipitation,O
223,39,",",Precipitation,O
223,40,39,Precipitation,O
223,41,mL,Precipitation,O
223,42,),Precipitation,O
223,43,at,Precipitation,O
223,44,70,Precipitation,O
223,45,°,Precipitation,O
223,46,C,Precipitation,O
223,47,under,Precipitation,O
223,48,vigorous,Precipitation,O
223,49,stirring,Precipitation,Mixing
223,50,until,Precipitation,O
223,51,the,Precipitation,O
223,52,pH,Precipitation,O
223,53,of,Precipitation,O
223,54,the,Precipitation,O
223,55,mixture,Precipitation,O
223,56,was,Precipitation,O
223,57,8,Precipitation,O
223,58,.,Precipitation,O
513,0,The,Precipitation,O
513,1,dark,Precipitation,O
513,2,red,Precipitation,O
513,3,magenta,Precipitation,O
513,4,solution,Precipitation,O
513,5,was,Precipitation,O
513,6,added,Precipitation,Mixing
513,7,of,Precipitation,O
513,8,excess,Precipitation,O
513,9,Meim,Precipitation,O
513,10,",",Precipitation,O
513,11,50,Precipitation,O
513,12,mg,Precipitation,O
513,13,(,Precipitation,O
513,14,0.6,Precipitation,O
513,15,mmol,Precipitation,O
513,16,),Precipitation,O
513,17,.,Precipitation,O
696,0,When,Precipitation,O
696,1,its,Precipitation,O
696,2,colour,Precipitation,O
696,3,changed,Precipitation,O
696,4,from,Precipitation,O
696,5,white,Precipitation,O
696,6,to,Precipitation,O
696,7,reddish,Precipitation,O
696,8,brown,Precipitation,O
696,9,",",Precipitation,O
696,10,the,Precipitation,O
696,11,suspension,Precipitation,O
696,12,was,Precipitation,O
696,13,centrifuged,Precipitation,Purification
696,14,at,Precipitation,O
696,15,10000,Precipitation,O
696,16,rpm,Precipitation,O
696,17,and,Precipitation,O
696,18,washed,Precipitation,Purification
696,19,several,Precipitation,O
696,20,times,Precipitation,O
696,21,with,Precipitation,O
696,22,deionized,Precipitation,O
696,23,water,Precipitation,O
696,24,.,Precipitation,O
428,0,The,Hydrothermal,O
428,1,mixture,Hydrothermal,O
428,2,was,Hydrothermal,O
428,3,then,Hydrothermal,O
428,4,extracted,Hydrothermal,Purification
428,5,with,Hydrothermal,O
428,6,EtOAc,Hydrothermal,O
428,7,.,Hydrothermal,O
1532,0,A,Sol-Gel,O
1532,1,Series,Sol-Gel,O
1532,2,of,Sol-Gel,O
1532,3,SrIn2O4,Sol-Gel,O
1532,4,:,Sol-Gel,O
1532,5,Eu3+,Sol-Gel,O
1532,6,",",Sol-Gel,O
1532,7,Sm3+,Sol-Gel,O
1532,8,samples,Sol-Gel,O
1532,9,with,Sol-Gel,O
1532,10,different,Sol-Gel,O
1532,11,molar,Sol-Gel,O
1532,12,concentration,Sol-Gel,O
1532,13,of,Sol-Gel,O
1532,14,Eu3+,Sol-Gel,O
1532,15,(,Sol-Gel,O
1532,16,m,Sol-Gel,O
1532,17,),Sol-Gel,O
1532,18,and,Sol-Gel,O
1532,19,Sm3+,Sol-Gel,O
1532,20,(,Sol-Gel,O
1532,21,n,Sol-Gel,O
1532,22,),Sol-Gel,O
1532,23,were,Sol-Gel,O
1532,24,synthesized,Sol-Gel,Starting
1532,25,by,Sol-Gel,O
1532,26,the,Sol-Gel,O
1532,27,combustion,Sol-Gel,O
1532,28,method,Sol-Gel,O
1532,29,.,Sol-Gel,O
355,0,After,Hydrothermal,O
355,1,stirring,Hydrothermal,Mixing
355,2,well,Hydrothermal,O
355,3,",",Hydrothermal,O
355,4,the,Hydrothermal,O
355,5,mixture,Hydrothermal,O
355,6,was,Hydrothermal,O
355,7,transferred,Hydrothermal,Non-altering
355,8,into,Hydrothermal,O
355,9,a,Hydrothermal,O
355,10,100,Hydrothermal,O
355,11,mL,Hydrothermal,O
355,12,Teflon,Hydrothermal,O
355,13,-,Hydrothermal,O
355,14,lined,Hydrothermal,O
355,15,stainless,Hydrothermal,O
355,16,steel,Hydrothermal,O
355,17,autoclave,Hydrothermal,O
355,18,in,Hydrothermal,O
355,19,which,Hydrothermal,O
355,20,two,Hydrothermal,O
355,21,pieces,Hydrothermal,O
355,22,of,Hydrothermal,O
355,23,ultrasonic,Hydrothermal,O
355,24,cleaned,Hydrothermal,O
355,25,FTO,Hydrothermal,O
355,26,glass,Hydrothermal,O
355,27,(,Hydrothermal,O
355,28,fluorine,Hydrothermal,O
355,29,doped,Hydrothermal,O
355,30,SnO2,Hydrothermal,O
355,31,",",Hydrothermal,O
355,32,14Ω,Hydrothermal,O
355,33,/,Hydrothermal,O
355,34,sq,Hydrothermal,O
355,35,",",Hydrothermal,O
355,36,Asahi,Hydrothermal,O
355,37,),Hydrothermal,O
355,38,were,Hydrothermal,O
355,39,placed,Hydrothermal,O
355,40,.,Hydrothermal,O
404,0,If,Solid-State,O
404,1,ignited,Solid-State,O
404,2,",",Solid-State,O
404,3,the,Solid-State,O
404,4,dried,Solid-State,Purification
404,5,gel,Solid-State,O
404,6,burned,Solid-State,O
404,7,completely,Solid-State,O
404,8,to,Solid-State,O
404,9,a,Solid-State,O
404,10,loose,Solid-State,O
404,11,powder,Solid-State,O
404,12,.,Solid-State,O
22,0,A,Precipitation,O
22,1,solution,Precipitation,O
22,2,of,Precipitation,O
22,3,absolute,Precipitation,O
22,4,ethanol,Precipitation,O
22,5,(,Precipitation,O
22,6,50,Precipitation,O
22,7,mL,Precipitation,O
22,8,),Precipitation,O
22,9,and,Precipitation,O
22,10,sodium,Precipitation,O
22,11,hydroxide,Precipitation,O
22,12,0.72,Precipitation,O
22,13,g,Precipitation,O
22,14,(,Precipitation,O
22,15,0.018,Precipitation,O
22,16,mol,Precipitation,O
22,17,),Precipitation,O
22,18,was,Precipitation,O
22,19,reacted,Precipitation,Reaction
22,20,with,Precipitation,O
22,21,3.22,Precipitation,O
22,22,g,Precipitation,O
22,23,(,Precipitation,O
22,24,0.018,Precipitation,O
22,25,mol,Precipitation,O
22,26,),Precipitation,O
22,27,of,Precipitation,O
22,28,commercially,Precipitation,O
22,29,available,Precipitation,O
22,30,"endo-N-hydroxy-5-norbornene-2,3-dicarboximide",Precipitation,O
22,31,(,Precipitation,O
22,32,7,Precipitation,O
22,33,),Precipitation,O
22,34,and,Precipitation,O
22,35,2.58,Precipitation,O
22,36,g,Precipitation,O
22,37,(,Precipitation,O
22,38,0.018,Precipitation,O
22,39,mol,Precipitation,O
22,40,),Precipitation,O
22,41,of,Precipitation,O
22,42,1-bromo-2-chloroethane,Precipitation,O
22,43,or,Precipitation,O
22,44,1-bromo-3-chloropropane,Precipitation,O
22,45,at,Precipitation,O
22,46,70,Precipitation,O
22,47,°,Precipitation,O
22,48,C,Precipitation,O
22,49,for,Precipitation,O
22,50,24,Precipitation,O
22,51,h,Precipitation,O
22,52,.,Precipitation,O
55,0,All,Solid-State,O
55,1,the,Solid-State,O
55,2,electrodes,Solid-State,O
55,3,and,Solid-State,O
55,4,interlayer,Solid-State,O
55,5,powders,Solid-State,O
55,6,were,Solid-State,O
55,7,mixed,Solid-State,Mixing
55,8,with,Solid-State,O
55,9,an,Solid-State,O
55,10,organic,Solid-State,O
55,11,binder,Solid-State,O
55,12,(,Solid-State,O
55,13,Heraeus,Solid-State,O
55,14,V006,Solid-State,O
55,15,),Solid-State,O
55,16,to,Solid-State,O
55,17,form,Solid-State,O
55,18,slurries,Solid-State,O
55,19,for,Solid-State,O
55,20,screen,Solid-State,O
55,21,printing,Solid-State,O
55,22,.,Solid-State,O
1516,0,The,Precipitation,O
1516,1,prepared,Precipitation,O
1516,2,solution,Precipitation,O
1516,3,was,Precipitation,O
1516,4,titrated,Precipitation,Mixing
1516,5,together,Precipitation,O
1516,6,with,Precipitation,O
1516,7,CTAB,Precipitation,O
1516,8,and,Precipitation,O
1516,9,3.0,Precipitation,O
1516,10,M,Precipitation,O
1516,11,HNO3,Precipitation,O
1516,12,containing,Precipitation,O
1516,13,dissolved,Precipitation,O
1516,14,metal,Precipitation,O
1516,15,salts,Precipitation,O
1516,16,in,Precipitation,O
1516,17,the,Precipitation,O
1516,18,required,Precipitation,O
1516,19,quantity,Precipitation,O
1516,20,[,Precipitation,O
1516,21,RuCl3,Precipitation,O
1516,22,(,Precipitation,O
1516,23,5,Precipitation,O
1516,24,wt,Precipitation,O
1516,25,%,Precipitation,O
1516,26,Ru,Precipitation,O
1516,27,),Precipitation,O
1516,28,and,Precipitation,O
1516,29,Ce(NO3)3·6H2O,Precipitation,O
1516,30,(,Precipitation,O
1516,31,10,Precipitation,O
1516,32,wt,Precipitation,O
1516,33,%,Precipitation,O
1516,34,Ce,Precipitation,O
1516,35,),Precipitation,O
1516,36,],Precipitation,O
1516,37,at,Precipitation,O
1516,38,constant,Precipitation,O
1516,39,stirring,Precipitation,Mixing
1516,40,and,Precipitation,O
1516,41,the,Precipitation,O
1516,42,pH,Precipitation,O
1516,43,maintained,Precipitation,O
1516,44,around,Precipitation,O
1516,45,3,Precipitation,O
1516,46,.,Precipitation,O
2180,0,The,Hydrothermal,O
2180,1,obtained,Hydrothermal,O
2180,2,product,Hydrothermal,O
2180,3,was,Hydrothermal,O
2180,4,collected,Hydrothermal,Purification
2180,5,by,Hydrothermal,O
2180,6,centrifugation,Hydrothermal,O
2180,7,",",Hydrothermal,O
2180,8,washed,Hydrothermal,Purification
2180,9,several,Hydrothermal,O
2180,10,times,Hydrothermal,O
2180,11,with,Hydrothermal,O
2180,12,ethanol,Hydrothermal,O
2180,13,and,Hydrothermal,O
2180,14,deionized,Hydrothermal,O
2180,15,water,Hydrothermal,O
2180,16,and,Hydrothermal,O
2180,17,dried,Hydrothermal,Purification
2180,18,in,Hydrothermal,O
2180,19,oven,Hydrothermal,O
2180,20,at,Hydrothermal,O
2180,21,80,Hydrothermal,O
2180,22,°,Hydrothermal,O
2180,23,C,Hydrothermal,O
2180,24,.,Hydrothermal,O
1567,0,Column,Hydrothermal,O
1567,1,chromatography,Hydrothermal,O
1567,2,(,Hydrothermal,O
1567,3,eluents,Hydrothermal,O
1567,4,:,Hydrothermal,O
1567,5,heptane,Hydrothermal,O
1567,6,–,Hydrothermal,O
1567,7,dichloromethane,Hydrothermal,O
1567,8,),Hydrothermal,O
1567,9,was,Hydrothermal,O
1567,10,used,Hydrothermal,O
1567,11,to,Hydrothermal,O
1567,12,purify,Hydrothermal,Purification
1567,13,the,Hydrothermal,O
1567,14,desired,Hydrothermal,O
1567,15,dialkynylpyridines,Hydrothermal,O
1567,16,.,Hydrothermal,O
1522,0,The,Solid-State,O
1522,1,pre-sintered,Solid-State,Heating
1522,2,cakes,Solid-State,O
1522,3,removed,Solid-State,O
1522,4,from,Solid-State,O
1522,5,the,Solid-State,O
1522,6,furnace,Solid-State,O
1522,7,were,Solid-State,O
1522,8,crushed,Solid-State,Mixing
1522,9,and,Solid-State,O
1522,10,ball,Solid-State,Mixing
1522,11,milled,Solid-State,Mixing
1522,12,in,Solid-State,O
1522,13,an,Solid-State,O
1522,14,aqueous,Solid-State,O
1522,15,medium,Solid-State,O
1522,16,in,Solid-State,O
1522,17,agate,Solid-State,O
1522,18,bowls,Solid-State,O
1522,19,with,Solid-State,O
1522,20,agate,Solid-State,O
1522,21,balls,Solid-State,O
1522,22,for,Solid-State,O
1522,23,another,Solid-State,O
1522,24,30h,Solid-State,O
1522,25,to,Solid-State,O
1522,26,obtain,Solid-State,O
1522,27,fine,Solid-State,O
1522,28,particle,Solid-State,O
1522,29,size,Solid-State,O
1522,30,.,Solid-State,O
1582,0,The,Solid-State,O
1582,1,starting,Solid-State,O
1582,2,Zn2TiO4,Solid-State,O
1582,3,powders,Solid-State,O
1582,4,were,Solid-State,O
1582,5,prepared,Solid-State,Starting
1582,6,by,Solid-State,O
1582,7,calcining,Solid-State,Heating
1582,8,stoichiometric,Solid-State,O
1582,9,amounts,Solid-State,O
1582,10,of,Solid-State,O
1582,11,ZnO,Solid-State,O
1582,12,(,Solid-State,O
1582,13,Alfa,Solid-State,O
1582,14,Aesar,Solid-State,O
1582,15,99.99,Solid-State,O
1582,16,%,Solid-State,O
1582,17,),Solid-State,O
1582,18,and,Solid-State,O
1582,19,TiO2,Solid-State,O
1582,20,(,Solid-State,O
1582,21,Alfa,Solid-State,O
1582,22,Aesar,Solid-State,O
1582,23,99.99,Solid-State,O
1582,24,%,Solid-State,O
1582,25,),Solid-State,O
1582,26,at,Solid-State,O
1582,27,1473,Solid-State,O
1582,28,K,Solid-State,O
1582,29,for,Solid-State,O
1582,30,20,Solid-State,O
1582,31,h,Solid-State,O
1582,32,with,Solid-State,O
1582,33,intermediate,Solid-State,O
1582,34,grinding,Solid-State,Mixing
1582,35,.,Solid-State,O
898,0,Appropriate,Solid-State,O
898,1,amounts,Solid-State,O
898,2,of,Solid-State,O
898,3,powders,Solid-State,O
898,4,were,Solid-State,O
898,5,weighed,Solid-State,O
898,6,out,Solid-State,O
898,7,and,Solid-State,O
898,8,milled,Solid-State,Mixing
898,9,in,Solid-State,O
898,10,an,Solid-State,O
898,11,agate,Solid-State,O
898,12,bowl,Solid-State,O
898,13,using,Solid-State,O
898,14,Al2O3,Solid-State,O
898,15,balls,Solid-State,O
898,16,.,Solid-State,O
1019,0,Crystalline,Solid-State,O
1019,1,BSCF5582,Solid-State,O
1019,2,sample,Solid-State,O
1019,3,was,Solid-State,O
1019,4,prepared,Solid-State,Starting
1019,5,solid,Solid-State,O
1019,6,state,Solid-State,O
1019,7,synthesis,Solid-State,O
1019,8,method,Solid-State,O
1019,9,as,Solid-State,O
1019,10,reported,Solid-State,O
1019,11,earlier,Solid-State,O
1019,12,.,Solid-State,O
2000,0,Three,Precipitation,O
2000,1,different,Precipitation,O
2000,2,molar,Precipitation,O
2000,3,ratios,Precipitation,O
2000,4,",",Precipitation,O
2000,5,2,Precipitation,O
2000,6,:,Precipitation,O
2000,7,1,Precipitation,O
2000,8,",",Precipitation,O
2000,9,1,Precipitation,O
2000,10,:,Precipitation,O
2000,11,1,Precipitation,O
2000,12,and,Precipitation,O
2000,13,1,Precipitation,O
2000,14,:,Precipitation,O
2000,15,2,Precipitation,O
2000,16,of,Precipitation,O
2000,17,AgxMn8O16-y,Precipitation,O
2000,18,to,Precipitation,O
2000,19,Ag2O,Precipitation,O
2000,20,were,Precipitation,O
2000,21,prepared,Precipitation,Starting
2000,22,with,Precipitation,O
2000,23,1,Precipitation,O
2000,24,:,Precipitation,O
2000,25,1,Precipitation,O
2000,26,",",Precipitation,O
2000,27,1,Precipitation,O
2000,28,:,Precipitation,O
2000,29,2,Precipitation,O
2000,30,and,Precipitation,O
2000,31,1,Precipitation,O
2000,32,:,Precipitation,O
2000,33,4,Precipitation,O
2000,34,molar,Precipitation,O
2000,35,ratios,Precipitation,O
2000,36,of,Precipitation,O
2000,37,AgxMn8O16-y,Precipitation,O
2000,38,to,Precipitation,O
2000,39,AgNO3,Precipitation,O
2000,40,.,Precipitation,O
2240,0,The,Solid-State,O
2240,1,raw,Solid-State,O
2240,2,materials,Solid-State,O
2240,3,were,Solid-State,O
2240,4,dispersed,Solid-State,Mixing
2240,5,into,Solid-State,O
2240,6,acetone,Solid-State,O
2240,7,and,Solid-State,O
2240,8,then,Solid-State,O
2240,9,ball,Solid-State,Mixing
2240,10,-,Solid-State,Mixing
2240,11,milled,Solid-State,Mixing
2240,12,for,Solid-State,O
2240,13,7h,Solid-State,O
2240,14,in,Solid-State,O
2240,15,a,Solid-State,O
2240,16,planetary,Solid-State,O
2240,17,mill,Solid-State,O
2240,18,.,Solid-State,O
20,0,Hierarchical,Precipitation,O
20,1,α-FeOOH,Precipitation,O
20,2,precursors,Precipitation,O
20,3,with,Precipitation,O
20,4,different,Precipitation,O
20,5,morphology,Precipitation,O
20,6,were,Precipitation,O
20,7,firstly,Precipitation,O
20,8,synthesized,Precipitation,Starting
20,9,using,Precipitation,O
20,10,a,Precipitation,O
20,11,solution,Precipitation,O
20,12,-,Precipitation,O
20,13,based,Precipitation,O
20,14,method,Precipitation,O
20,15,.,Precipitation,O
257,0,First,Solid-State,O
257,1,",",Solid-State,O
257,2,LiCoPO4,Solid-State,O
257,3,was,Solid-State,O
257,4,synthesized,Solid-State,Starting
257,5,by,Solid-State,O
257,6,the,Solid-State,O
257,7,solid,Solid-State,O
257,8,state,Solid-State,O
257,9,reaction,Solid-State,O
257,10,",",Solid-State,O
257,11,as,Solid-State,O
257,12,described,Solid-State,O
257,13,in,Solid-State,O
257,14,our,Solid-State,O
257,15,previous,Solid-State,O
257,16,reports,Solid-State,O
257,17,.,Solid-State,O
479,0,The,Precipitation,O
479,1,yellow,Precipitation,O
479,2,colored,Precipitation,O
479,3,silver,Precipitation,O
479,4,salt,Precipitation,O
479,5,was,Precipitation,O
479,6,washed,Precipitation,Purification
479,7,with,Precipitation,O
479,8,methanol,Precipitation,O
479,9,and,Precipitation,O
479,10,dried,Precipitation,Purification
479,11,in,Precipitation,O
479,12,vacuo,Precipitation,O
479,13,.,Precipitation,O
606,0,After,Hydrothermal,O
606,1,cooling,Hydrothermal,Cooling
606,2,",",Hydrothermal,O
606,3,it,Hydrothermal,O
606,4,was,Hydrothermal,O
606,5,filtered,Hydrothermal,Purification
606,6,",",Hydrothermal,O
606,7,washed,Hydrothermal,Purification
606,8,thoroughly,Hydrothermal,O
606,9,with,Hydrothermal,O
606,10,distilled,Hydrothermal,O
606,11,water,Hydrothermal,O
606,12,and,Hydrothermal,O
606,13,dried,Hydrothermal,Purification
606,14,.,Hydrothermal,O
1060,0,The,Hydrothermal,O
1060,1,final,Hydrothermal,O
1060,2,product,Hydrothermal,O
1060,3,was,Hydrothermal,O
1060,4,then,Hydrothermal,O
1060,5,dried,Hydrothermal,Purification
1060,6,in,Hydrothermal,O
1060,7,a,Hydrothermal,O
1060,8,vacuum,Hydrothermal,O
1060,9,oven,Hydrothermal,O
1060,10,at,Hydrothermal,O
1060,11,room,Hydrothermal,O
1060,12,temperature,Hydrothermal,O
1060,13,for,Hydrothermal,O
1060,14,12,Hydrothermal,O
1060,15,h,Hydrothermal,O
1060,16,.,Hydrothermal,O
2861,0,Stoichiometric,Sol-Gel,O
2861,1,amounts,Sol-Gel,O
2861,2,of,Sol-Gel,O
2861,3,La(NO3)3·6H2O,Sol-Gel,O
2861,4,",",Sol-Gel,O
2861,5,Sr(NO3)2,Sol-Gel,O
2861,6,",",Sol-Gel,O
2861,7,and,Sol-Gel,O
2861,8,Mn(NO3)2,Sol-Gel,O
2861,9,were,Sol-Gel,O
2861,10,dissolved,Sol-Gel,Mixing
2861,11,in,Sol-Gel,O
2861,12,deionized,Sol-Gel,O
2861,13,water,Sol-Gel,O
2861,14,",",Sol-Gel,O
2861,15,and,Sol-Gel,O
2861,16,the,Sol-Gel,O
2861,17,concentration,Sol-Gel,O
2861,18,of,Sol-Gel,O
2861,19,total,Sol-Gel,O
2861,20,metal,Sol-Gel,O
2861,21,ions,Sol-Gel,O
2861,22,(,Sol-Gel,O
2861,23,Mn+,Sol-Gel,O
2861,24,),Sol-Gel,O
2861,25,was,Sol-Gel,O
2861,26,0.5,Sol-Gel,O
2861,27,mol,Sol-Gel,O
2861,28,L-1,Sol-Gel,O
2861,29,.,Sol-Gel,O
1288,0,The,Precipitation,O
1288,1,solution,Precipitation,O
1288,2,mixture,Precipitation,O
1288,3,was,Precipitation,O
1288,4,then,Precipitation,O
1288,5,stirred,Precipitation,Mixing
1288,6,for,Precipitation,O
1288,7,another,Precipitation,O
1288,8,2,Precipitation,O
1288,9,days,Precipitation,O
1288,10,.,Precipitation,O
1681,0,In,Hydrothermal,O
1681,1,a,Hydrothermal,O
1681,2,typical,Hydrothermal,O
1681,3,synthesis,Hydrothermal,O
1681,4,(,Hydrothermal,O
1681,5,sample,Hydrothermal,O
1681,6,S6,Hydrothermal,O
1681,7,in,Hydrothermal,O
1681,8,Table,Hydrothermal,O
1681,9,1,Hydrothermal,O
1681,10,),Hydrothermal,O
1681,11,",",Hydrothermal,O
1681,12,40.0,Hydrothermal,O
1681,13,mL,Hydrothermal,O
1681,14,of,Hydrothermal,O
1681,15,pure,Hydrothermal,O
1681,16,alcohol,Hydrothermal,O
1681,17,(,Hydrothermal,O
1681,18,CH3CH2OH,Hydrothermal,O
1681,19,",",Hydrothermal,O
1681,20,A.R.,Hydrothermal,O
1681,21,",",Hydrothermal,O
1681,22,Sinopharm,Hydrothermal,O
1681,23,Chemical,Hydrothermal,O
1681,24,Reagent,Hydrothermal,O
1681,25,Co.,Hydrothermal,O
1681,26,",",Hydrothermal,O
1681,27,Ltd,Hydrothermal,O
1681,28,),Hydrothermal,O
1681,29,and,Hydrothermal,O
1681,30,12.0,Hydrothermal,O
1681,31,mL,Hydrothermal,O
1681,32,of,Hydrothermal,O
1681,33,ethylene,Hydrothermal,O
1681,34,glycol,Hydrothermal,O
1681,35,(,Hydrothermal,O
1681,36,C2H6O2,Hydrothermal,O
1681,37,",",Hydrothermal,O
1681,38,A.R.,Hydrothermal,O
1681,39,",",Hydrothermal,O
1681,40,Sinopharm,Hydrothermal,O
1681,41,Chemical,Hydrothermal,O
1681,42,Reagent,Hydrothermal,O
1681,43,Co.,Hydrothermal,O
1681,44,",",Hydrothermal,O
1681,45,Ltd,Hydrothermal,O
1681,46,),Hydrothermal,O
1681,47,(,Hydrothermal,O
1681,48,EG,Hydrothermal,O
1681,49,),Hydrothermal,O
1681,50,were,Hydrothermal,O
1681,51,mixed,Hydrothermal,Mixing
1681,52,",",Hydrothermal,O
1681,53,followed,Hydrothermal,O
1681,54,by,Hydrothermal,O
1681,55,the,Hydrothermal,O
1681,56,addition,Hydrothermal,Mixing
1681,57,of,Hydrothermal,O
1681,58,1.00,Hydrothermal,O
1681,59,g,Hydrothermal,O
1681,60,of,Hydrothermal,O
1681,61,copper,Hydrothermal,O
1681,62,nitrate,Hydrothermal,O
1681,63,(,Hydrothermal,O
1681,64,Cu(NO3)2·H2O,Hydrothermal,O
1681,65,",",Hydrothermal,O
1681,66,A.R.,Hydrothermal,O
1681,67,",",Hydrothermal,O
1681,68,Sinopharm,Hydrothermal,O
1681,69,Chemical,Hydrothermal,O
1681,70,Reagent,Hydrothermal,O
1681,71,Co.,Hydrothermal,O
1681,72,",",Hydrothermal,O
1681,73,Ltd,Hydrothermal,O
1681,74,),Hydrothermal,O
1681,75,",",Hydrothermal,O
1681,76,30,Hydrothermal,O
1681,77,mL,Hydrothermal,O
1681,78,of,Hydrothermal,O
1681,79,ammonia,Hydrothermal,O
1681,80,water,Hydrothermal,O
1681,81,(,Hydrothermal,O
1681,82,25,Hydrothermal,O
1681,83,%,Hydrothermal,O
1681,84,),Hydrothermal,O
1681,85,(,Hydrothermal,O
1681,86,NH3·H2O,Hydrothermal,O
1681,87,",",Hydrothermal,O
1681,88,A.R.,Hydrothermal,O
1681,89,",",Hydrothermal,O
1681,90,Sinopharm,Hydrothermal,O
1681,91,Chemical,Hydrothermal,O
1681,92,Reagent,Hydrothermal,O
1681,93,Co.,Hydrothermal,O
1681,94,",",Hydrothermal,O
1681,95,Ltd,Hydrothermal,O
1681,96,),Hydrothermal,O
1681,97,and,Hydrothermal,O
1681,98,10,Hydrothermal,O
1681,99,mL,Hydrothermal,O
1681,100,of,Hydrothermal,O
1681,101,sodium,Hydrothermal,O
1681,102,hydroxide,Hydrothermal,O
1681,103,(,Hydrothermal,O
1681,104,1,Hydrothermal,O
1681,105,mol,Hydrothermal,O
1681,106,L−1,Hydrothermal,O
1681,107,),Hydrothermal,O
1681,108,(,Hydrothermal,O
1681,109,NaOH,Hydrothermal,O
1681,110,",",Hydrothermal,O
1681,111,A.R.,Hydrothermal,O
1681,112,",",Hydrothermal,O
1681,113,Sinopharm,Hydrothermal,O
1681,114,Chemical,Hydrothermal,O
1681,115,Reagent,Hydrothermal,O
1681,116,Co.,Hydrothermal,O
1681,117,",",Hydrothermal,O
1681,118,Ltd,Hydrothermal,O
1681,119,),Hydrothermal,O
1681,120,.,Hydrothermal,O
1460,0,The,Solid-State,O
1460,1,starting,Solid-State,O
1460,2,materials,Solid-State,O
1460,3,were,Solid-State,O
1460,4,analytical,Solid-State,O
1460,5,-,Solid-State,O
1460,6,grade,Solid-State,O
1460,7,CaCO3,Solid-State,O
1460,8,",",Solid-State,O
1460,9,MgO,Solid-State,O
1460,10,",",Solid-State,O
1460,11,ZnO,Solid-State,O
1460,12,",",Solid-State,O
1460,13,MnCO3,Solid-State,O
1460,14,",",Solid-State,O
1460,15,(NH4)2HPO4,Solid-State,O
1460,16,and,Solid-State,O
1460,17,Eu2O3,Solid-State,O
1460,18,(,Solid-State,O
1460,19,4N,Solid-State,O
1460,20,),Solid-State,O
1460,21,.,Solid-State,O
829,0,The,Hydrothermal,O
829,1,reaction,Hydrothermal,O
829,2,mixture,Hydrothermal,O
829,3,was,Hydrothermal,O
829,4,acidified,Hydrothermal,Mixing
829,5,with,Hydrothermal,O
829,6,hydrochloric,Hydrothermal,O
829,7,acid,Hydrothermal,O
829,8,(,Hydrothermal,O
829,9,0.1,Hydrothermal,O
829,10,ml,Hydrothermal,O
829,11,),Hydrothermal,O
829,12,and,Hydrothermal,O
829,13,heated,Hydrothermal,Heating
829,14,under,Hydrothermal,O
829,15,reflux,Hydrothermal,Heating
829,16,for,Hydrothermal,O
829,17,3.5,Hydrothermal,O
829,18,hours,Hydrothermal,O
829,19,.,Hydrothermal,O
685,0,Afterward,Precipitation,O
685,1,",",Precipitation,O
685,2,the,Precipitation,O
685,3,mixture,Precipitation,O
685,4,was,Precipitation,O
685,5,subject,Precipitation,O
685,6,to,Precipitation,O
685,7,ultrasonic,Precipitation,O
685,8,agitation,Precipitation,Mixing
685,9,(,Precipitation,O
685,10,100,Precipitation,O
685,11,W,Precipitation,O
685,12,),Precipitation,O
685,13,at,Precipitation,O
685,14,room,Precipitation,O
685,15,temperature,Precipitation,O
685,16,in,Precipitation,O
685,17,the,Precipitation,O
685,18,open,Precipitation,O
685,19,air,Precipitation,O
685,20,for,Precipitation,O
685,21,several,Precipitation,O
685,22,hours,Precipitation,O
685,23,.,Precipitation,O
1900,0,5,Precipitation,O
1900,1,mL,Precipitation,O
1900,2,of,Precipitation,O
1900,3,an,Precipitation,O
1900,4,acetonitrile,Precipitation,O
1900,5,solution,Precipitation,O
1900,6,of,Precipitation,O
1900,7,"2,4-diamino-6-phenyl-1,3,5-triazine",Precipitation,O
1900,8,(,Precipitation,O
1900,9,18.7,Precipitation,O
1900,10,mg,Precipitation,O
1900,11,",",Precipitation,O
1900,12,0.10,Precipitation,O
1900,13,mmol,Precipitation,O
1900,14,),Precipitation,O
1900,15,was,Precipitation,O
1900,16,mixed,Precipitation,Mixing
1900,17,with,Precipitation,O
1900,18,5,Precipitation,O
1900,19,mL,Precipitation,O
1900,20,of,Precipitation,O
1900,21,a,Precipitation,O
1900,22,distilled,Precipitation,O
1900,23,water,Precipitation,O
1900,24,solution,Precipitation,O
1900,25,of,Precipitation,O
1900,26,H2tfBDC,Precipitation,O
1900,27,(,Precipitation,O
1900,28,23.8,Precipitation,O
1900,29,mg,Precipitation,O
1900,30,",",Precipitation,O
1900,31,0.10,Precipitation,O
1900,32,mmol,Precipitation,O
1900,33,),Precipitation,O
1900,34,",",Precipitation,O
1900,35,and,Precipitation,O
1900,36,the,Precipitation,O
1900,37,colorless,Precipitation,O
1900,38,solution,Precipitation,O
1900,39,was,Precipitation,O
1900,40,stirred,Precipitation,Mixing
1900,41,for,Precipitation,O
1900,42,15,Precipitation,O
1900,43,min,Precipitation,O
1900,44,and,Precipitation,O
1900,45,kept,Precipitation,Reaction
1900,46,for,Precipitation,O
1900,47,slow,Precipitation,O
1900,48,evaporation,Precipitation,O
1900,49,at,Precipitation,O
1900,50,room,Precipitation,O
1900,51,temperature,Precipitation,O
1900,52,.,Precipitation,O
2747,0,The,Sol-Gel,O
2747,1,water,Sol-Gel,O
2747,2,was,Sol-Gel,O
2747,3,evaporated,Sol-Gel,Purification
2747,4,quickly,Sol-Gel,O
2747,5,and,Sol-Gel,O
2747,6,the,Sol-Gel,O
2747,7,solutions,Sol-Gel,O
2747,8,got,Sol-Gel,O
2747,9,swelled,Sol-Gel,O
2747,10,and,Sol-Gel,O
2747,11,ignited,Sol-Gel,O
2747,12,resulting,Sol-Gel,O
2747,13,in,Sol-Gel,O
2747,14,porous,Sol-Gel,O
2747,15,",",Sol-Gel,O
2747,16,foamy,Sol-Gel,O
2747,17,and,Sol-Gel,O
2747,18,fragile,Sol-Gel,O
2747,19,materials,Sol-Gel,O
2747,20,.,Sol-Gel,O
724,0,When,Sol-Gel,O
724,1,the,Sol-Gel,O
724,2,mixture,Sol-Gel,O
724,3,was,Sol-Gel,O
724,4,dried,Sol-Gel,Purification
724,5,until,Sol-Gel,O
724,6,a,Sol-Gel,O
724,7,little,Sol-Gel,O
724,8,water,Sol-Gel,O
724,9,remained,Sol-Gel,O
724,10,",",Sol-Gel,O
724,11,it,Sol-Gel,O
724,12,was,Sol-Gel,O
724,13,put,Sol-Gel,Heating
724,14,into,Sol-Gel,O
724,15,an,Sol-Gel,O
724,16,electric,Sol-Gel,O
724,17,furnace,Sol-Gel,O
724,18,preheated,Sol-Gel,O
724,19,to,Sol-Gel,O
724,20,470,Sol-Gel,O
724,21,°,Sol-Gel,O
724,22,C,Sol-Gel,O
724,23,.,Sol-Gel,O
2067,0,Afterward,Hydrothermal,O
2067,1,",",Hydrothermal,O
2067,2,the,Hydrothermal,O
2067,3,reaction,Hydrothermal,O
2067,4,mixture,Hydrothermal,O
2067,5,was,Hydrothermal,O
2067,6,filtered,Hydrothermal,Purification
2067,7,",",Hydrothermal,O
2067,8,washed,Hydrothermal,Purification
2067,9,several,Hydrothermal,O
2067,10,times,Hydrothermal,O
2067,11,with,Hydrothermal,O
2067,12,ethanol,Hydrothermal,O
2067,13,and,Hydrothermal,O
2067,14,DI,Hydrothermal,O
2067,15,water,Hydrothermal,O
2067,16,",",Hydrothermal,O
2067,17,respectively,Hydrothermal,O
2067,18,",",Hydrothermal,O
2067,19,and,Hydrothermal,O
2067,20,dried,Hydrothermal,Purification
2067,21,in,Hydrothermal,O
2067,22,vacuum,Hydrothermal,O
2067,23,-,Hydrothermal,O
2067,24,oven,Hydrothermal,O
2067,25,at,Hydrothermal,O
2067,26,80,Hydrothermal,O
2067,27,°,Hydrothermal,O
2067,28,C,Hydrothermal,O
2067,29,for,Hydrothermal,O
2067,30,12,Hydrothermal,O
2067,31,h,Hydrothermal,O
2067,32,.,Hydrothermal,O
2814,0,Then,Hydrothermal,O
2814,1,",",Hydrothermal,O
2814,2,glucose,Hydrothermal,O
2814,3,(,Hydrothermal,O
2814,4,0.1,Hydrothermal,O
2814,5,M,Hydrothermal,O
2814,6,),Hydrothermal,O
2814,7,was,Hydrothermal,O
2814,8,added,Hydrothermal,Mixing
2814,9,to,Hydrothermal,O
2814,10,the,Hydrothermal,O
2814,11,as-prepared,Hydrothermal,O
2814,12,solution,Hydrothermal,O
2814,13,and,Hydrothermal,O
2814,14,kept,Hydrothermal,Reaction
2814,15,at,Hydrothermal,O
2814,16,room,Hydrothermal,O
2814,17,temperature,Hydrothermal,O
2814,18,(,Hydrothermal,O
2814,19,1,Hydrothermal,O
2814,20,h,Hydrothermal,O
2814,21,),Hydrothermal,O
2814,22,.,Hydrothermal,O
583,0,And,Precipitation,O
583,1,then,Precipitation,O
583,2,",",Precipitation,O
583,3,10,Precipitation,O
583,4,ml,Precipitation,O
583,5,of,Precipitation,O
583,6,5,Precipitation,O
583,7,M,Precipitation,O
583,8,NaHCO3,Precipitation,O
583,9,solution,Precipitation,O
583,10,was,Precipitation,O
583,11,dropped,Precipitation,Mixing
583,12,into,Precipitation,O
583,13,the,Precipitation,O
583,14,above,Precipitation,O
583,15,mixed,Precipitation,O
583,16,solutions,Precipitation,O
583,17,under,Precipitation,O
583,18,continuous,Precipitation,O
583,19,stirring,Precipitation,Mixing
583,20,.,Precipitation,O
1781,0,Hence,Sol-Gel,O
1781,1,",",Sol-Gel,O
1781,2,Y2O3,Sol-Gel,O
1781,3,excess,Sol-Gel,O
1781,4,SrY2O4,Sol-Gel,O
1781,5,was,Sol-Gel,O
1781,6,synthesized,Sol-Gel,Starting
1781,7,.,Sol-Gel,O
2480,0,The,Precipitation,O
2480,1,porous,Precipitation,O
2480,2,supports,Precipitation,O
2480,3,(,Precipitation,O
2480,4,1,Precipitation,O
2480,5,g,Precipitation,O
2480,6,),Precipitation,O
2480,7,were,Precipitation,O
2480,8,suspended,Precipitation,Mixing
2480,9,in,Precipitation,O
2480,10,an,Precipitation,O
2480,11,aqueous,Precipitation,O
2480,12,solution,Precipitation,O
2480,13,(,Precipitation,O
2480,14,10,Precipitation,O
2480,15,mL,Precipitation,O
2480,16,),Precipitation,O
2480,17,of,Precipitation,O
2480,18,HAuCl4·3H2O,Precipitation,O
2480,19,(,Precipitation,O
2480,20,2,Precipitation,O
2480,21,%,Precipitation,O
2480,22,),Precipitation,O
2480,23,.,Precipitation,O
2673,0,The,Precipitation,O
2673,1,resulting,Precipitation,O
2673,2,white,Precipitation,O
2673,3,turbid,Precipitation,O
2673,4,mixture,Precipitation,O
2673,5,was,Precipitation,O
2673,6,agitated,Precipitation,Mixing
2673,7,for,Precipitation,O
2673,8,another,Precipitation,O
2673,9,30,Precipitation,O
2673,10,min,Precipitation,O
2673,11,",",Precipitation,O
2673,12,20,Precipitation,O
2673,13,mL,Precipitation,O
2673,14,of,Precipitation,O
2673,15,aqueous,Precipitation,O
2673,16,solution,Precipitation,O
2673,17,containing,Precipitation,O
2673,18,1.0,Precipitation,O
2673,19,mmol,Precipitation,O
2673,20,NaH2PO4,Precipitation,O
2673,21,was,Precipitation,O
2673,22,introduced,Precipitation,Mixing
2673,23,into,Precipitation,O
2673,24,the,Precipitation,O
2673,25,above,Precipitation,O
2673,26,solution,Precipitation,O
2673,27,.,Precipitation,O
2275,0,22,Precipitation,O
2275,1,mL,Precipitation,O
2275,2,of,Precipitation,O
2275,3,deionized,Precipitation,O
2275,4,(,Precipitation,O
2275,5,DI,Precipitation,O
2275,6,),Precipitation,O
2275,7,water,Precipitation,O
2275,8,was,Precipitation,O
2275,9,added,Precipitation,Mixing
2275,10,for,Precipitation,O
2275,11,dilution,Precipitation,O
2275,12,.,Precipitation,O
744,0,The,Hydrothermal,O
744,1,above,Hydrothermal,O
744,2,mixture,Hydrothermal,O
744,3,is,Hydrothermal,O
744,4,transferred,Hydrothermal,Non-altering
744,5,into,Hydrothermal,O
744,6,a,Hydrothermal,O
744,7,30,Hydrothermal,O
744,8,ml,Hydrothermal,O
744,9,Teflon,Hydrothermal,O
744,10,-,Hydrothermal,O
744,11,lined,Hydrothermal,O
744,12,autoclave,Hydrothermal,O
744,13,(,Hydrothermal,O
744,14,filled,Hydrothermal,O
744,15,degree,Hydrothermal,O
744,16,:,Hydrothermal,O
744,17,80,Hydrothermal,O
744,18,%,Hydrothermal,O
744,19,),Hydrothermal,O
744,20,and,Hydrothermal,O
744,21,processed,Hydrothermal,Heating
744,22,at,Hydrothermal,O
744,23,160,Hydrothermal,O
744,24,°,Hydrothermal,O
744,25,C,Hydrothermal,O
744,26,for,Hydrothermal,O
744,27,12,Hydrothermal,O
744,28,h,Hydrothermal,O
744,29,.,Hydrothermal,O
1915,0,Typically,Hydrothermal,O
1915,1,",",Hydrothermal,O
1915,2,100,Hydrothermal,O
1915,3,mg,Hydrothermal,O
1915,4,Si,Hydrothermal,O
1915,5,nanoparticles,Hydrothermal,O
1915,6,(,Hydrothermal,O
1915,7,∼,Hydrothermal,O
1915,8,50,Hydrothermal,O
1915,9,nm,Hydrothermal,O
1915,10,",",Hydrothermal,O
1915,11,98,Hydrothermal,O
1915,12,%,Hydrothermal,O
1915,13,",",Hydrothermal,O
1915,14,Alfa,Hydrothermal,O
1915,15,Aesar,Hydrothermal,O
1915,16,),Hydrothermal,O
1915,17,were,Hydrothermal,O
1915,18,first,Hydrothermal,O
1915,19,dispersed,Hydrothermal,Mixing
1915,20,in,Hydrothermal,O
1915,21,a,Hydrothermal,O
1915,22,mixture,Hydrothermal,O
1915,23,of,Hydrothermal,O
1915,24,200,Hydrothermal,O
1915,25,ml,Hydrothermal,O
1915,26,ethanol,Hydrothermal,O
1915,27,and,Hydrothermal,O
1915,28,50,Hydrothermal,O
1915,29,ml,Hydrothermal,O
1915,30,water,Hydrothermal,O
1915,31,by,Hydrothermal,O
1915,32,sonication,Hydrothermal,Mixing
1915,33,for,Hydrothermal,O
1915,34,at,Hydrothermal,O
1915,35,least,Hydrothermal,O
1915,36,30,Hydrothermal,O
1915,37,min,Hydrothermal,O
1915,38,",",Hydrothermal,O
1915,39,followed,Hydrothermal,O
1915,40,by,Hydrothermal,O
1915,41,the,Hydrothermal,O
1915,42,addition,Hydrothermal,Mixing
1915,43,of,Hydrothermal,O
1915,44,3.0,Hydrothermal,O
1915,45,ml,Hydrothermal,O
1915,46,ammonium,Hydrothermal,O
1915,47,hydroxide,Hydrothermal,O
1915,48,solution,Hydrothermal,O
1915,49,(,Hydrothermal,O
1915,50,28-30,Hydrothermal,O
1915,51,%,Hydrothermal,O
1915,52,),Hydrothermal,O
1915,53,.,Hydrothermal,O
670,0,Before,Hydrothermal,O
670,1,use,Hydrothermal,O
670,2,",",Hydrothermal,O
670,3,the,Hydrothermal,O
670,4,distilled,Hydrothermal,O
670,5,water,Hydrothermal,O
670,6,was,Hydrothermal,O
670,7,boiled,Hydrothermal,Heating
670,8,with,Hydrothermal,O
670,9,a,Hydrothermal,O
670,10,continuous,Hydrothermal,O
670,11,flow,Hydrothermal,O
670,12,of,Hydrothermal,O
670,13,argon,Hydrothermal,O
670,14,through,Hydrothermal,O
670,15,the,Hydrothermal,O
670,16,whole,Hydrothermal,O
670,17,volume,Hydrothermal,O
670,18,.,Hydrothermal,O
288,0,The,Sol-Gel,O
288,1,resulting,Sol-Gel,O
288,2,gel,Sol-Gel,O
288,3,became,Sol-Gel,O
288,4,transparent,Sol-Gel,O
288,5,",",Sol-Gel,O
288,6,then,Sol-Gel,O
288,7,increasingly,Sol-Gel,O
288,8,viscous,Sol-Gel,O
288,9,with,Sol-Gel,O
288,10,formation,Sol-Gel,O
288,11,of,Sol-Gel,O
288,12,yellow,Sol-Gel,O
288,13,foam,Sol-Gel,O
288,14,and,Sol-Gel,O
288,15,dark,Sol-Gel,O
288,16,brown,Sol-Gel,O
288,17,bubbles,Sol-Gel,O
288,18,.,Sol-Gel,O
615,0,Typically,Hydrothermal,O
615,1,",",Hydrothermal,O
615,2,1,Hydrothermal,O
615,3,/,Hydrothermal,O
615,4,7,Hydrothermal,O
615,5,mmol,Hydrothermal,O
615,6,(NH4)6Mo7O24·4H2O,Hydrothermal,O
615,7,(,Hydrothermal,O
615,8,177,Hydrothermal,O
615,9,mg,Hydrothermal,O
615,10,",",Hydrothermal,O
615,11,1,Hydrothermal,O
615,12,mmol,Hydrothermal,O
615,13,Mo,Hydrothermal,O
615,14,),Hydrothermal,O
615,15,and,Hydrothermal,O
615,16,5,Hydrothermal,O
615,17,mmol,Hydrothermal,O
615,18,thiourea,Hydrothermal,O
615,19,(,Hydrothermal,O
615,20,381,Hydrothermal,O
615,21,mg,Hydrothermal,O
615,22,),Hydrothermal,O
615,23,were,Hydrothermal,O
615,24,dissolved,Hydrothermal,Mixing
615,25,in,Hydrothermal,O
615,26,40,Hydrothermal,O
615,27,mL,Hydrothermal,O
615,28,distilled,Hydrothermal,O
615,29,water,Hydrothermal,O
615,30,under,Hydrothermal,O
615,31,vigorous,Hydrothermal,O
615,32,stirring,Hydrothermal,Mixing
615,33,to,Hydrothermal,O
615,34,form,Hydrothermal,O
615,35,a,Hydrothermal,O
615,36,homogeneous,Hydrothermal,O
615,37,solution,Hydrothermal,O
615,38,.,Hydrothermal,O
1548,0,After,Solid-State,O
1548,1,sintering,Solid-State,Heating
1548,2,",",Solid-State,O
1548,3,these,Solid-State,O
1548,4,samples,Solid-State,O
1548,5,were,Solid-State,O
1548,6,gradually,Solid-State,O
1548,7,cooled,Solid-State,Cooling
1548,8,down,Solid-State,O
1548,9,to,Solid-State,O
1548,10,room,Solid-State,O
1548,11,temperature,Solid-State,O
1548,12,in,Solid-State,O
1548,13,the,Solid-State,O
1548,14,furnace,Solid-State,O
1548,15,.,Solid-State,O
2435,0,The,Solid-State,O
2435,1,initial,Solid-State,O
2435,2,solid,Solid-State,O
2435,3,phase,Solid-State,O
2435,4,was,Solid-State,O
2435,5,prepared,Solid-State,Starting
2435,6,by,Solid-State,O
2435,7,manually,Solid-State,O
2435,8,mixing,Solid-State,Mixing
2435,9,β-CxSi,Solid-State,O
2435,10,and,Solid-State,O
2435,11,α-CSH,Solid-State,O
2435,12,powders,Solid-State,O
2435,13,with,Solid-State,O
2435,14,different,Solid-State,O
2435,15,CSH,Solid-State,O
2435,16,contents,Solid-State,O
2435,17,(,Solid-State,O
2435,18,y,Solid-State,O
2435,19,%,Solid-State,O
2435,20,),Solid-State,O
2435,21,.,Solid-State,O
1151,0,Solution,Precipitation,O
1151,1,B,Precipitation,O
1151,2,:,Precipitation,O
1151,3,NaOH,Precipitation,O
1151,4,and,Precipitation,O
1151,5,Na2CO3,Precipitation,O
1151,6,were,Precipitation,O
1151,7,dissolved,Precipitation,Mixing
1151,8,in,Precipitation,O
1151,9,100,Precipitation,O
1151,10,mL,Precipitation,O
1151,11,of,Precipitation,O
1151,12,deionized,Precipitation,O
1151,13,water,Precipitation,O
1151,14,to,Precipitation,O
1151,15,form,Precipitation,O
1151,16,a,Precipitation,O
1151,17,mixed,Precipitation,O
1151,18,base,Precipitation,O
1151,19,solution,Precipitation,O
1151,20,(,Precipitation,O
1151,21,[CO32−],Precipitation,O
1151,22,=,Precipitation,O
1151,23,0.4,Precipitation,O
1151,24,M,Precipitation,O
1151,25,",",Precipitation,O
1151,26,[OH−],Precipitation,O
1151,27,=,Precipitation,O
1151,28,0.8,Precipitation,O
1151,29,M,Precipitation,O
1151,30,),Precipitation,O
1151,31,.,Precipitation,O
1147,0,The,Precipitation,O
1147,1,Ce,Precipitation,O
1147,2,-,Precipitation,O
1147,3,promoted,Precipitation,O
1147,4,Cu,Precipitation,O
1147,5,–,Precipitation,O
1147,6,Co,Precipitation,O
1147,7,–,Precipitation,O
1147,8,Al,Precipitation,O
1147,9,catalysts,Precipitation,O
1147,10,were,Precipitation,O
1147,11,prepared,Precipitation,Starting
1147,12,by,Precipitation,O
1147,13,incipient,Precipitation,O
1147,14,wetness,Precipitation,O
1147,15,impregnation,Precipitation,Mixing
1147,16,of,Precipitation,O
1147,17,the,Precipitation,O
1147,18,Cu,Precipitation,O
1147,19,–,Precipitation,O
1147,20,Co,Precipitation,O
1147,21,–,Precipitation,O
1147,22,Al,Precipitation,O
1147,23,catalyst,Precipitation,O
1147,24,with,Precipitation,O
1147,25,an,Precipitation,O
1147,26,aqueous,Precipitation,O
1147,27,solution,Precipitation,O
1147,28,containing,Precipitation,O
1147,29,the,Precipitation,O
1147,30,desired,Precipitation,O
1147,31,amount,Precipitation,O
1147,32,of,Precipitation,O
1147,33,cerium,Precipitation,O
1147,34,nitrate,Precipitation,O
1147,35,.,Precipitation,O
1249,0,DMDS,Hydrothermal,O
1249,1,adducts,Hydrothermal,O
1249,2,were,Hydrothermal,O
1249,3,formed,Hydrothermal,Starting
1249,4,by,Hydrothermal,O
1249,5,addition,Hydrothermal,Mixing
1249,6,of,Hydrothermal,O
1249,7,50,Hydrothermal,O
1249,8,µl,Hydrothermal,O
1249,9,DMDS,Hydrothermal,O
1249,10,and,Hydrothermal,O
1249,11,5,Hydrothermal,O
1249,12,µl,Hydrothermal,O
1249,13,of,Hydrothermal,O
1249,14,iodine,Hydrothermal,O
1249,15,solution,Hydrothermal,O
1249,16,(,Hydrothermal,O
1249,17,60,Hydrothermal,O
1249,18,mg,Hydrothermal,O
1249,19,iodine,Hydrothermal,O
1249,20,in,Hydrothermal,O
1249,21,1,Hydrothermal,O
1249,22,ml,Hydrothermal,O
1249,23,diethyl,Hydrothermal,O
1249,24,ether,Hydrothermal,O
1249,25,),Hydrothermal,O
1249,26,to,Hydrothermal,O
1249,27,a,Hydrothermal,O
1249,28,sample,Hydrothermal,O
1249,29,of,Hydrothermal,O
1249,30,crude,Hydrothermal,O
1249,31,natural,Hydrothermal,O
1249,32,extract,Hydrothermal,O
1249,33,.,Hydrothermal,O
2332,0,CuMO2,Solid-State,O
2332,1,(,Solid-State,O
2332,2,M,Solid-State,O
2332,3,=,Solid-State,O
2332,4,Al,Solid-State,O
2332,5,",",Solid-State,O
2332,6,Fe,Solid-State,O
2332,7,",",Solid-State,O
2332,8,Ga,Solid-State,O
2332,9,",",Solid-State,O
2332,10,Mn,Solid-State,O
2332,11,),Solid-State,O
2332,12,compounds,Solid-State,O
2332,13,were,Solid-State,O
2332,14,synthesized,Solid-State,Starting
2332,15,by,Solid-State,O
2332,16,a,Solid-State,O
2332,17,conventional,Solid-State,O
2332,18,solid,Solid-State,O
2332,19,state,Solid-State,O
2332,20,reaction,Solid-State,O
2332,21,.,Solid-State,O
1498,0,The,Precipitation,O
1498,1,resultant,Precipitation,O
1498,2,was,Precipitation,O
1498,3,aged,Precipitation,Reaction
1498,4,at,Precipitation,O
1498,5,25,Precipitation,O
1498,6,°,Precipitation,O
1498,7,C,Precipitation,O
1498,8,for,Precipitation,O
1498,9,24,Precipitation,O
1498,10,h,Precipitation,O
1498,11,",",Precipitation,O
1498,12,then,Precipitation,O
1498,13,centrifuged,Precipitation,Purification
1498,14,and,Precipitation,O
1498,15,washed,Precipitation,Purification
1498,16,by,Precipitation,O
1498,17,deionized,Precipitation,O
1498,18,water,Precipitation,O
1498,19,until,Precipitation,O
1498,20,pH,Precipitation,O
1498,21,∼,Precipitation,O
1498,22,7,Precipitation,O
1498,23,and,Precipitation,O
1498,24,dried,Precipitation,Purification
1498,25,at,Precipitation,O
1498,26,60,Precipitation,O
1498,27,°,Precipitation,O
1498,28,C,Precipitation,O
1498,29,for,Precipitation,O
1498,30,8,Precipitation,O
1498,31,h,Precipitation,O
1498,32,giving,Precipitation,O
1498,33,the,Precipitation,O
1498,34,NixMn,Precipitation,O
1498,35,-,Precipitation,O
1498,36,LDH,Precipitation,O
1498,37,supports,Precipitation,O
1498,38,.,Precipitation,O
225,0,The,Precipitation,O
225,1,obtained,Precipitation,O
225,2,precipitate,Precipitation,O
225,3,was,Precipitation,O
225,4,washed,Precipitation,Purification
225,5,with,Precipitation,O
225,6,DI,Precipitation,O
225,7,water,Precipitation,O
225,8,until,Precipitation,O
225,9,pH,Precipitation,O
225,10,7,Precipitation,O
225,11,and,Precipitation,O
225,12,vacuum,Precipitation,O
225,13,dried,Precipitation,Purification
225,14,at,Precipitation,O
225,15,80,Precipitation,O
225,16,°,Precipitation,O
225,17,C,Precipitation,O
225,18,overnight,Precipitation,O
225,19,to,Precipitation,O
225,20,form,Precipitation,O
225,21,MgAl,Precipitation,O
225,22,-,Precipitation,O
225,23,LDH,Precipitation,O
225,24,grafted,Precipitation,O
225,25,TiO2,Precipitation,O
225,26,.,Precipitation,O
831,0,Ca3-xEuxZrSi2O9,Solid-State,O
831,1,(,Solid-State,O
831,2,0.05,Solid-State,O
831,3,≤,Solid-State,O
831,4,x,Solid-State,O
831,5,≤,Solid-State,O
831,6,0.30,Solid-State,O
831,7,),Solid-State,O
831,8,phosphors,Solid-State,O
831,9,were,Solid-State,O
831,10,synthesized,Solid-State,Starting
831,11,by,Solid-State,O
831,12,the,Solid-State,O
831,13,conventional,Solid-State,O
831,14,solid,Solid-State,O
831,15,-,Solid-State,O
831,16,state,Solid-State,O
831,17,reaction,Solid-State,O
831,18,method,Solid-State,O
831,19,.,Solid-State,O
2351,0,The,Hydrothermal,O
2351,1,final,Hydrothermal,O
2351,2,solution,Hydrothermal,O
2351,3,was,Hydrothermal,O
2351,4,cooled,Hydrothermal,Cooling
2351,5,and,Hydrothermal,O
2351,6,filtered,Hydrothermal,Purification
2351,7,;,Hydrothermal,O
2351,8,the,Hydrothermal,O
2351,9,obtained,Hydrothermal,O
2351,10,precipitate,Hydrothermal,O
2351,11,was,Hydrothermal,O
2351,12,air,Hydrothermal,Purification
2351,13,-,Hydrothermal,Purification
2351,14,dried,Hydrothermal,Purification
2351,15,at,Hydrothermal,O
2351,16,80,Hydrothermal,O
2351,17,°,Hydrothermal,O
2351,18,C,Hydrothermal,O
2351,19,overnight,Hydrothermal,O
2351,20,.,Hydrothermal,O
1327,0,The,Sol-Gel,O
1327,1,ferrite,Sol-Gel,O
1327,2,powders,Sol-Gel,O
1327,3,were,Sol-Gel,O
1327,4,sintered,Sol-Gel,Heating
1327,5,at,Sol-Gel,O
1327,6,950,Sol-Gel,O
1327,7,°,Sol-Gel,O
1327,8,C,Sol-Gel,O
1327,9,for,Sol-Gel,O
1327,10,6,Sol-Gel,O
1327,11,h,Sol-Gel,O
1327,12,in,Sol-Gel,O
1327,13,air,Sol-Gel,O
1327,14,.,Sol-Gel,O
2366,0,The,Precipitation,O
2366,1,glass,Precipitation,O
2366,2,tube,Precipitation,O
2366,3,with,Precipitation,O
2366,4,precursor,Precipitation,O
2366,5,solution,Precipitation,O
2366,6,was,Precipitation,O
2366,7,then,Precipitation,O
2366,8,placed,Precipitation,Non-altering
2366,9,inside,Precipitation,O
2366,10,the,Precipitation,O
2366,11,cavity,Precipitation,O
2366,12,of,Precipitation,O
2366,13,CEM,Precipitation,O
2366,14,Instruments,Precipitation,O
2366,15,(,Precipitation,O
2366,16,CEM,Precipitation,O
2366,17,Discover,Precipitation,O
2366,18,synthesis,Precipitation,O
2366,19,system,Precipitation,O
2366,20,",",Precipitation,O
2366,21,USA,Precipitation,O
2366,22,),Precipitation,O
2366,23,and,Precipitation,O
2366,24,heated,Precipitation,Heating
2366,25,from,Precipitation,O
2366,26,room,Precipitation,O
2366,27,temperature,Precipitation,O
2366,28,to,Precipitation,O
2366,29,200,Precipitation,O
2366,30,°,Precipitation,O
2366,31,C,Precipitation,O
2366,32,with,Precipitation,O
2366,33,a,Precipitation,O
2366,34,microwave,Precipitation,O
2366,35,irradiation,Precipitation,O
2366,36,power,Precipitation,O
2366,37,of,Precipitation,O
2366,38,90,Precipitation,O
2366,39,W,Precipitation,O
2366,40,and,Precipitation,O
2366,41,maintained,Precipitation,Reaction
2366,42,at,Precipitation,O
2366,43,200,Precipitation,O
2366,44,°,Precipitation,O
2366,45,C,Precipitation,O
2366,46,for,Precipitation,O
2366,47,certain,Precipitation,O
2366,48,period,Precipitation,O
2366,49,.,Precipitation,O
12,0,Ltd.,Solid-State,O
12,1,",",Solid-State,O
12,2,Shanghai,Solid-State,O
12,3,",",Solid-State,O
12,4,China,Solid-State,O
12,5,and,Solid-State,O
12,6,highly,Solid-State,O
12,7,pure,Solid-State,O
12,8,(,Solid-State,O
12,9,99.999,Solid-State,O
12,10,%,Solid-State,O
12,11,),Solid-State,O
12,12,and,Solid-State,O
12,13,(,Solid-State,O
12,14,99.999,Solid-State,O
12,15,%,Solid-State,O
12,16,),Solid-State,O
12,17,obtained,Solid-State,O
12,18,from,Solid-State,O
12,19,Yuelong,Solid-State,O
12,20,Rare,Solid-State,O
12,21,Earth,Solid-State,O
12,22,",",Solid-State,O
12,23,Co.,Solid-State,O
12,24,",",Solid-State,O
12,25,Ltd.,Solid-State,O
12,26,",",Solid-State,O
12,27,Shanghai,Solid-State,O
12,28,",",Solid-State,O
12,29,China,Solid-State,O
12,30,",",Solid-State,O
12,31,were,Solid-State,O
12,32,used,Solid-State,O
12,33,as,Solid-State,O
12,34,raw,Solid-State,O
12,35,materials,Solid-State,O
12,36,.,Solid-State,O
506,0,Stoichiometric,Sol-Gel,O
506,1,of,Sol-Gel,O
506,2,Ce(NO3)3·6H2O,Sol-Gel,O
506,3,and,Sol-Gel,O
506,4,Sm2O3,Sol-Gel,O
506,5,pre-dissolve,Sol-Gel,Mixing
506,6,in,Sol-Gel,O
506,7,HNO3,Sol-Gel,O
506,8,",",Sol-Gel,O
506,9,and,Sol-Gel,O
506,10,amount,Sol-Gel,O
506,11,of,Sol-Gel,O
506,12,EDTA-NH3·H2O,Sol-Gel,O
506,13,was,Sol-Gel,O
506,14,then,Sol-Gel,O
506,15,dropped,Sol-Gel,Mixing
506,16,into,Sol-Gel,O
506,17,the,Sol-Gel,O
506,18,mixed,Sol-Gel,O
506,19,metal,Sol-Gel,O
506,20,nitrate,Sol-Gel,O
506,21,solution,Sol-Gel,O
506,22,",",Sol-Gel,O
506,23,followed,Sol-Gel,O
506,24,by,Sol-Gel,O
506,25,the,Sol-Gel,O
506,26,addition,Sol-Gel,Mixing
506,27,of,Sol-Gel,O
506,28,citric,Sol-Gel,O
506,29,acid,Sol-Gel,O
506,30,with,Sol-Gel,O
506,31,stirring,Sol-Gel,Mixing
506,32,.,Sol-Gel,O
2325,0,The,Hydrothermal,O
2325,1,resulting,Hydrothermal,O
2325,2,suspension,Hydrothermal,O
2325,3,was,Hydrothermal,O
2325,4,stirred,Hydrothermal,Mixing
2325,5,for,Hydrothermal,O
2325,6,6,Hydrothermal,O
2325,7,h,Hydrothermal,O
2325,8,at,Hydrothermal,O
2325,9,40,Hydrothermal,O
2325,10,°,Hydrothermal,O
2325,11,C,Hydrothermal,O
2325,12,and,Hydrothermal,O
2325,13,the,Hydrothermal,O
2325,14,white,Hydrothermal,O
2325,15,precipitate,Hydrothermal,O
2325,16,formed,Hydrothermal,O
2325,17,was,Hydrothermal,O
2325,18,filtered,Hydrothermal,Purification
2325,19,under,Hydrothermal,O
2325,20,reduced,Hydrothermal,O
2325,21,pressure,Hydrothermal,O
2325,22,and,Hydrothermal,O
2325,23,washed,Hydrothermal,Purification
2325,24,with,Hydrothermal,O
2325,25,cold,Hydrothermal,O
2325,26,water,Hydrothermal,O
2325,27,.,Hydrothermal,O
786,0,Once,Precipitation,O
786,1,the,Precipitation,O
786,2,precipitate,Precipitation,O
786,3,sedimented,Precipitation,O
786,4,",",Precipitation,O
786,5,the,Precipitation,O
786,6,supernatant,Precipitation,O
786,7,liquid,Precipitation,O
786,8,was,Precipitation,O
786,9,decanted,Precipitation,Purification
786,10,and,Precipitation,O
786,11,fresh,Precipitation,O
786,12,water,Precipitation,O
786,13,was,Precipitation,O
786,14,added,Precipitation,Mixing
786,15,.,Precipitation,O
1330,0,These,Solid-State,O
1330,1,slurries,Solid-State,O
1330,2,after,Solid-State,O
1330,3,drying,Solid-State,Purification
1330,4,were,Solid-State,O
1330,5,sieved,Solid-State,Purification
1330,6,to,Solid-State,O
1330,7,obtain,Solid-State,O
1330,8,a,Solid-State,O
1330,9,uniform,Solid-State,O
1330,10,particle,Solid-State,O
1330,11,size,Solid-State,O
1330,12,.,Solid-State,O
2049,0,Then,Sol-Gel,O
2049,1,the,Sol-Gel,O
2049,2,viscous,Sol-Gel,O
2049,3,liquids,Sol-Gel,O
2049,4,were,Sol-Gel,O
2049,5,transferred,Sol-Gel,Non-altering
2049,6,into,Sol-Gel,O
2049,7,a,Sol-Gel,O
2049,8,baker,Sol-Gel,O
2049,9,which,Sol-Gel,O
2049,10,was,Sol-Gel,O
2049,11,heated,Sol-Gel,Heating
2049,12,to,Sol-Gel,O
2049,13,200-300,Sol-Gel,O
2049,14,°,Sol-Gel,O
2049,15,C,Sol-Gel,O
2049,16,.,Sol-Gel,O
827,0,After,Precipitation,O
827,1,continuously,Precipitation,O
827,2,stirring,Precipitation,Mixing
827,3,for,Precipitation,O
827,4,4,Precipitation,O
827,5,h,Precipitation,O
827,6,",",Precipitation,O
827,7,the,Precipitation,O
827,8,magnetite,Precipitation,O
827,9,precipitates,Precipitation,O
827,10,were,Precipitation,O
827,11,washed,Precipitation,Purification
827,12,by,Precipitation,O
827,13,amounts,Precipitation,O
827,14,of,Precipitation,O
827,15,deionized,Precipitation,O
827,16,water,Precipitation,O
827,17,to,Precipitation,O
827,18,reach,Precipitation,O
827,19,pH,Precipitation,O
827,20,=,Precipitation,O
827,21,7,Precipitation,O
827,22,.,Precipitation,O
3018,0,The,Solid-State,O
3018,1,synthesis,Solid-State,O
3018,2,of,Solid-State,O
3018,3,NbTi0.5Ni0.5O4,Solid-State,O
3018,4,(,Solid-State,O
3018,5,NTNO,Solid-State,O
3018,6,),Solid-State,O
3018,7,was,Solid-State,O
3018,8,carried,Solid-State,Starting
3018,9,out,Solid-State,Starting
3018,10,by,Solid-State,O
3018,11,a,Solid-State,O
3018,12,solid,Solid-State,O
3018,13,-,Solid-State,O
3018,14,state,Solid-State,O
3018,15,reaction,Solid-State,O
3018,16,using,Solid-State,O
3018,17,an,Solid-State,O
3018,18,appropriate,Solid-State,O
3018,19,mixture,Solid-State,O
3018,20,of,Solid-State,O
3018,21,Nb2O5,Solid-State,O
3018,22,",",Solid-State,O
3018,23,TiO2,Solid-State,O
3018,24,and,Solid-State,O
3018,25,NiO,Solid-State,O
3018,26,powders,Solid-State,O
3018,27,.,Solid-State,O
2577,0,The,Sol-Gel,O
2577,1,mixture,Sol-Gel,O
2577,2,was,Sol-Gel,O
2577,3,dropped,Sol-Gel,Mixing
2577,4,slowly,Sol-Gel,O
2577,5,into,Sol-Gel,O
2577,6,a,Sol-Gel,O
2577,7,solution,Sol-Gel,O
2577,8,of,Sol-Gel,O
2577,9,poly,Sol-Gel,O
2577,10,(,Sol-Gel,O
2577,11,4-vinyl,Sol-Gel,O
2577,12,),Sol-Gel,O
2577,13,pyridine,Sol-Gel,O
2577,14,(,Sol-Gel,O
2577,15,PVP,Sol-Gel,O
2577,16,),Sol-Gel,O
2577,17,dissolved,Sol-Gel,O
2577,18,in,Sol-Gel,O
2577,19,distilled,Sol-Gel,O
2577,20,water,Sol-Gel,O
2577,21,.,Sol-Gel,O
1866,0,In,Precipitation,O
1866,1,a,Precipitation,O
1866,2,typical,Precipitation,O
1866,3,procedure,Precipitation,O
1866,4,",",Precipitation,O
1866,5,1.39,Precipitation,O
1866,6,g,Precipitation,O
1866,7,of,Precipitation,O
1866,8,FeSO4·7H2O,Precipitation,O
1866,9,and,Precipitation,O
1866,10,1.36,Precipitation,O
1866,11,g,Precipitation,O
1866,12,of,Precipitation,O
1866,13,CH3COONa·4H2O,Precipitation,O
1866,14,were,Precipitation,O
1866,15,dissolved,Precipitation,Mixing
1866,16,in,Precipitation,O
1866,17,50,Precipitation,O
1866,18,mL,Precipitation,O
1866,19,of,Precipitation,O
1866,20,deionized,Precipitation,O
1866,21,water,Precipitation,O
1866,22,by,Precipitation,O
1866,23,ultrasonication,Precipitation,Mixing
1866,24,at,Precipitation,O
1866,25,room,Precipitation,O
1866,26,temperature,Precipitation,O
1866,27,.,Precipitation,O
1069,0,Finally,Solid-State,O
1069,1,",",Solid-State,O
1069,2,the,Solid-State,O
1069,3,reference,Solid-State,O
1069,4,samples,Solid-State,O
1069,5,were,Solid-State,O
1069,6,obtained,Solid-State,Starting
1069,7,after,Solid-State,O
1069,8,purification,Solid-State,Purification
1069,9,of,Solid-State,O
1069,10,the,Solid-State,O
1069,11,calcination,Solid-State,O
1069,12,products,Solid-State,O
1069,13,.,Solid-State,O
2661,0,Spherical,Hydrothermal,O
2661,1,FeCO3,Hydrothermal,O
2661,2,was,Hydrothermal,O
2661,3,synthesized,Hydrothermal,Starting
2661,4,by,Hydrothermal,O
2661,5,hydrothermal,Hydrothermal,O
2661,6,method,Hydrothermal,O
2661,7,by,Hydrothermal,O
2661,8,dissolving,Hydrothermal,Mixing
2661,9,0.95,Hydrothermal,O
2661,10,g,Hydrothermal,O
2661,11,FeCl3.6H2O,Hydrothermal,O
2661,12,(,Hydrothermal,O
2661,13,Thomas,Hydrothermal,O
2661,14,Baker,Hydrothermal,O
2661,15,),Hydrothermal,O
2661,16,in,Hydrothermal,O
2661,17,33,Hydrothermal,O
2661,18,ml,Hydrothermal,O
2661,19,of,Hydrothermal,O
2661,20,double,Hydrothermal,O
2661,21,distilled,Hydrothermal,O
2661,22,(,Hydrothermal,O
2661,23,DD,Hydrothermal,O
2661,24,),Hydrothermal,O
2661,25,water,Hydrothermal,O
2661,26,.,Hydrothermal,O
651,0,Then,Hydrothermal,O
651,1,the,Hydrothermal,O
651,2,newly,Hydrothermal,O
651,3,formed,Hydrothermal,O
651,4,suspension,Hydrothermal,O
651,5,was,Hydrothermal,O
651,6,transferred,Hydrothermal,Non-altering
651,7,to,Hydrothermal,O
651,8,an,Hydrothermal,O
651,9,80,Hydrothermal,O
651,10,mL,Hydrothermal,O
651,11,Teflon,Hydrothermal,O
651,12,-,Hydrothermal,O
651,13,lined,Hydrothermal,O
651,14,autoclave,Hydrothermal,O
651,15,",",Hydrothermal,O
651,16,which,Hydrothermal,O
651,17,was,Hydrothermal,O
651,18,sealed,Hydrothermal,Non-altering
651,19,and,Hydrothermal,O
651,20,maintained,Hydrothermal,Reaction
651,21,at,Hydrothermal,O
651,22,433,Hydrothermal,O
651,23,K,Hydrothermal,O
651,24,for,Hydrothermal,O
651,25,12,Hydrothermal,O
651,26,h,Hydrothermal,O
651,27,.,Hydrothermal,O
1880,0,The,Solid-State,O
1880,1,Ce0.8Gd0.2O1.9,Solid-State,O
1880,2,(,Solid-State,O
1880,3,GDC,Solid-State,O
1880,4,),Solid-State,O
1880,5,",",Solid-State,O
1880,6,Ce0.9Gd0.1O1.95,Solid-State,O
1880,7,(,Solid-State,O
1880,8,10,Solid-State,O
1880,9,GDC,Solid-State,O
1880,10,),Solid-State,O
1880,11,and,Solid-State,O
1880,12,La0.4Ce0.6O1.8,Solid-State,O
1880,13,(,Solid-State,O
1880,14,LDC,Solid-State,O
1880,15,),Solid-State,O
1880,16,powders,Solid-State,O
1880,17,were,Solid-State,O
1880,18,synthesized,Solid-State,Starting
1880,19,by,Solid-State,O
1880,20,the,Solid-State,O
1880,21,glycine,Solid-State,O
1880,22,-,Solid-State,O
1880,23,nitrate,Solid-State,O
1880,24,combustion,Solid-State,O
1880,25,method.,Solid-State,O
1880,26,",",Solid-State,O
1880,27,Required,Solid-State,O
1880,28,amounts,Solid-State,O
1880,29,of,Solid-State,O
1880,30,Gd2O3,Solid-State,O
1880,31,",",Solid-State,O
1880,32,La2O3,Solid-State,O
1880,33,",",Solid-State,O
1880,34,or,Solid-State,O
1880,35,Ce(NH4)2(NO3)6,Solid-State,O
1880,36,were,Solid-State,O
1880,37,dissolved,Solid-State,Mixing
1880,38,in,Solid-State,O
1880,39,dilute,Solid-State,O
1880,40,HNO3,Solid-State,O
1880,41,solution,Solid-State,O
1880,42,with,Solid-State,O
1880,43,glycine,Solid-State,O
1880,44,(,Solid-State,O
1880,45,NH2CH2COOH,Solid-State,O
1880,46,),Solid-State,O
1880,47,",",Solid-State,O
1880,48,heated,Solid-State,Heating
1880,49,on,Solid-State,O
1880,50,a,Solid-State,O
1880,51,hot,Solid-State,O
1880,52,plate,Solid-State,O
1880,53,to,Solid-State,O
1880,54,obtain,Solid-State,O
1880,55,a,Solid-State,O
1880,56,viscous,Solid-State,O
1880,57,gel,Solid-State,O
1880,58,",",Solid-State,O
1880,59,and,Solid-State,O
1880,60,then,Solid-State,O
1880,61,fired,Solid-State,Heating
1880,62,at,Solid-State,O
1880,63,600,Solid-State,O
1880,64,°,Solid-State,O
1880,65,C,Solid-State,O
1880,66,for,Solid-State,O
1880,67,2,Solid-State,O
1880,68,h,Solid-State,O
1880,69,to,Solid-State,O
1880,70,burn,Solid-State,O
1880,71,out,Solid-State,O
1880,72,the,Solid-State,O
1880,73,residual,Solid-State,O
1880,74,carbon,Solid-State,O
1880,75,.,Solid-State,O
335,0,(,Solid-State,O
335,1,1,Solid-State,O
335,2,−,Solid-State,O
335,3,x)BaTiO3,Solid-State,O
335,4,–,Solid-State,O
335,5,xBiYbO3,Solid-State,O
335,6,[,Solid-State,O
335,7,(,Solid-State,O
335,8,1,Solid-State,O
335,9,−,Solid-State,O
335,10,x)BT,Solid-State,O
335,11,–,Solid-State,O
335,12,xBY,Solid-State,O
335,13,],Solid-State,O
335,14,(,Solid-State,O
335,15,x,Solid-State,O
335,16,=,Solid-State,O
335,17,0.00,Solid-State,O
335,18,–,Solid-State,O
335,19,0.20,Solid-State,O
335,20,),Solid-State,O
335,21,materials,Solid-State,O
335,22,were,Solid-State,O
335,23,prepared,Solid-State,Starting
335,24,using,Solid-State,O
335,25,conventional,Solid-State,O
335,26,solid,Solid-State,O
335,27,-,Solid-State,O
335,28,state,Solid-State,O
335,29,reaction,Solid-State,O
335,30,methods,Solid-State,O
335,31,.,Solid-State,O
352,0,The,Solid-State,O
352,1,amount,Solid-State,O
352,2,of,Solid-State,O
352,3,reagent,Solid-State,O
352,4,in,Solid-State,O
352,5,each,Solid-State,O
352,6,batch,Solid-State,O
352,7,was,Solid-State,O
352,8,calculated,Solid-State,O
352,9,in,Solid-State,O
352,10,order,Solid-State,O
352,11,to,Solid-State,O
352,12,prepare,Solid-State,O
352,13,120,Solid-State,O
352,14,g,Solid-State,O
352,15,of,Solid-State,O
352,16,final,Solid-State,O
352,17,product,Solid-State,O
352,18,.,Solid-State,O
1202,0,In,Precipitation,O
1202,1,a,Precipitation,O
1202,2,typical,Precipitation,O
1202,3,synthesis,Precipitation,O
1202,4,process,Precipitation,O
1202,5,",",Precipitation,O
1202,6,1.5,Precipitation,O
1202,7,mmol,Precipitation,O
1202,8,of,Precipitation,O
1202,9,In(NO3)3·4.5H2O,Precipitation,O
1202,10,was,Precipitation,O
1202,11,dissolved,Precipitation,Mixing
1202,12,in,Precipitation,O
1202,13,46,Precipitation,O
1202,14,ml,Precipitation,O
1202,15,of,Precipitation,O
1202,16,anhydrous,Precipitation,O
1202,17,ethanol,Precipitation,O
1202,18,and,Precipitation,O
1202,19,a,Precipitation,O
1202,20,transparent,Precipitation,O
1202,21,solution,Precipitation,O
1202,22,I,Precipitation,O
1202,23,was,Precipitation,O
1202,24,obtained,Precipitation,O
1202,25,.,Precipitation,O
2119,0,The,Solid-State,O
2119,1,green,Solid-State,O
2119,2,ceramic,Solid-State,O
2119,3,discs,Solid-State,O
2119,4,were,Solid-State,O
2119,5,subsequently,Solid-State,O
2119,6,bisqued,Solid-State,Heating
2119,7,as,Solid-State,O
2119,8,follows,Solid-State,O
2119,9,.,Solid-State,O
195,0,Accordingly,Solid-State,O
195,1,",",Solid-State,O
195,2,a,Solid-State,O
195,3,series,Solid-State,O
195,4,of,Solid-State,O
195,5,the,Solid-State,O
195,6,(Na1−xBix)LuGeO4,Solid-State,O
195,7,(,Solid-State,O
195,8,x,Solid-State,O
195,9,=,Solid-State,O
195,10,0,Solid-State,O
195,11,",",Solid-State,O
195,12,0.1,Solid-State,O
195,13,",",Solid-State,O
195,14,0.3,Solid-State,O
195,15,",",Solid-State,O
195,16,0.5,Solid-State,O
195,17,",",Solid-State,O
195,18,0.7,Solid-State,O
195,19,",",Solid-State,O
195,20,1.1,Solid-State,O
195,21,and,Solid-State,O
195,22,1.5,Solid-State,O
195,23,),Solid-State,O
195,24,and,Solid-State,O
195,25,the,Solid-State,O
195,26,Na0.989Bi0.011(Lu1−yEuy)GeO4,Solid-State,O
195,27,(,Solid-State,O
195,28,y,Solid-State,O
195,29,=,Solid-State,O
195,30,0.05,Solid-State,O
195,31,",",Solid-State,O
195,32,0.1,Solid-State,O
195,33,",",Solid-State,O
195,34,0.3,Solid-State,O
195,35,",",Solid-State,O
195,36,0.5,Solid-State,O
195,37,and,Solid-State,O
195,38,0.7,Solid-State,O
195,39,),Solid-State,O
195,40,samples,Solid-State,O
195,41,were,Solid-State,O
195,42,synthesized,Solid-State,Starting
195,43,by,Solid-State,O
195,44,the,Solid-State,O
195,45,traditional,Solid-State,O
195,46,solid,Solid-State,O
195,47,-,Solid-State,O
195,48,state,Solid-State,O
195,49,reaction,Solid-State,O
195,50,method,Solid-State,O
195,51,.,Solid-State,O
679,0,Conventional,Solid-State,O
679,1,ceramic,Solid-State,O
679,2,fabrication,Solid-State,O
679,3,processes,Solid-State,O
679,4,were,Solid-State,O
679,5,used,Solid-State,O
679,6,to,Solid-State,O
679,7,prepare,Solid-State,Starting
679,8,the,Solid-State,O
679,9,(Ba0.96Ca0.04)(Ti0.85Zr0.15)O3,Solid-State,O
679,10,(,Solid-State,O
679,11,BCTZ,Solid-State,O
679,12,),Solid-State,O
679,13,samples,Solid-State,O
679,14,using,Solid-State,O
679,15,commercial,Solid-State,O
679,16,powders,Solid-State,O
679,17,of,Solid-State,O
679,18,BaCO3,Solid-State,O
679,19,",",Solid-State,O
679,20,CaCO3,Solid-State,O
679,21,",",Solid-State,O
679,22,ZrO2,Solid-State,O
679,23,and,Solid-State,O
679,24,TiO2,Solid-State,O
679,25,.,Solid-State,O
2737,0,Pulsed,Solid-State,O
2737,1,laser,Solid-State,O
2737,2,deposition,Solid-State,O
2737,3,(,Solid-State,O
2737,4,PLD,Solid-State,O
2737,5,),Solid-State,O
2737,6,targets,Solid-State,O
2737,7,of,Solid-State,O
2737,8,LSC60,Solid-State,O
2737,9,-,Solid-State,O
2737,10,40113,Solid-State,O
2737,11,",",Solid-State,O
2737,12,LSC214,Solid-State,O
2737,13,",",Solid-State,O
2737,14,GDC,Solid-State,O
2737,15,with,Solid-State,O
2737,16,a,Solid-State,O
2737,17,diameter,Solid-State,O
2737,18,of,Solid-State,O
2737,19,25,Solid-State,O
2737,20,mm,Solid-State,O
2737,21,were,Solid-State,O
2737,22,fabricated,Solid-State,Starting
2737,23,by,Solid-State,O
2737,24,uniaxial,Solid-State,O
2737,25,pressing,Solid-State,Shaping
2737,26,at,Solid-State,O
2737,27,50,Solid-State,O
2737,28,MPa,Solid-State,O
2737,29,and,Solid-State,O
2737,30,sintering,Solid-State,Heating
2737,31,at,Solid-State,O
2737,32,1350,Solid-State,O
2737,33,°,Solid-State,O
2737,34,C,Solid-State,O
2737,35,in,Solid-State,O
2737,36,air,Solid-State,O
2737,37,for,Solid-State,O
2737,38,20,Solid-State,O
2737,39,hours,Solid-State,O
2737,40,.,Solid-State,O
1562,0,The,Solid-State,O
1562,1,products,Solid-State,O
1562,2,were,Solid-State,O
1562,3,cooled,Solid-State,Cooling
1562,4,down,Solid-State,O
1562,5,slowly,Solid-State,O
1562,6,to,Solid-State,O
1562,7,room,Solid-State,O
1562,8,temperature,Solid-State,O
1562,9,(,Solid-State,O
1562,10,RT,Solid-State,O
1562,11,),Solid-State,O
1562,12,by,Solid-State,O
1562,13,switching,Solid-State,O
1562,14,off,Solid-State,O
1562,15,the,Solid-State,O
1562,16,muffle,Solid-State,O
1562,17,furnace,Solid-State,O
1562,18,and,Solid-State,O
1562,19,finally,Solid-State,O
1562,20,ground,Solid-State,Mixing
1562,21,into,Solid-State,O
1562,22,a,Solid-State,O
1562,23,white,Solid-State,O
1562,24,powder,Solid-State,O
1562,25,.,Solid-State,O
2204,0,"19,20",Solid-State,O
2204,1,TiO2,Solid-State,O
2204,2,and,Solid-State,O
2204,3,Nb2O5,Solid-State,O
2204,4,in,Solid-State,O
2204,5,a,Solid-State,O
2204,6,stoichiometric,Solid-State,O
2204,7,ratio,Solid-State,O
2204,8,were,Solid-State,O
2204,9,mixed,Solid-State,Mixing
2204,10,with,Solid-State,O
2204,11,suitable,Solid-State,O
2204,12,ethanol,Solid-State,O
2204,13,in,Solid-State,O
2204,14,a,Solid-State,O
2204,15,ball,Solid-State,O
2204,16,mill,Solid-State,O
2204,17,for,Solid-State,O
2204,18,4,Solid-State,O
2204,19,h,Solid-State,O
2204,20,at,Solid-State,O
2204,21,400,Solid-State,O
2204,22,rpm,Solid-State,O
2204,23,speed,Solid-State,O
2204,24,.,Solid-State,O
1038,0,This,Solid-State,O
1038,1,powder,Solid-State,O
1038,2,was,Solid-State,O
1038,3,re-pelletized,Solid-State,Shaping
1038,4,and,Solid-State,O
1038,5,sintered,Solid-State,Heating
1038,6,at,Solid-State,O
1038,7,600,Solid-State,O
1038,8,°,Solid-State,O
1038,9,C,Solid-State,O
1038,10,for,Solid-State,O
1038,11,6,Solid-State,O
1038,12,hours,Solid-State,O
1038,13,under,Solid-State,O
1038,14,argon,Solid-State,O
1038,15,atmosphere,Solid-State,O
1038,16,to,Solid-State,O
1038,17,attain,Solid-State,O
1038,18,the,Solid-State,O
1038,19,desired,Solid-State,O
1038,20,phase,Solid-State,O
1038,21,.,Solid-State,O
17,0,Meanwhile,Hydrothermal,O
17,1,",",Hydrothermal,O
17,2,the,Hydrothermal,O
17,3,pure,Hydrothermal,O
17,4,ZnO,Hydrothermal,O
17,5,sample,Hydrothermal,O
17,6,was,Hydrothermal,O
17,7,also,Hydrothermal,O
17,8,synthesized,Hydrothermal,Starting
17,9,using,Hydrothermal,O
17,10,the,Hydrothermal,O
17,11,identical,Hydrothermal,O
17,12,procedure,Hydrothermal,O
17,13,with,Hydrothermal,O
17,14,no,Hydrothermal,O
17,15,adding,Hydrothermal,O
17,16,FeCl3·6H2O,Hydrothermal,O
17,17,for,Hydrothermal,O
17,18,comparison,Hydrothermal,O
17,19,.,Hydrothermal,O
1507,0,Mg,Precipitation,O
1507,1,–,Precipitation,O
1507,2,Cr,Precipitation,O
1507,3,LDH,Precipitation,O
1507,4,(,Precipitation,O
1507,5,Mg,Precipitation,O
1507,6,/,Precipitation,O
1507,7,Cr,Precipitation,O
1507,8,=,Precipitation,O
1507,9,3,Precipitation,O
1507,10,),Precipitation,O
1507,11,was,Precipitation,O
1507,12,prepared,Precipitation,Starting
1507,13,by,Precipitation,O
1507,14,co-precipitation,Precipitation,O
1507,15,.,Precipitation,O
1995,0,νmax(KBr),Hydrothermal,O
1995,1,/,Hydrothermal,O
1995,2,cm−1,Hydrothermal,O
1995,3,3063,Hydrothermal,O
1995,4,(,Hydrothermal,O
1995,5,νCC,Hydrothermal,O
1995,6,),Hydrothermal,O
1995,7,",",Hydrothermal,O
1995,8,1244,Hydrothermal,O
1995,9,(,Hydrothermal,O
1995,10,νO,Hydrothermal,O
1995,11,–,Hydrothermal,O
1995,12,C,Hydrothermal,O
1995,13,),Hydrothermal,O
1995,14,.,Hydrothermal,O
1303,0,For,Hydrothermal,O
1303,1,the,Hydrothermal,O
1303,2,synthesis,Hydrothermal,Starting
1303,3,of,Hydrothermal,O
1303,4,MnFe2O4,Hydrothermal,O
1303,5,nanoparticles,Hydrothermal,O
1303,6,",",Hydrothermal,O
1303,7,a,Hydrothermal,O
1303,8,mixture,Hydrothermal,O
1303,9,of,Hydrothermal,O
1303,10,MnCl2,Hydrothermal,O
1303,11,(,Hydrothermal,O
1303,12,0.416,Hydrothermal,O
1303,13,g,Hydrothermal,O
1303,14,",",Hydrothermal,O
1303,15,2.1,Hydrothermal,O
1303,16,mmol,Hydrothermal,O
1303,17,),Hydrothermal,O
1303,18,",",Hydrothermal,O
1303,19,FeCl3,Hydrothermal,O
1303,20,(,Hydrothermal,O
1303,21,0.683,Hydrothermal,O
1303,22,g,Hydrothermal,O
1303,23,",",Hydrothermal,O
1303,24,4.2,Hydrothermal,O
1303,25,mmol,Hydrothermal,O
1303,26,),Hydrothermal,O
1303,27,",",Hydrothermal,O
1303,28,and,Hydrothermal,O
1303,29,sodium,Hydrothermal,O
1303,30,acetate,Hydrothermal,O
1303,31,(,Hydrothermal,O
1303,32,0.5,Hydrothermal,O
1303,33,g,Hydrothermal,O
1303,34,),Hydrothermal,O
1303,35,was,Hydrothermal,O
1303,36,dissolved,Hydrothermal,Mixing
1303,37,in,Hydrothermal,O
1303,38,40,Hydrothermal,O
1303,39,ml,Hydrothermal,O
1303,40,ethylene,Hydrothermal,O
1303,41,glycol,Hydrothermal,O
1303,42,and,Hydrothermal,O
1303,43,stirred,Hydrothermal,Mixing
1303,44,vigorously,Hydrothermal,O
1303,45,for,Hydrothermal,O
1303,46,1,Hydrothermal,O
1303,47,h,Hydrothermal,O
1303,48,at,Hydrothermal,O
1303,49,room,Hydrothermal,O
1303,50,temperature,Hydrothermal,O
1303,51,to,Hydrothermal,O
1303,52,obtain,Hydrothermal,O
1303,53,a,Hydrothermal,O
1303,54,homogenous,Hydrothermal,O
1303,55,solution,Hydrothermal,O
1303,56,.,Hydrothermal,O
2261,0,Thermal,Hydrothermal,O
2261,1,treatments,Hydrothermal,O
2261,2,were,Hydrothermal,O
2261,3,carried,Hydrothermal,Heating
2261,4,out,Hydrothermal,Heating
2261,5,at,Hydrothermal,O
2261,6,120,Hydrothermal,O
2261,7,°,Hydrothermal,O
2261,8,C,Hydrothermal,O
2261,9,for,Hydrothermal,O
2261,10,24h,Hydrothermal,O
2261,11,in,Hydrothermal,O
2261,12,autogenous,Hydrothermal,O
2261,13,pressure,Hydrothermal,O
2261,14,.,Hydrothermal,O
2224,0,Finally,Solid-State,O
2224,1,",",Solid-State,O
2224,2,the,Solid-State,O
2224,3,PbO,Solid-State,O
2224,4,powders,Solid-State,O
2224,5,were,Solid-State,O
2224,6,added,Solid-State,Mixing
2224,7,",",Solid-State,O
2224,8,and,Solid-State,O
2224,9,then,Solid-State,O
2224,10,ball,Solid-State,Mixing
2224,11,milled,Solid-State,Mixing
2224,12,",",Solid-State,O
2224,13,and,Solid-State,O
2224,14,calcined,Solid-State,Heating
2224,15,at,Solid-State,O
2224,16,950,Solid-State,O
2224,17,°,Solid-State,O
2224,18,C,Solid-State,O
2224,19,for,Solid-State,O
2224,20,4h,Solid-State,O
2224,21,",",Solid-State,O
2224,22,twice,Solid-State,O
2224,23,.,Solid-State,O
2626,0,The,Precipitation,O
2626,1,precipitated,Precipitation,O
2626,2,Fe3O4,Precipitation,O
2626,3,magnetic,Precipitation,O
2626,4,nanoparticles,Precipitation,O
2626,5,were,Precipitation,O
2626,6,washed,Precipitation,Purification
2626,7,with,Precipitation,O
2626,8,distilled,Precipitation,O
2626,9,water,Precipitation,O
2626,10,and,Precipitation,O
2626,11,ethanol,Precipitation,O
2626,12,.,Precipitation,O
650,0,After,Solid-State,O
650,1,that,Solid-State,O
650,2,",",Solid-State,O
650,3,the,Solid-State,O
650,4,green,Solid-State,O
650,5,body,Solid-State,O
650,6,was,Solid-State,O
650,7,sintered,Solid-State,Heating
650,8,at,Solid-State,O
650,9,1100,Solid-State,O
650,10,°,Solid-State,O
650,11,C,Solid-State,O
650,12,for,Solid-State,O
650,13,10,Solid-State,O
650,14,h,Solid-State,O
650,15,with,Solid-State,O
650,16,the,Solid-State,O
650,17,heating,Solid-State,O
650,18,rate,Solid-State,O
650,19,of,Solid-State,O
650,20,200,Solid-State,O
650,21,°,Solid-State,O
650,22,C,Solid-State,O
650,23,/,Solid-State,O
650,24,h,Solid-State,O
650,25,and,Solid-State,O
650,26,furnace,Solid-State,O
650,27,cooled,Solid-State,Cooling
650,28,.,Solid-State,O
2535,0,Aqueous,Precipitation,O
2535,1,solutions,Precipitation,O
2535,2,of,Precipitation,O
2535,3,Ce(NO3)3,Precipitation,O
2535,4,and,Precipitation,O
2535,5,NH4VO3,Precipitation,O
2535,6,were,Precipitation,O
2535,7,mixed,Precipitation,Mixing
2535,8,at,Precipitation,O
2535,9,the,Precipitation,O
2535,10,required,Precipitation,O
2535,11,mass,Precipitation,O
2535,12,ratio,Precipitation,O
2535,13,(,Precipitation,O
2535,14,the,Precipitation,O
2535,15,mass,Precipitation,O
2535,16,ratio,Precipitation,O
2535,17,of,Precipitation,O
2535,18,vanadium,Precipitation,O
2535,19,oxide,Precipitation,O
2535,20,was,Precipitation,O
2535,21,controlled,Precipitation,O
2535,22,at,Precipitation,O
2535,23,3,Precipitation,O
2535,24,wt.,Precipitation,O
2535,25,%,Precipitation,O
2535,26,),Precipitation,O
2535,27,.,Precipitation,O
2308,0,The,Hydrothermal,O
2308,1,pH,Hydrothermal,O
2308,2,of,Hydrothermal,O
2308,3,the,Hydrothermal,O
2308,4,reaction,Hydrothermal,O
2308,5,mixture,Hydrothermal,O
2308,6,was,Hydrothermal,O
2308,7,maintained,Hydrothermal,Reaction
2308,8,at,Hydrothermal,O
2308,9,∼,Hydrothermal,O
2308,10,9,Hydrothermal,O
2308,11,–,Hydrothermal,O
2308,12,11,Hydrothermal,O
2308,13,to,Hydrothermal,O
2308,14,avoid,Hydrothermal,O
2308,15,desilication,Hydrothermal,O
2308,16,.,Hydrothermal,O
1993,0,The,Solid-State,O
1993,1,powders,Solid-State,O
1993,2,were,Solid-State,O
1993,3,first,Solid-State,O
1993,4,calcinated,Solid-State,Heating
1993,5,in,Solid-State,O
1993,6,air,Solid-State,O
1993,7,at,Solid-State,O
1993,8,950,Solid-State,O
1993,9,°,Solid-State,O
1993,10,C,Solid-State,O
1993,11,followed,Solid-State,O
1993,12,by,Solid-State,O
1993,13,grinding,Solid-State,Mixing
1993,14,and,Solid-State,O
1993,15,pressing,Solid-State,Shaping
1993,16,into,Solid-State,O
1993,17,cylindrical,Solid-State,O
1993,18,pellets,Solid-State,O
1993,19,.,Solid-State,O
203,0,The,Sol-Gel,O
203,1,gel,Sol-Gel,O
203,2,was,Sol-Gel,O
203,3,dried,Sol-Gel,Purification
203,4,in,Sol-Gel,O
203,5,air,Sol-Gel,O
203,6,oven,Sol-Gel,O
203,7,at,Sol-Gel,O
203,8,120,Sol-Gel,O
203,9,°,Sol-Gel,O
203,10,C,Sol-Gel,O
203,11,for,Sol-Gel,O
203,12,12,Sol-Gel,O
203,13,h,Sol-Gel,O
203,14,.,Sol-Gel,O
880,0,According,Solid-State,O
880,1,to,Solid-State,O
880,2,that,Solid-State,O
880,3,preparation,Solid-State,O
880,4,route,Solid-State,O
880,5,an,Solid-State,O
880,6,equimolar,Solid-State,O
880,7,mixture,Solid-State,O
880,8,of,Solid-State,O
880,9,BaF2,Solid-State,O
880,10,and,Solid-State,O
880,11,LiF,Solid-State,O
880,12,",",Solid-State,O
880,13,which,Solid-State,O
880,14,was,Solid-State,O
880,15,initially,Solid-State,O
880,16,mixed,Solid-State,Mixing
880,17,for,Solid-State,O
880,18,10,Solid-State,O
880,19,min,Solid-State,O
880,20,in,Solid-State,O
880,21,a,Solid-State,O
880,22,planetary,Solid-State,O
880,23,mill,Solid-State,O
880,24,at,Solid-State,O
880,25,600,Solid-State,O
880,26,rpm,Solid-State,O
880,27,",",Solid-State,O
880,28,was,Solid-State,O
880,29,heated,Solid-State,Heating
880,30,for,Solid-State,O
880,31,about,Solid-State,O
880,32,two,Solid-State,O
880,33,hours,Solid-State,O
880,34,in,Solid-State,O
880,35,nitrogen,Solid-State,O
880,36,atmosphere,Solid-State,O
880,37,at,Solid-State,O
880,38,620,Solid-State,O
880,39,K,Solid-State,O
880,40,for,Solid-State,O
880,41,drying,Solid-State,O
880,42,purposes,Solid-State,O
880,43,and,Solid-State,O
880,44,then,Solid-State,O
880,45,fired,Solid-State,Heating
880,46,at,Solid-State,O
880,47,1020,Solid-State,O
880,48,K,Solid-State,O
880,49,for,Solid-State,O
880,50,5,Solid-State,O
880,51,h,Solid-State,O
880,52,.,Solid-State,O
757,0,All,Hydrothermal,O
757,1,chemicals,Hydrothermal,O
757,2,were,Hydrothermal,O
757,3,of,Hydrothermal,O
757,4,analytical,Hydrothermal,O
757,5,grade,Hydrothermal,O
757,6,and,Hydrothermal,O
757,7,used,Hydrothermal,O
757,8,without,Hydrothermal,O
757,9,any,Hydrothermal,O
757,10,further,Hydrothermal,O
757,11,purification,Hydrothermal,O
757,12,.,Hydrothermal,O
2221,0,The,Solid-State,O
2221,1,solution,Solid-State,O
2221,2,was,Solid-State,O
2221,3,evaporated,Solid-State,Purification
2221,4,to,Solid-State,O
2221,5,dryness,Solid-State,O
2221,6,at,Solid-State,O
2221,7,350,Solid-State,O
2221,8,°,Solid-State,O
2221,9,C,Solid-State,O
2221,10,",",Solid-State,O
2221,11,and,Solid-State,O
2221,12,the,Solid-State,O
2221,13,dried,Solid-State,Purification
2221,14,powder,Solid-State,O
2221,15,was,Solid-State,O
2221,16,calcined,Solid-State,Heating
2221,17,at,Solid-State,O
2221,18,850,Solid-State,O
2221,19,°,Solid-State,O
2221,20,C,Solid-State,O
2221,21,for,Solid-State,O
2221,22,5,Solid-State,O
2221,23,h,Solid-State,O
2221,24,in,Solid-State,O
2221,25,air,Solid-State,O
2221,26,.,Solid-State,O
2568,0,After,Hydrothermal,O
2568,1,stirring,Hydrothermal,Mixing
2568,2,for,Hydrothermal,O
2568,3,15,Hydrothermal,O
2568,4,min,Hydrothermal,O
2568,5,",",Hydrothermal,O
2568,6,the,Hydrothermal,O
2568,7,mixture,Hydrothermal,O
2568,8,was,Hydrothermal,O
2568,9,then,Hydrothermal,O
2568,10,transferred,Hydrothermal,Non-altering
2568,11,to,Hydrothermal,O
2568,12,a,Hydrothermal,O
2568,13,30,Hydrothermal,O
2568,14,mL,Hydrothermal,O
2568,15,Teflon,Hydrothermal,O
2568,16,-,Hydrothermal,O
2568,17,lined,Hydrothermal,O
2568,18,stainless,Hydrothermal,O
2568,19,autoclave,Hydrothermal,O
2568,20,.,Hydrothermal,O
2718,0,These,Solid-State,O
2718,1,cakes,Solid-State,O
2718,2,were,Solid-State,O
2718,3,pre-sintered,Solid-State,Heating
2718,4,at,Solid-State,O
2718,5,a,Solid-State,O
2718,6,temperature,Solid-State,O
2718,7,of,Solid-State,O
2718,8,800,Solid-State,O
2718,9,°,Solid-State,O
2718,10,C,Solid-State,O
2718,11,for,Solid-State,O
2718,12,2h,Solid-State,O
2718,13,in,Solid-State,O
2718,14,closed,Solid-State,O
2718,15,alumina,Solid-State,O
2718,16,crucibles,Solid-State,O
2718,17,.,Solid-State,O
2806,0,The,Solid-State,O
2806,1,precursor,Solid-State,O
2806,2,oxide,Solid-State,O
2806,3,Sr2TiO4,Solid-State,O
2806,4,was,Solid-State,O
2806,5,synthesized,Solid-State,Starting
2806,6,by,Solid-State,O
2806,7,a,Solid-State,O
2806,8,solid,Solid-State,O
2806,9,-,Solid-State,O
2806,10,state,Solid-State,O
2806,11,reaction,Solid-State,O
2806,12,of,Solid-State,O
2806,13,high,Solid-State,O
2806,14,purity,Solid-State,O
2806,15,SrCO3,Solid-State,O
2806,16,(,Solid-State,O
2806,17,≥,Solid-State,O
2806,18,98,Solid-State,O
2806,19,%,Solid-State,O
2806,20,",",Solid-State,O
2806,21,Sigma-Aldrich,Solid-State,O
2806,22,",",Solid-State,O
2806,23,Germany,Solid-State,O
2806,24,),Solid-State,O
2806,25,and,Solid-State,O
2806,26,TiO2,Solid-State,O
2806,27,(,Solid-State,O
2806,28,nanopowder,Solid-State,O
2806,29,",",Solid-State,O
2806,30,≥,Solid-State,O
2806,31,99.7,Solid-State,O
2806,32,%,Solid-State,O
2806,33,",",Solid-State,O
2806,34,anatase,Solid-State,O
2806,35,",",Solid-State,O
2806,36,Sigma-Aldrich,Solid-State,O
2806,37,",",Solid-State,O
2806,38,Germany,Solid-State,O
2806,39,),Solid-State,O
2806,40,.,Solid-State,O
1976,0,The,Precipitation,O
1976,1,complete,Precipitation,O
1976,2,removal,Precipitation,O
1976,3,of,Precipitation,O
1976,4,excess,Precipitation,O
1976,5,Pt(NH3)4Cl2,Precipitation,O
1976,6,from,Precipitation,O
1976,7,the,Precipitation,O
1976,8,support,Precipitation,O
1976,9,was,Precipitation,O
1976,10,proven,Precipitation,O
1976,11,by,Precipitation,O
1976,12,the,Precipitation,O
1976,13,absence,Precipitation,O
1976,14,of,Precipitation,O
1976,15,chloride,Precipitation,O
1976,16,ions,Precipitation,O
1976,17,in,Precipitation,O
1976,18,the,Precipitation,O
1976,19,washing,Precipitation,O
1976,20,water,Precipitation,O
1976,21,by,Precipitation,O
1976,22,addition,Precipitation,Mixing
1976,23,of,Precipitation,O
1976,24,AgNO3,Precipitation,O
1976,25,-,Precipitation,O
1976,26,solution,Precipitation,O
1976,27,.,Precipitation,O
1734,0,The,Precipitation,O
1734,1,dicarboxylic,Precipitation,O
1734,2,acid,Precipitation,O
1734,3,(,Precipitation,O
1734,4,28.8,Precipitation,O
1734,5,g,Precipitation,O
1734,6,",",Precipitation,O
1734,7,0.12,Precipitation,O
1734,8,mol,Precipitation,O
1734,9,),Precipitation,O
1734,10,was,Precipitation,O
1734,11,dissolved,Precipitation,Mixing
1734,12,in,Precipitation,O
1734,13,thionyl,Precipitation,O
1734,14,chloride,Precipitation,O
1734,15,(,Precipitation,O
1734,16,100,Precipitation,O
1734,17,mL,Precipitation,O
1734,18,),Precipitation,O
1734,19,and,Precipitation,O
1734,20,heated,Precipitation,Heating
1734,21,to,Precipitation,Heating
1734,22,reflux,Precipitation,Heating
1734,23,for,Precipitation,O
1734,24,4,Precipitation,O
1734,25,h,Precipitation,O
1734,26,.,Precipitation,O
2750,0,Polycrystalline,Solid-State,O
2750,1,MAl2O4,Solid-State,O
2750,2,:,Solid-State,O
2750,3,Eu,Solid-State,O
2750,4,",",Solid-State,O
2750,5,Dy,Solid-State,O
2750,6,(,Solid-State,O
2750,7,M,Solid-State,O
2750,8,:,Solid-State,O
2750,9,Ca,Solid-State,O
2750,10,",",Solid-State,O
2750,11,Sr,Solid-State,O
2750,12,",",Solid-State,O
2750,13,Ba,Solid-State,O
2750,14,),Solid-State,O
2750,15,phosphor,Solid-State,O
2750,16,powders,Solid-State,O
2750,17,were,Solid-State,O
2750,18,prepared,Solid-State,Starting
2750,19,by,Solid-State,O
2750,20,solution,Solid-State,O
2750,21,combustion,Solid-State,O
2750,22,between,Solid-State,O
2750,23,calcium,Solid-State,O
2750,24,nitrate,Solid-State,O
2750,25,(,Solid-State,O
2750,26,Ca(NO3)3·4H2O,Solid-State,O
2750,27,",",Solid-State,O
2750,28,barium,Solid-State,O
2750,29,nitrate,Solid-State,O
2750,30,(,Solid-State,O
2750,31,Ba(NO3)3·4H2O,Solid-State,O
2750,32,),Solid-State,O
2750,33,",",Solid-State,O
2750,34,strontium,Solid-State,O
2750,35,nitrate,Solid-State,O
2750,36,(,Solid-State,O
2750,37,Sr(NO3)3·4H2O,Solid-State,O
2750,38,),Solid-State,O
2750,39,",",Solid-State,O
2750,40,aluminum,Solid-State,O
2750,41,nitrate,Solid-State,O
2750,42,(,Solid-State,O
2750,43,Al(NO3)3·9H2O,Solid-State,O
2750,44,),Solid-State,O
2750,45,",",Solid-State,O
2750,46,urea,Solid-State,O
2750,47,(,Solid-State,O
2750,48,CO(NH2)2,Solid-State,O
2750,49,),Solid-State,O
2750,50,and,Solid-State,O
2750,51,rare,Solid-State,O
2750,52,earth,Solid-State,O
2750,53,nitrates,Solid-State,O
2750,54,.,Solid-State,O
578,0,Iron,Sol-Gel,O
578,1,(,Sol-Gel,O
578,2,III,Sol-Gel,O
578,3,),Sol-Gel,O
578,4,citrate,Sol-Gel,O
578,5,solution,Sol-Gel,O
578,6,was,Sol-Gel,O
578,7,prepared,Sol-Gel,Starting
578,8,in,Sol-Gel,O
578,9,distilled,Sol-Gel,O
578,10,water,Sol-Gel,O
578,11,by,Sol-Gel,O
578,12,heating,Sol-Gel,Heating
578,13,at,Sol-Gel,O
578,14,40,Sol-Gel,O
578,15,°,Sol-Gel,O
578,16,C,Sol-Gel,O
578,17,under,Sol-Gel,O
578,18,continuous,Sol-Gel,O
578,19,stirring,Sol-Gel,Mixing
578,20,.,Sol-Gel,O
703,0,Then,Hydrothermal,O
703,1,",",Hydrothermal,O
703,2,the,Hydrothermal,O
703,3,solution,Hydrothermal,O
703,4,was,Hydrothermal,O
703,5,transferred,Hydrothermal,Non-altering
703,6,into,Hydrothermal,O
703,7,a,Hydrothermal,O
703,8,100,Hydrothermal,O
703,9,mL,Hydrothermal,O
703,10,of,Hydrothermal,O
703,11,Teflon,Hydrothermal,O
703,12,lined,Hydrothermal,O
703,13,steel,Hydrothermal,O
703,14,autoclave,Hydrothermal,O
703,15,under,Hydrothermal,O
703,16,successive,Hydrothermal,O
703,17,stirring,Hydrothermal,Mixing
703,18,at,Hydrothermal,O
703,19,180,Hydrothermal,O
703,20,°,Hydrothermal,O
703,21,C,Hydrothermal,O
703,22,for,Hydrothermal,O
703,23,24,Hydrothermal,O
703,24,h,Hydrothermal,O
703,25,.,Hydrothermal,O
2671,0,As,Hydrothermal,O
2671,1,the,Hydrothermal,O
2671,2,autoclave,Hydrothermal,O
2671,3,was,Hydrothermal,O
2671,4,cooled,Hydrothermal,Cooling
2671,5,to,Hydrothermal,O
2671,6,room,Hydrothermal,O
2671,7,temperature,Hydrothermal,O
2671,8,naturally,Hydrothermal,O
2671,9,",",Hydrothermal,O
2671,10,the,Hydrothermal,O
2671,11,precipitate,Hydrothermal,O
2671,12,was,Hydrothermal,O
2671,13,filtered,Hydrothermal,Purification
2671,14,and,Hydrothermal,O
2671,15,washed,Hydrothermal,Purification
2671,16,with,Hydrothermal,O
2671,17,alcohol,Hydrothermal,O
2671,18,and,Hydrothermal,O
2671,19,deionized,Hydrothermal,O
2671,20,water,Hydrothermal,O
2671,21,several,Hydrothermal,O
2671,22,times,Hydrothermal,O
2671,23,.,Hydrothermal,O
1926,0,All,Hydrothermal,O
1926,1,materials,Hydrothermal,O
1926,2,were,Hydrothermal,O
1926,3,stored,Hydrothermal,Reaction
1926,4,at,Hydrothermal,O
1926,5,120,Hydrothermal,O
1926,6,°,Hydrothermal,O
1926,7,C,Hydrothermal,O
1926,8,for,Hydrothermal,O
1926,9,12,Hydrothermal,O
1926,10,hours,Hydrothermal,O
1926,11,prior,Hydrothermal,O
1926,12,to,Hydrothermal,O
1926,13,use,Hydrothermal,O
1926,14,.,Hydrothermal,O
1737,0,0.8,Hydrothermal,O
1737,1,g,Hydrothermal,O
1737,2,L-cysteine,Hydrothermal,O
1737,3,was,Hydrothermal,O
1737,4,",",Hydrothermal,O
1737,5,then,Hydrothermal,O
1737,6,",",Hydrothermal,O
1737,7,dissolved,Hydrothermal,Mixing
1737,8,in,Hydrothermal,O
1737,9,40,Hydrothermal,O
1737,10,mL,Hydrothermal,O
1737,11,ultrapure,Hydrothermal,O
1737,12,water,Hydrothermal,O
1737,13,and,Hydrothermal,O
1737,14,mixed,Hydrothermal,Mixing
1737,15,with,Hydrothermal,O
1737,16,the,Hydrothermal,O
1737,17,as-prepared,Hydrothermal,O
1737,18,NaMoO4,Hydrothermal,O
1737,19,solution,Hydrothermal,O
1737,20,.,Hydrothermal,O
1606,0,The,Solid-State,O
1606,1,pulverized,Solid-State,Mixing
1606,2,powder,Solid-State,O
1606,3,was,Solid-State,O
1606,4,granulated,Solid-State,Purification
1606,5,through,Solid-State,O
1606,6,sieves,Solid-State,O
1606,7,of,Solid-State,O
1606,8,85-120,Solid-State,O
1606,9,mesh,Solid-State,O
1606,10,(,Solid-State,O
1606,11,BSS,Solid-State,O
1606,12,),Solid-State,O
1606,13,and,Solid-State,O
1606,14,compressed,Solid-State,Shaping
1606,15,to,Solid-State,O
1606,16,form,Solid-State,O
1606,17,pellets,Solid-State,O
1606,18,of,Solid-State,O
1606,19,thickness,Solid-State,O
1606,20,1-1.2,Solid-State,O
1606,21,mm,Solid-State,O
1606,22,.,Solid-State,O
469,0,The,Precipitation,O
469,1,resulting,Precipitation,O
469,2,white,Precipitation,O
469,3,solid,Precipitation,O
469,4,was,Precipitation,O
469,5,filtered,Precipitation,Purification
469,6,",",Precipitation,O
469,7,washed,Precipitation,Purification
469,8,with,Precipitation,O
469,9,ice,Precipitation,O
469,10,-,Precipitation,O
469,11,cold,Precipitation,O
469,12,water,Precipitation,O
469,13,(,Precipitation,O
469,14,60,Precipitation,O
469,15,mL,Precipitation,O
469,16,),Precipitation,O
469,17,and,Precipitation,O
469,18,air,Precipitation,Purification
469,19,-,Precipitation,Purification
469,20,dried,Precipitation,Purification
469,21,to,Precipitation,O
469,22,give,Precipitation,O
469,23,"5-bromopyridine-2,5-dicarboxylic",Precipitation,O
469,24,acid,Precipitation,O
469,25,(,Precipitation,O
469,26,29.8,Precipitation,O
469,27,g,Precipitation,O
469,28,",",Precipitation,O
469,29,60,Precipitation,O
469,30,%,Precipitation,O
469,31,),Precipitation,O
469,32,;,Precipitation,O
469,33,(,Precipitation,O
469,34,1H,Precipitation,O
469,35,-,Precipitation,O
469,36,NMR,Precipitation,O
469,37,(,Precipitation,O
469,38,250,Precipitation,O
469,39,MHz,Precipitation,O
469,40,",",Precipitation,O
469,41,d6-DMSO,Precipitation,O
469,42,),Precipitation,O
469,43,δ,Precipitation,O
469,44,8.18,Precipitation,O
469,45,(,Precipitation,O
469,46,1,Precipitation,O
469,47,H,Precipitation,O
469,48,",",Precipitation,O
469,49,d,Precipitation,O
469,50,",",Precipitation,O
469,51,J,Precipitation,O
469,52,=,Precipitation,O
469,53,8.4,Precipitation,O
469,54,Hz,Precipitation,O
469,55,),Precipitation,O
469,56,",",Precipitation,O
469,57,7.82,Precipitation,O
469,58,(,Precipitation,O
469,59,1H,Precipitation,O
469,60,",",Precipitation,O
469,61,d,Precipitation,O
469,62,",",Precipitation,O
469,63,J,Precipitation,O
469,64,=,Precipitation,O
469,65,8.4,Precipitation,O
469,66,Hz,Precipitation,O
469,67,),Precipitation,O
469,68,),Precipitation,O
469,69,.,Precipitation,O
702,0,The,Sol-Gel,O
702,1,LiCo1,Sol-Gel,O
702,2,-,Sol-Gel,O
702,3,yAlyO2,Sol-Gel,O
702,4,and,Sol-Gel,O
702,5,LiNi0.5-yAlyCo0.5O2,Sol-Gel,O
702,6,(,Sol-Gel,O
702,7,0,Sol-Gel,O
702,8,≤,Sol-Gel,O
702,9,y,Sol-Gel,O
702,10,≤,Sol-Gel,O
702,11,0.3,Sol-Gel,O
702,12,),Sol-Gel,O
702,13,samples,Sol-Gel,O
702,14,were,Sol-Gel,O
702,15,prepared,Sol-Gel,Starting
702,16,by,Sol-Gel,O
702,17,a,Sol-Gel,O
702,18,sol,Sol-Gel,O
702,19,-,Sol-Gel,O
702,20,gel,Sol-Gel,O
702,21,method,Sol-Gel,O
702,22,using,Sol-Gel,O
702,23,succinic,Sol-Gel,O
702,24,acid,Sol-Gel,O
702,25,(,Sol-Gel,O
702,26,C4H6O4,Sol-Gel,O
702,27,),Sol-Gel,O
702,28,as,Sol-Gel,O
702,29,chelating,Sol-Gel,O
702,30,agent,Sol-Gel,O
702,31,.,Sol-Gel,O
1125,0,The,Precipitation,O
1125,1,hydroxide,Precipitation,O
1125,2,precursor,Precipitation,O
1125,3,of,Precipitation,O
1125,4,MgAl2O4,Precipitation,O
1125,5,was,Precipitation,O
1125,6,synthesized,Precipitation,Starting
1125,7,via,Precipitation,O
1125,8,the,Precipitation,O
1125,9,coprecipitation,Precipitation,O
1125,10,method,Precipitation,O
1125,11,.,Precipitation,O
2756,0,Then,Precipitation,O
2756,1,ethanol,Precipitation,O
2756,2,was,Precipitation,O
2756,3,removed,Precipitation,Purification
2756,4,under,Precipitation,O
2756,5,vacuum,Precipitation,O
2756,6,and,Precipitation,O
2756,7,the,Precipitation,O
2756,8,product,Precipitation,O
2756,9,was,Precipitation,O
2756,10,obtained,Precipitation,O
2756,11,.,Precipitation,O
1630,0,First,Hydrothermal,O
1630,1,",",Hydrothermal,O
1630,2,0.475,Hydrothermal,O
1630,3,g,Hydrothermal,O
1630,4,(,Hydrothermal,O
1630,5,2,Hydrothermal,O
1630,6,mmol,Hydrothermal,O
1630,7,),Hydrothermal,O
1630,8,of,Hydrothermal,O
1630,9,NiCl2·6H2O,Hydrothermal,O
1630,10,and,Hydrothermal,O
1630,11,0.951,Hydrothermal,O
1630,12,g,Hydrothermal,O
1630,13,(,Hydrothermal,O
1630,14,4,Hydrothermal,O
1630,15,mmol,Hydrothermal,O
1630,16,),Hydrothermal,O
1630,17,of,Hydrothermal,O
1630,18,CoCl2·6H2O,Hydrothermal,O
1630,19,were,Hydrothermal,O
1630,20,dissolved,Hydrothermal,Mixing
1630,21,in,Hydrothermal,O
1630,22,a,Hydrothermal,O
1630,23,mixed,Hydrothermal,O
1630,24,solution,Hydrothermal,O
1630,25,of,Hydrothermal,O
1630,26,35,Hydrothermal,O
1630,27,mL,Hydrothermal,O
1630,28,of,Hydrothermal,O
1630,29,H2O,Hydrothermal,O
1630,30,and,Hydrothermal,O
1630,31,40,Hydrothermal,O
1630,32,mL,Hydrothermal,O
1630,33,of,Hydrothermal,O
1630,34,ethanol,Hydrothermal,O
1630,35,at,Hydrothermal,O
1630,36,room,Hydrothermal,O
1630,37,temperature,Hydrothermal,O
1630,38,to,Hydrothermal,O
1630,39,form,Hydrothermal,O
1630,40,a,Hydrothermal,O
1630,41,clear,Hydrothermal,O
1630,42,pink,Hydrothermal,O
1630,43,solution,Hydrothermal,O
1630,44,.,Hydrothermal,O
2096,0,Prior,Solid-State,O
2096,1,to,Solid-State,O
2096,2,weighing,Solid-State,O
2096,3,",",Solid-State,O
2096,4,niobium,Solid-State,O
2096,5,and,Solid-State,O
2096,6,rare,Solid-State,O
2096,7,-,Solid-State,O
2096,8,earth,Solid-State,O
2096,9,oxides,Solid-State,O
2096,10,were,Solid-State,O
2096,11,calcined,Solid-State,Heating
2096,12,in,Solid-State,O
2096,13,air,Solid-State,O
2096,14,to,Solid-State,O
2096,15,remove,Solid-State,O
2096,16,the,Solid-State,O
2096,17,adsorbates,Solid-State,O
2096,18,.,Solid-State,O
1211,0,The,Solid-State,O
1211,1,milled,Solid-State,Mixing
1211,2,slurry,Solid-State,O
1211,3,was,Solid-State,O
1211,4,dried,Solid-State,Purification
1211,5,(,Solid-State,O
1211,6,while,Solid-State,O
1211,7,constantly,Solid-State,O
1211,8,being,Solid-State,O
1211,9,stirred,Solid-State,Mixing
1211,10,to,Solid-State,O
1211,11,avoid,Solid-State,O
1211,12,segregation,Solid-State,O
1211,13,),Solid-State,O
1211,14,and,Solid-State,O
1211,15,later,Solid-State,O
1211,16,calcined,Solid-State,Heating
1211,17,at,Solid-State,O
1211,18,1250,Solid-State,O
1211,19,°,Solid-State,O
1211,20,C,Solid-State,O
1211,21,for,Solid-State,O
1211,22,2h,Solid-State,O
1211,23,in,Solid-State,O
1211,24,a,Solid-State,O
1211,25,partially,Solid-State,O
1211,26,sealed,Solid-State,O
1211,27,zirconia,Solid-State,O
1211,28,crucible,Solid-State,O
1211,29,in,Solid-State,O
1211,30,air,Solid-State,O
1211,31,.,Solid-State,O
115,0,After,Precipitation,O
115,1,continuously,Precipitation,O
115,2,stirring,Precipitation,Mixing
115,3,for,Precipitation,O
115,4,1,Precipitation,O
115,5,h,Precipitation,O
115,6,",",Precipitation,O
115,7,the,Precipitation,O
115,8,black,Precipitation,O
115,9,-,Precipitation,O
115,10,brown,Precipitation,O
115,11,product,Precipitation,O
115,12,was,Precipitation,O
115,13,separated,Precipitation,Purification
115,14,by,Precipitation,O
115,15,a,Precipitation,O
115,16,magnet,Precipitation,O
115,17,and,Precipitation,O
115,18,washed,Precipitation,Purification
115,19,with,Precipitation,O
115,20,deionized,Precipitation,O
115,21,water,Precipitation,O
115,22,several,Precipitation,O
115,23,times,Precipitation,O
115,24,to,Precipitation,O
115,25,obtain,Precipitation,O
115,26,a,Precipitation,O
115,27,series,Precipitation,O
115,28,of,Precipitation,O
115,29,catalysts,Precipitation,O
115,30,with,Precipitation,O
115,31,different,Precipitation,O
115,32,Na,Precipitation,O
115,33,/,Precipitation,O
115,34,Fe,Precipitation,O
115,35,weight,Precipitation,O
115,36,ratios,Precipitation,O
115,37,of,Precipitation,O
115,38,x,Precipitation,O
115,39,/,Precipitation,O
115,40,100,Precipitation,O
115,41,.,Precipitation,O
695,0,Pure,Hydrothermal,O
695,1,TiO2,Hydrothermal,O
695,2,powders,Hydrothermal,O
695,3,(,Hydrothermal,O
695,4,10,Hydrothermal,O
695,5,g,Hydrothermal,O
695,6,Degussa,Hydrothermal,O
695,7,P25,Hydrothermal,O
695,8,),Hydrothermal,O
695,9,were,Hydrothermal,O
695,10,dispersed,Hydrothermal,Mixing
695,11,in,Hydrothermal,O
695,12,350,Hydrothermal,O
695,13,ml,Hydrothermal,O
695,14,NaOH,Hydrothermal,O
695,15,(,Hydrothermal,O
695,16,10,Hydrothermal,O
695,17,N,Hydrothermal,O
695,18,),Hydrothermal,O
695,19,solution,Hydrothermal,O
695,20,and,Hydrothermal,O
695,21,then,Hydrothermal,O
695,22,transferred,Hydrothermal,Non-altering
695,23,into,Hydrothermal,O
695,24,a,Hydrothermal,O
695,25,Teflon,Hydrothermal,O
695,26,lined,Hydrothermal,O
695,27,stainless,Hydrothermal,O
695,28,steel,Hydrothermal,O
695,29,autoclave,Hydrothermal,O
695,30,.,Hydrothermal,O
2102,0,The,Hydrothermal,O
2102,1,as-obtained,Hydrothermal,O
2102,2,powders,Hydrothermal,O
2102,3,were,Hydrothermal,O
2102,4,then,Hydrothermal,O
2102,5,placed,Hydrothermal,Non-altering
2102,6,in,Hydrothermal,O
2102,7,a,Hydrothermal,O
2102,8,tube,Hydrothermal,O
2102,9,furnace,Hydrothermal,O
2102,10,and,Hydrothermal,O
2102,11,annealed,Hydrothermal,Heating
2102,12,at,Hydrothermal,O
2102,13,800,Hydrothermal,O
2102,14,°,Hydrothermal,O
2102,15,C,Hydrothermal,O
2102,16,for,Hydrothermal,O
2102,17,4,Hydrothermal,O
2102,18,h,Hydrothermal,O
2102,19,under,Hydrothermal,O
2102,20,argon,Hydrothermal,O
2102,21,atmosphere,Hydrothermal,O
2102,22,at,Hydrothermal,O
2102,23,a,Hydrothermal,O
2102,24,heating,Hydrothermal,O
2102,25,rate,Hydrothermal,O
2102,26,of,Hydrothermal,O
2102,27,4,Hydrothermal,O
2102,28,°,Hydrothermal,O
2102,29,C,Hydrothermal,O
2102,30,min−1,Hydrothermal,O
2102,31,.,Hydrothermal,O
3027,0,The,Precipitation,O
3027,1,obtained,Precipitation,O
3027,2,Fe3O4,Precipitation,O
3027,3,nanoparticles,Precipitation,O
3027,4,were,Precipitation,O
3027,5,collected,Precipitation,Purification
3027,6,with,Precipitation,O
3027,7,the,Precipitation,O
3027,8,help,Precipitation,O
3027,9,of,Precipitation,O
3027,10,an,Precipitation,O
3027,11,external,Precipitation,O
3027,12,magnet,Precipitation,O
3027,13,and,Precipitation,O
3027,14,dried,Precipitation,Purification
3027,15,at,Precipitation,O
3027,16,60,Precipitation,O
3027,17,°,Precipitation,O
3027,18,C,Precipitation,O
3027,19,for,Precipitation,O
3027,20,2,Precipitation,O
3027,21,h,Precipitation,O
3027,22,under,Precipitation,O
3027,23,vacuum,Precipitation,O
3027,24,and,Precipitation,O
3027,25,subjected,Precipitation,O
3027,26,to,Precipitation,O
3027,27,thermal,Precipitation,Heating
3027,28,treatment,Precipitation,Heating
3027,29,at,Precipitation,O
3027,30,150,Precipitation,O
3027,31,°,Precipitation,O
3027,32,C,Precipitation,O
3027,33,for,Precipitation,O
3027,34,2,Precipitation,O
3027,35,h,Precipitation,O
3027,36,in,Precipitation,O
3027,37,air,Precipitation,O
3027,38,which,Precipitation,O
3027,39,resulted,Precipitation,O
3027,40,in,Precipitation,O
3027,41,the,Precipitation,O
3027,42,formation,Precipitation,O
3027,43,of,Precipitation,O
3027,44,MRIONC,Precipitation,O
3027,45,.,Precipitation,O
1593,0,The,Solid-State,O
1593,1,surface,Solid-State,O
1593,2,of,Solid-State,O
1593,3,the,Solid-State,O
1593,4,membranes,Solid-State,O
1593,5,was,Solid-State,O
1593,6,polished,Solid-State,Shaping
1593,7,with,Solid-State,O
1593,8,an,Solid-State,O
1593,9,emery,Solid-State,O
1593,10,paper,Solid-State,O
1593,11,(,Solid-State,O
1593,12,80,Solid-State,O
1593,13,),Solid-State,O
1593,14,to,Solid-State,O
1593,15,adjust,Solid-State,O
1593,16,their,Solid-State,O
1593,17,thickness,Solid-State,O
1593,18,to,Solid-State,O
1593,19,0.4,Solid-State,O
1593,20,–,Solid-State,O
1593,21,2.0,Solid-State,O
1593,22,mm,Solid-State,O
1593,23,.,Solid-State,O
1907,0,Then,Precipitation,O
1907,1,",",Precipitation,O
1907,2,2,Precipitation,O
1907,3,M,Precipitation,O
1907,4,of,Precipitation,O
1907,5,NaOH,Precipitation,O
1907,6,aqueous,Precipitation,O
1907,7,solution,Precipitation,O
1907,8,was,Precipitation,O
1907,9,added,Precipitation,Mixing
1907,10,to,Precipitation,O
1907,11,the,Precipitation,O
1907,12,above,Precipitation,O
1907,13,Mg,Precipitation,O
1907,14,–,Precipitation,O
1907,15,Al,Precipitation,O
1907,16,solution,Precipitation,O
1907,17,while,Precipitation,O
1907,18,stirring,Precipitation,Mixing
1907,19,at,Precipitation,O
1907,20,25,Precipitation,O
1907,21,°,Precipitation,O
1907,22,C,Precipitation,O
1907,23,until,Precipitation,O
1907,24,pH,Precipitation,O
1907,25,10,Precipitation,O
1907,26,was,Precipitation,O
1907,27,reached,Precipitation,O
1907,28,.,Precipitation,O
330,0,Appropriate,Solid-State,O
330,1,amounts,Solid-State,O
330,2,of,Solid-State,O
330,3,starting,Solid-State,O
330,4,the,Solid-State,O
330,5,materials,Solid-State,O
330,6,[,Solid-State,O
330,7,Bi2O3,Solid-State,O
330,8,(,Solid-State,O
330,9,99.5,Solid-State,O
330,10,%,Solid-State,O
330,11,),Solid-State,O
330,12,",",Solid-State,O
330,13,Nb2O5,Solid-State,O
330,14,(,Solid-State,O
330,15,99.5,Solid-State,O
330,16,%,Solid-State,O
330,17,),Solid-State,O
330,18,",",Solid-State,O
330,19,CaCO3,Solid-State,O
330,20,(,Solid-State,O
330,21,99.8,Solid-State,O
330,22,%,Solid-State,O
330,23,),Solid-State,O
330,24,",",Solid-State,O
330,25,Nd2O3,Solid-State,O
330,26,(,Solid-State,O
330,27,99.99,Solid-State,O
330,28,%,Solid-State,O
330,29,),Solid-State,O
330,30,",",Solid-State,O
330,31,Li2CO3,Solid-State,O
330,32,(,Solid-State,O
330,33,99.99,Solid-State,O
330,34,%,Solid-State,O
330,35,),Solid-State,O
330,36,",",Solid-State,O
330,37,WO3,Solid-State,O
330,38,(,Solid-State,O
330,39,99.99,Solid-State,O
330,40,%,Solid-State,O
330,41,),Solid-State,O
330,42,and,Solid-State,O
330,43,Sc2O3,Solid-State,O
330,44,(,Solid-State,O
330,45,99.99,Solid-State,O
330,46,%,Solid-State,O
330,47,),Solid-State,O
330,48,;,Solid-State,O
330,49,Sinopharm,Solid-State,O
330,50,Chemical,Solid-State,O
330,51,Reagent,Solid-State,O
330,52,Co.,Solid-State,O
330,53,",",Solid-State,O
330,54,Ltd,Solid-State,O
330,55,",",Solid-State,O
330,56,CN,Solid-State,O
330,57,],Solid-State,O
330,58,were,Solid-State,O
330,59,mixed,Solid-State,Mixing
330,60,by,Solid-State,O
330,61,a,Solid-State,O
330,62,ball,Solid-State,O
330,63,milling,Solid-State,O
330,64,method,Solid-State,O
330,65,in,Solid-State,O
330,66,ethanol,Solid-State,O
330,67,for,Solid-State,O
330,68,24,Solid-State,O
330,69,h,Solid-State,O
330,70,.,Solid-State,O
2854,0,After,Hydrothermal,O
2854,1,vigorous,Hydrothermal,O
2854,2,stirring,Hydrothermal,Mixing
2854,3,of,Hydrothermal,O
2854,4,the,Hydrothermal,O
2854,5,mixture,Hydrothermal,O
2854,6,for,Hydrothermal,O
2854,7,1,Hydrothermal,O
2854,8,h,Hydrothermal,O
2854,9,",",Hydrothermal,O
2854,10,the,Hydrothermal,O
2854,11,homogeneous,Hydrothermal,O
2854,12,solution,Hydrothermal,O
2854,13,was,Hydrothermal,O
2854,14,transferred,Hydrothermal,Non-altering
2854,15,to,Hydrothermal,O
2854,16,a,Hydrothermal,O
2854,17,Teflon,Hydrothermal,O
2854,18,-,Hydrothermal,O
2854,19,lined,Hydrothermal,O
2854,20,stainless,Hydrothermal,O
2854,21,steel,Hydrothermal,O
2854,22,autoclave,Hydrothermal,O
2854,23,(,Hydrothermal,O
2854,24,90,Hydrothermal,O
2854,25,ml,Hydrothermal,O
2854,26,capacity,Hydrothermal,O
2854,27,),Hydrothermal,O
2854,28,",",Hydrothermal,O
2854,29,sealed,Hydrothermal,Non-altering
2854,30,",",Hydrothermal,O
2854,31,and,Hydrothermal,O
2854,32,heated,Hydrothermal,Heating
2854,33,to,Hydrothermal,O
2854,34,160,Hydrothermal,O
2854,35,°,Hydrothermal,O
2854,36,C,Hydrothermal,O
2854,37,for,Hydrothermal,O
2854,38,24,Hydrothermal,O
2854,39,h,Hydrothermal,O
2854,40,.,Hydrothermal,O
2557,0,The,Precipitation,O
2557,1,precipitated,Precipitation,O
2557,2,crude,Precipitation,O
2557,3,product,Precipitation,O
2557,4,was,Precipitation,O
2557,5,filtered,Precipitation,Purification
2557,6,and,Precipitation,O
2557,7,recrystallized,Precipitation,Purification
2557,8,from,Precipitation,O
2557,9,ethanol,Precipitation,O
2557,10,/,Precipitation,O
2557,11,water,Precipitation,O
2557,12,(,Precipitation,O
2557,13,1,Precipitation,O
2557,14,/,Precipitation,O
2557,15,1,Precipitation,O
2557,16,),Precipitation,O
2557,17,and,Precipitation,O
2557,18,dried,Precipitation,Purification
2557,19,overnight,Precipitation,O
2557,20,at,Precipitation,O
2557,21,85,Precipitation,O
2557,22,°,Precipitation,O
2557,23,C,Precipitation,O
2557,24,under,Precipitation,O
2557,25,vacuum,Precipitation,O
2557,26,to,Precipitation,O
2557,27,obtain,Precipitation,O
2557,28,a,Precipitation,O
2557,29,brown,Precipitation,O
2557,30,powder,Precipitation,O
2557,31,of,Precipitation,O
2557,32,product,Precipitation,O
2557,33,in,Precipitation,O
2557,34,the,Precipitation,O
2557,35,yield,Precipitation,O
2557,36,of,Precipitation,O
2557,37,70,Precipitation,O
2557,38,%,Precipitation,O
2557,39,.,Precipitation,O
1102,0,The,Hydrothermal,O
1102,1,resulting,Hydrothermal,O
1102,2,precursor,Hydrothermal,O
1102,3,suspension,Hydrothermal,O
1102,4,was,Hydrothermal,O
1102,5,transferred,Hydrothermal,Non-altering
1102,6,into,Hydrothermal,O
1102,7,a,Hydrothermal,O
1102,8,Teflon,Hydrothermal,O
1102,9,-,Hydrothermal,O
1102,10,lined,Hydrothermal,O
1102,11,stainless,Hydrothermal,O
1102,12,steel,Hydrothermal,O
1102,13,autoclave,Hydrothermal,O
1102,14,.,Hydrothermal,O
105,0,The,Solid-State,O
105,1,polished,Solid-State,Shaping
105,2,discs,Solid-State,O
105,3,were,Solid-State,O
105,4,then,Solid-State,O
105,5,thermally,Solid-State,Heating
105,6,etched,Solid-State,Heating
105,7,either,Solid-State,O
105,8,at,Solid-State,O
105,9,750,Solid-State,O
105,10,°,Solid-State,O
105,11,C,Solid-State,O
105,12,for,Solid-State,O
105,13,1,Solid-State,O
105,14,h,Solid-State,O
105,15,or,Solid-State,O
105,16,at,Solid-State,O
105,17,800,Solid-State,O
105,18,°,Solid-State,O
105,19,C,Solid-State,O
105,20,for,Solid-State,O
105,21,30,Solid-State,O
105,22,min,Solid-State,O
105,23,.,Solid-State,O
1971,0,The,Precipitation,O
1971,1,first,Precipitation,O
1971,2,method,Precipitation,O
1971,3,consists,Precipitation,O
1971,4,of,Precipitation,O
1971,5,adding,Precipitation,Mixing
1971,6,a,Precipitation,O
1971,7,0.5,Precipitation,O
1971,8,M,Precipitation,O
1971,9,NaOH,Precipitation,O
1971,10,solution,Precipitation,O
1971,11,to,Precipitation,O
1971,12,a,Precipitation,O
1971,13,0.5,Precipitation,O
1971,14,M,Precipitation,O
1971,15,cerium,Precipitation,O
1971,16,nitrate,Precipitation,O
1971,17,solution,Precipitation,O
1971,18,(,Precipitation,O
1971,19,Ce(NO3)3·6H2O,Precipitation,O
1971,20,),Precipitation,O
1971,21,with,Precipitation,O
1971,22,stirring,Precipitation,Mixing
1971,23,",",Precipitation,O
1971,24,until,Precipitation,O
1971,25,pH,Precipitation,O
1971,26,=,Precipitation,O
1971,27,8,Precipitation,O
1971,28,.,Precipitation,O
1100,0,Then,Precipitation,O
1100,1,this,Precipitation,O
1100,2,solution,Precipitation,O
1100,3,was,Precipitation,O
1100,4,irradiated,Precipitation,Heating
1100,5,on,Precipitation,O
1100,6,an,Precipitation,O
1100,7,ultraviolet,Precipitation,O
1100,8,lamp,Precipitation,O
1100,9,(,Precipitation,O
1100,10,PHILIPS,Precipitation,O
1100,11,TUV,Precipitation,O
1100,12,25,Precipitation,O
1100,13,W,Precipitation,O
1100,14,G2578,Precipitation,O
1100,15,bactericidal,Precipitation,O
1100,16,lamp,Precipitation,O
1100,17,),Precipitation,O
1100,18,for,Precipitation,O
1100,19,4,Precipitation,O
1100,20,hours,Precipitation,O
1100,21,under,Precipitation,O
1100,22,stirring,Precipitation,Mixing
1100,23,at,Precipitation,O
1100,24,500,Precipitation,O
1100,25,rpm,Precipitation,O
1100,26,at,Precipitation,O
1100,27,room,Precipitation,O
1100,28,temperature,Precipitation,O
1100,29,.,Precipitation,O
2405,0,The,Sol-Gel,O
2405,1,composite,Sol-Gel,O
2405,2,powders,Sol-Gel,O
2405,3,were,Sol-Gel,O
2405,4,obtained,Sol-Gel,Starting
2405,5,from,Sol-Gel,O
2405,6,the,Sol-Gel,O
2405,7,solution,Sol-Gel,O
2405,8,after,Sol-Gel,O
2405,9,water,Sol-Gel,O
2405,10,evaporation,Sol-Gel,Purification
2405,11,at,Sol-Gel,O
2405,12,80,Sol-Gel,O
2405,13,°,Sol-Gel,O
2405,14,C,Sol-Gel,O
2405,15,to,Sol-Gel,O
2405,16,form,Sol-Gel,O
2405,17,a,Sol-Gel,O
2405,18,transparent,Sol-Gel,O
2405,19,gel,Sol-Gel,O
2405,20,followed,Sol-Gel,O
2405,21,by,Sol-Gel,O
2405,22,pre-firing,Sol-Gel,Heating
2405,23,of,Sol-Gel,O
2405,24,this,Sol-Gel,O
2405,25,gel,Sol-Gel,O
2405,26,at,Sol-Gel,O
2405,27,250,Sol-Gel,O
2405,28,°,Sol-Gel,O
2405,29,C,Sol-Gel,O
2405,30,and,Sol-Gel,O
2405,31,further,Sol-Gel,O
2405,32,calcination,Sol-Gel,Heating
2405,33,at,Sol-Gel,O
2405,34,1000,Sol-Gel,O
2405,35,°,Sol-Gel,O
2405,36,C,Sol-Gel,O
2405,37,for,Sol-Gel,O
2405,38,5,Sol-Gel,O
2405,39,h,Sol-Gel,O
2405,40,in,Sol-Gel,O
2405,41,air,Sol-Gel,O
2405,42,.,Sol-Gel,O
14,0,The,Precipitation,O
14,1,resulting,Precipitation,O
14,2,powder,Precipitation,O
14,3,was,Precipitation,O
14,4,filtered,Precipitation,Purification
14,5,",",Precipitation,O
14,6,washed,Precipitation,Purification
14,7,with,Precipitation,O
14,8,distilled,Precipitation,O
14,9,water,Precipitation,O
14,10,",",Precipitation,O
14,11,dried,Precipitation,Purification
14,12,at,Precipitation,O
14,13,140,Precipitation,O
14,14,°,Precipitation,O
14,15,C,Precipitation,O
14,16,and,Precipitation,O
14,17,calcined,Precipitation,Heating
14,18,at,Precipitation,O
14,19,350,Precipitation,O
14,20,°,Precipitation,O
14,21,C,Precipitation,O
14,22,in,Precipitation,O
14,23,air,Precipitation,O
14,24,for,Precipitation,O
14,25,3,Precipitation,O
14,26,h,Precipitation,O
14,27,.,Precipitation,O
390,0,A,Precipitation,O
390,1,yellow,Precipitation,O
390,2,precipitate,Precipitation,O
390,3,formed,Precipitation,O
390,4,initially,Precipitation,O
390,5,",",Precipitation,O
390,6,which,Precipitation,O
390,7,dissolved,Precipitation,Mixing
390,8,in,Precipitation,O
390,9,the,Precipitation,O
390,10,course,Precipitation,O
390,11,of,Precipitation,O
390,12,the,Precipitation,O
390,13,subsequent,Precipitation,O
390,14,drop-wise,Precipitation,O
390,15,addition,Precipitation,Mixing
390,16,.,Precipitation,O
961,0,The,Solid-State,O
961,1,target,Solid-State,O
961,2,",",Solid-State,O
961,3,polycrystalline,Solid-State,O
961,4,ZnF2,Solid-State,O
961,5,:,Solid-State,O
961,6,10,Solid-State,O
961,7,%,Solid-State,O
961,8,"Yb3+,0.2",Solid-State,O
961,9,%,Solid-State,O
961,10,Tm3+,Solid-State,O
961,11,",",Solid-State,O
961,12,was,Solid-State,O
961,13,prepared,Solid-State,Starting
961,14,by,Solid-State,O
961,15,using,Solid-State,O
961,16,a,Solid-State,O
961,17,high,Solid-State,O
961,18,-,Solid-State,O
961,19,temperature,Solid-State,O
961,20,solid,Solid-State,O
961,21,-,Solid-State,O
961,22,state,Solid-State,O
961,23,reaction,Solid-State,O
961,24,method,Solid-State,O
961,25,.,Solid-State,O
292,0,Red,Precipitation,O
292,1,phosphors,Precipitation,O
292,2,BaNbF5.5(OH)1.5,Precipitation,O
292,3,doped,Precipitation,O
292,4,with,Precipitation,O
292,5,different,Precipitation,O
292,6,amount,Precipitation,O
292,7,of,Precipitation,O
292,8,Mn4+,Precipitation,O
292,9,were,Precipitation,O
292,10,prepared,Precipitation,Starting
292,11,via,Precipitation,O
292,12,ion,Precipitation,O
292,13,exchange,Precipitation,O
292,14,method,Precipitation,O
292,15,.,Precipitation,O
2009,0,To,Precipitation,O
2009,1,provide,Precipitation,O
2009,2,a,Precipitation,O
2009,3,comparison,Precipitation,O
2009,4,",",Precipitation,O
2009,5,the,Precipitation,O
2009,6,Ca,Precipitation,O
2009,7,–,Precipitation,O
2009,8,Al,Precipitation,O
2009,9,–,Precipitation,O
2009,10,Cl,Precipitation,O
2009,11,hydrocalumite,Precipitation,O
2009,12,(,Precipitation,O
2009,13,Ca2Al(OH)6Cl·2H2O,Precipitation,O
2009,14,),Precipitation,O
2009,15,was,Precipitation,O
2009,16,also,Precipitation,O
2009,17,prepared,Precipitation,Starting
2009,18,by,Precipitation,O
2009,19,a,Precipitation,O
2009,20,conventional,Precipitation,O
2009,21,coprecipitation,Precipitation,O
2009,22,method,Precipitation,O
2009,23,.,Precipitation,O
568,0,The,Sol-Gel,O
568,1,obtained,Sol-Gel,O
568,2,solutions,Sol-Gel,O
568,3,were,Sol-Gel,O
568,4,dried,Sol-Gel,Purification
568,5,to,Sol-Gel,O
568,6,viscous,Sol-Gel,O
568,7,gels,Sol-Gel,O
568,8,;,Sol-Gel,O
568,9,the,Sol-Gel,O
568,10,following,Sol-Gel,O
568,11,heating,Sol-Gel,O
568,12,lead,Sol-Gel,O
568,13,to,Sol-Gel,O
568,14,a,Sol-Gel,O
568,15,formation,Sol-Gel,O
568,16,of,Sol-Gel,O
568,17,white,Sol-Gel,O
568,18,powders,Sol-Gel,O
568,19,.,Sol-Gel,O
2998,0,The,Precipitation,O
2998,1,mixture,Precipitation,O
2998,2,was,Precipitation,O
2998,3,allowed,Precipitation,O
2998,4,to,Precipitation,O
2998,5,react,Precipitation,Reaction
2998,6,for,Precipitation,O
2998,7,6,Precipitation,O
2998,8,h,Precipitation,O
2998,9,at,Precipitation,O
2998,10,100,Precipitation,O
2998,11,°,Precipitation,O
2998,12,C,Precipitation,O
2998,13,under,Precipitation,O
2998,14,stirring,Precipitation,Mixing
2998,15,.,Precipitation,O
2066,0,The,Sol-Gel,O
2066,1,solution,Sol-Gel,O
2066,2,B,Sol-Gel,O
2066,3,was,Sol-Gel,O
2066,4,added,Sol-Gel,Mixing
2066,5,to,Sol-Gel,O
2066,6,solution,Sol-Gel,O
2066,7,A,Sol-Gel,O
2066,8,drop,Sol-Gel,O
2066,9,by,Sol-Gel,O
2066,10,drop,Sol-Gel,O
2066,11,to,Sol-Gel,O
2066,12,form,Sol-Gel,O
2066,13,a,Sol-Gel,O
2066,14,clear,Sol-Gel,O
2066,15,water,Sol-Gel,O
2066,16,-,Sol-Gel,O
2066,17,organic,Sol-Gel,O
2066,18,boundary,Sol-Gel,O
2066,19,.,Sol-Gel,O
2619,0,The,Precipitation,O
2619,1,remaining,Precipitation,O
2619,2,yellow,Precipitation,O
2619,3,oily,Precipitation,O
2619,4,liquid,Precipitation,O
2619,5,was,Precipitation,O
2619,6,used,Precipitation,O
2619,7,as,Precipitation,O
2619,8,the,Precipitation,O
2619,9,reference,Precipitation,O
2619,10,material,Precipitation,O
2619,11,.,Precipitation,O
2367,0,The,Precipitation,O
2367,1,PBA,Precipitation,O
2367,2,solution,Precipitation,O
2367,3,was,Precipitation,O
2367,4,slowly,Precipitation,O
2367,5,added,Precipitation,Mixing
2367,6,drop,Precipitation,O
2367,7,by,Precipitation,O
2367,8,drop,Precipitation,O
2367,9,to,Precipitation,O
2367,10,the,Precipitation,O
2367,11,α-CD,Precipitation,O
2367,12,aqueous,Precipitation,O
2367,13,solution,Precipitation,O
2367,14,while,Precipitation,O
2367,15,stirring,Precipitation,Mixing
2367,16,vigorously,Precipitation,O
2367,17,at,Precipitation,O
2367,18,60,Precipitation,O
2367,19,°,Precipitation,O
2367,20,C,Precipitation,O
2367,21,for,Precipitation,O
2367,22,3,Precipitation,O
2367,23,h,Precipitation,O
2367,24,.,Precipitation,O
847,0,3D-OM,Precipitation,O
847,1,Pt1.0,Precipitation,O
847,2,@,Precipitation,O
847,3,CeO2−x,Precipitation,O
847,4,/,Precipitation,O
847,5,ZrO2,Precipitation,O
847,6,catalysts,Precipitation,O
847,7,with,Precipitation,O
847,8,a,Precipitation,O
847,9,Pt,Precipitation,O
847,10,content,Precipitation,O
847,11,of,Precipitation,O
847,12,1,Precipitation,O
847,13,%,Precipitation,O
847,14,were,Precipitation,O
847,15,synthesized,Precipitation,Starting
847,16,through,Precipitation,O
847,17,a,Precipitation,O
847,18,precipitation,Precipitation,O
847,19,method,Precipitation,O
847,20,.,Precipitation,O
91,0,The,Precipitation,O
91,1,resulted,Precipitation,O
91,2,white,Precipitation,O
91,3,precipitate,Precipitation,O
91,4,was,Precipitation,O
91,5,washed,Precipitation,Purification
91,6,with,Precipitation,O
91,7,distilled,Precipitation,O
91,8,water,Precipitation,O
91,9,.,Precipitation,O
522,0,The,Sol-Gel,O
522,1,films,Sol-Gel,O
522,2,were,Sol-Gel,O
522,3,deposited,Sol-Gel,Non-altering
522,4,by,Sol-Gel,O
522,5,the,Sol-Gel,O
522,6,spin,Sol-Gel,O
522,7,-,Sol-Gel,O
522,8,coating,Sol-Gel,O
522,9,technique,Sol-Gel,O
522,10,at,Sol-Gel,O
522,11,4000,Sol-Gel,O
522,12,rpm,Sol-Gel,O
522,13,for,Sol-Gel,O
522,14,30,Sol-Gel,O
522,15,s,Sol-Gel,O
522,16,.,Sol-Gel,O
81,0,After,Solid-State,O
81,1,milling,Solid-State,Mixing
81,2,for,Solid-State,O
81,3,6,Solid-State,O
81,4,h,Solid-State,O
81,5,",",Solid-State,O
81,6,the,Solid-State,O
81,7,mixture,Solid-State,O
81,8,was,Solid-State,O
81,9,air,Solid-State,Purification
81,10,dried,Solid-State,Purification
81,11,at,Solid-State,O
81,12,353,Solid-State,O
81,13,K,Solid-State,O
81,14,to,Solid-State,O
81,15,remove,Solid-State,O
81,16,ethanol,Solid-State,O
81,17,.,Solid-State,O
2843,0,A,Solid-State,O
2843,1,series,Solid-State,O
2843,2,of,Solid-State,O
2843,3,NiCuZn,Solid-State,O
2843,4,ferrites,Solid-State,O
2843,5,with,Solid-State,O
2843,6,stoichiometric,Solid-State,O
2843,7,iron,Solid-State,O
2843,8,were,Solid-State,O
2843,9,prepared,Solid-State,Starting
2843,10,employing,Solid-State,O
2843,11,the,Solid-State,O
2843,12,microwave,Solid-State,O
2843,13,sintering,Solid-State,O
2843,14,method,Solid-State,O
2843,15,using,Solid-State,O
2843,16,analytical,Solid-State,O
2843,17,grade,Solid-State,O
2843,18,NiO,Solid-State,O
2843,19,",",Solid-State,O
2843,20,CuO,Solid-State,O
2843,21,",",Solid-State,O
2843,22,ZnO,Solid-State,O
2843,23,and,Solid-State,O
2843,24,Fe2O3,Solid-State,O
2843,25,in,Solid-State,O
2843,26,their,Solid-State,O
2843,27,respective,Solid-State,O
2843,28,proportions,Solid-State,O
2843,29,.,Solid-State,O
3022,0,An,Sol-Gel,O
3022,1,aqueous,Sol-Gel,O
3022,2,solution,Sol-Gel,O
3022,3,of,Sol-Gel,O
3022,4,2.07,Sol-Gel,O
3022,5,g,Sol-Gel,O
3022,6,of,Sol-Gel,O
3022,7,(NH4)2HPO4,Sol-Gel,O
3022,8,and,Sol-Gel,O
3022,9,5.69,Sol-Gel,O
3022,10,g,Sol-Gel,O
3022,11,Ni(NO3)2·6H2O,Sol-Gel,O
3022,12,in,Sol-Gel,O
3022,13,20,Sol-Gel,O
3022,14,mL,Sol-Gel,O
3022,15,of,Sol-Gel,O
3022,16,deionized,Sol-Gel,O
3022,17,water,Sol-Gel,O
3022,18,was,Sol-Gel,O
3022,19,prepared,Sol-Gel,Mixing
3022,20,by,Sol-Gel,O
3022,21,adjusting,Sol-Gel,O
3022,22,pH,Sol-Gel,O
3022,23,to,Sol-Gel,O
3022,24,2-3,Sol-Gel,O
3022,25,using,Sol-Gel,O
3022,26,0.5,Sol-Gel,O
3022,27,M,Sol-Gel,O
3022,28,HNO3,Sol-Gel,O
3022,29,.,Sol-Gel,O
