sentence_id,token_id,token,token_label,slot_label
0,0,Enhanced,O,O
0,1,methane,O,O
0,2,steam,O,O
0,3,reforming,O,O
0,4,activity,O,O
0,5,and,O,O
0,6,electrochemical,O,O
0,7,performance,O,O
0,8,of,O,O
0,9,Ni0.9Fe0.1,O,O
0,10,-,O,O
0,11,supported,O,O
0,12,solid,O,O
0,13,oxide,O,O
0,14,fuel,O,O
0,15,cells,O,O
0,16,with,O,O
0,17,infiltrated,O,O
0,18,Ni,O,O
0,19,-,O,O
0,20,TiO2,O,O
0,21,particles,O,O
0,22,Enhanced,O,O
0,23,methane,O,O
0,24,steam,O,O
0,25,reforming,O,O
0,26,activity,O,O
0,27,and,O,O
0,28,electrochemical,O,O
0,29,performance,O,O
0,30,of,O,O
0,31,Ni0.9Fe0.1,O,O
0,32,-,O,O
0,33,supported,O,O
0,34,solid,O,O
0,35,oxide,O,O
0,36,fuel,O,O
0,37,cells,O,O
0,38,with,O,O
0,39,infiltrated,O,O
0,40,Ni,O,O
0,41,-,O,O
0,42,TiO2,O,O
0,43,particles,O,O
0,44,LiKai1JiaLichao2WangXin2PuJian2ChiBoa2LiJian2,O,O
0,45,1School,O,O
0,46,of,O,O
0,47,Materials,O,O
0,48,Science,O,O
0,49,and,O,O
0,50,Engineering,O,O
0,51,",",O,O
0,52,Xi’an,O,O
0,53,Shiyou,O,O
0,54,University,O,O
0,55,",",O,O
0,56,Xi’an,O,O
0,57,710065,O,O
0,58,",",O,O
0,59,China,O,O
0,60,2Center,O,O
0,61,for,O,O
0,62,Fuel,O,O
0,63,Cell,O,O
0,64,Innovation,O,O
0,65,",",O,O
0,66,State,O,O
0,67,Key,O,O
0,68,Laboratory,O,O
0,69,for,O,O
0,70,Materials,O,O
0,71,Processing,O,O
0,72,and,O,O
0,73,Die,O,O
0,74,&,O,O
0,75,Mould,O,O
0,76,Technology,O,O
0,77,",",O,O
0,78,School,O,O
0,79,of,O,O
0,80,Materials,O,O
0,81,Science,O,O
0,82,and,O,O
0,83,Engineering,O,O
0,84,",",O,O
0,85,Huazhong,O,O
0,86,University,O,O
0,87,of,O,O
0,88,Science,O,O
0,89,and,O,O
0,90,Technology,O,O
0,91,",",O,O
0,92,Wuhan,O,O
0,93,430074,O,O
0,94,",",O,O
0,95,China,O,O
0,96,achibo,O,O
0,97,@,O,O
0,98,hust.edu.cn,O,O
0,99,35981,O,O
0,100,Ni0.9Fe0.1,B-MATERIAL,B-support_material
0,101,alloy,O,O
0,102,-,O,O
0,103,supported,O,O
0,104,solid,B-DEVICE,B-device
0,105,oxide,I-DEVICE,I-device
0,106,fuel,I-DEVICE,I-device
0,107,cells,I-DEVICE,I-device
0,108,with,O,O
0,109,NiTiO3,B-MATERIAL,B-support_material
0,110,(,O,O
0,111,NTO,B-MATERIAL,O
0,112,),O,O
0,113,infiltrated,O,O
0,114,into,O,O
0,115,the,O,O
0,116,cell,O,O
0,117,support,O,O
0,118,from,O,O
0,119,0,O,O
0,120,to,O,O
0,121,4,O,O
0,122,wt.,O,O
0,123,%,O,O
0,124,are,O,O
0,125,prepared,O,O
0,126,and,O,O
0,127,investigated,B-EXPERIMENT,B-experiment_evoking_word
0,128,for,O,O
0,129,CH4,B-MATERIAL,B-fuel_used
0,130,steam,O,O
0,131,reforming,O,O
0,132,activity,O,O
0,133,and,O,O
0,134,electrochemical,O,O
0,135,performance,O,O
0,136,.,O,O
1,0,Fueled,B-EXPERIMENT,B-experiment_evoking_word
1,1,wet,O,O
1,2,CH4,B-MATERIAL,B-fuel_used
1,3,at,O,O
1,4,100,O,O
1,5,mL,O,O
1,6,min−1,O,O
1,7,",",O,O
1,8,the,O,O
1,9,cell,O,O
1,10,with,O,O
1,11,3,O,O
1,12,wt.,O,O
1,13,%,O,O
1,14,of,O,O
1,15,NTO,B-MATERIAL,B-support_material
1,16,demonstrates,B-EXPERIMENT,B-experiment_evoking_word
1,17,a,O,O
1,18,peak,O,O
1,19,power,O,O
1,20,density,O,O
1,21,of,O,O
1,22,1.20,B-VALUE,B-power_density
1,23,W,I-VALUE,I-power_density
1,24,cm−2,I-VALUE,I-power_density
1,25,and,O,O
1,26,a,O,O
1,27,high,O,O
1,28,limiting,O,O
1,29,current,O,O
1,30,density,O,O
1,31,of,O,O
1,32,2.83,B-VALUE,B-current_density
1,33,A,I-VALUE,I-current_density
1,34,cm−2,I-VALUE,I-current_density
1,35,at,O,O
1,36,650,B-VALUE,B-working_temperature
1,37,°,I-VALUE,I-working_temperature
1,38,C,I-VALUE,I-working_temperature
1,39,.,O,O
2,0,It,O,O
2,1,performs,B-EXPERIMENT,B-experiment_evoking_word
2,2,steadily,O,O
2,3,for,O,O
2,4,96,B-VALUE,B-time_of_operation
2,5,h,I-VALUE,I-time_of_operation
2,6,at,O,O
2,7,0.4,B-VALUE,B-current_density
2,8,A,I-VALUE,I-current_density
2,9,cm−2,I-VALUE,I-current_density
2,10,without,O,O
2,11,the,O,O
2,12,presence,O,O
2,13,of,O,O
2,14,deposited,O,O
2,15,carbon,O,O
2,16,in,O,O
2,17,the,O,O
2,18,Ni0.9Fe0.1-support,O,O
2,19,and,O,O
2,20,functional,O,O
2,21,anode,O,O
2,22,.,O,O
3,0,In,O,O
3,1,our,O,O
3,2,previous,O,O
3,3,study,O,O
3,4,",",O,O
3,5,Ni-Fe,O,O
3,6,alloy,O,O
3,7,-,O,O
3,8,supported,O,O
3,9,SOFCs,B-DEVICE,B-device
3,10,were,O,O
3,11,investigated,B-EXPERIMENT,B-experiment_evoking_word
3,12,with,O,O
3,13,the,O,O
3,14,purpose,O,O
3,15,of,O,O
3,16,using,O,O
3,17,wet,O,O
3,18,(,O,O
3,19,3,O,O
3,20,vol.,O,O
3,21,%,O,O
3,22,H2O,O,O
3,23,),O,O
3,24,CH4,B-MATERIAL,B-fuel_used
3,25,as,O,O
3,26,the,O,O
3,27,fuel,O,O
3,28,",",O,O
3,29,and,O,O
3,30,high,O,O
3,31,performance,O,O
3,32,(,O,O
3,33,0.6,B-VALUE,B-voltage
3,34,V,I-VALUE,I-voltage
3,35,at,O,O
3,36,0.4,B-VALUE,B-current_density
3,37,A,I-VALUE,I-current_density
3,38,cm−2,I-VALUE,I-current_density
3,39,and,O,O
3,40,650,B-VALUE,B-working_temperature
3,41,°,I-VALUE,I-working_temperature
3,42,C,I-VALUE,I-working_temperature
3,43,for,O,O
3,44,50,B-VALUE,B-time_of_operation
3,45,h7,I-VALUE,I-time_of_operation
3,46,),O,O
3,47,was,O,O
3,48,achieved,B-EXPERIMENT,B-experiment_evoking_word
3,49,.,O,O
4,0,In,O,O
4,1,order,O,O
4,2,to,O,O
4,3,develop,O,O
4,4,metal,B-MATERIAL,B-support_material
4,5,-,I-MATERIAL,I-support_material
4,6,supported,I-MATERIAL,I-support_material
4,7,direct-hydrocarbon,I-MATERIAL,B-fuel_used
4,8,SOFCs,B-DEVICE,B-device
4,9,",",O,O
4,10,Ni0.9Fe0.1,B-MATERIAL,B-support_material
4,11,-,O,O
4,12,supported,O,O
4,13,SOFCs,B-DEVICE,B-device
4,14,were,O,O
4,15,prepared,B-EXPERIMENT,B-experiment_evoking_word
4,16,with,O,O
4,17,NiTiO3,B-MATERIAL,B-anode_material
4,18,infiltrated,O,O
4,19,into,O,O
4,20,the,O,O
4,21,Ni0.9Fe0.1-support,O,O
4,22,.,O,O
5,0,The,O,O
5,1,Ni,B-MATERIAL,B-anode_material
5,2,-,I-MATERIAL,I-anode_material
5,3,GDC,I-MATERIAL,I-anode_material
5,4,functional,O,O
5,5,anode,O,O
5,6,was,B-EXPERIMENT,B-experiment_evoking_word
5,7,approximately,O,O
5,8,1αm,B-VALUE,B-thickness
5,9,thick,O,O
5,10,and,O,O
5,11,intimately,O,O
5,12,in,O,O
5,13,contact,O,O
5,14,with,O,O
5,15,the,O,O
5,16,fully,O,O
5,17,dense,O,O
5,18,GDC,B-MATERIAL,O
5,19,electrolyte,O,O
5,20,(,O,O
5,21,~,B-VALUE,B-thickness
5,22,10,I-VALUE,I-thickness
5,23,μm,I-VALUE,I-thickness
5,24,),O,O
5,25,and,O,O
5,26,the,O,O
5,27,porous,O,O
5,28,cell,O,O
5,29,support,O,O
5,30,(,O,O
5,31,~,B-VALUE,O
5,32,1,I-VALUE,O
5,33,mm,I-VALUE,O
5,34,),O,O
5,35,.,O,O
6,0,The,O,O
6,1,thickness,O,O
6,2,of,O,O
6,3,the,O,O
6,4,BSCF,B-MATERIAL,B-cathode_material
6,5,-,I-MATERIAL,I-cathode_material
6,6,LSM,I-MATERIAL,I-cathode_material
6,7,cathode,O,O
6,8,was,B-EXPERIMENT,B-experiment_evoking_word
6,9,averagely,O,O
6,10,15,B-VALUE,B-thickness
6,11,μm,I-VALUE,I-thickness
6,12,.,O,O
7,0,Cell,O,O
7,1,performance,O,O
7,2,The,O,O
7,3,cells,B-DEVICE,B-device
7,4,with,O,O
7,5,NTO,B-MATERIAL,B-support_material
7,6,-,I-MATERIAL,I-support_material
7,7,infiltrated,I-MATERIAL,I-support_material
7,8,Ni0.9Fe0.1-supports,O,O
7,9,were,O,O
7,10,evaluated,B-EXPERIMENT,B-experiment_evoking_word
7,11,at,O,O
7,12,650,B-VALUE,B-working_temperature
7,13,°,I-VALUE,I-working_temperature
7,14,C,I-VALUE,I-working_temperature
7,15,with,O,O
7,16,wet,O,O
7,17,CH4,B-MATERIAL,B-fuel_used
7,18,(,O,O
7,19,3,O,O
7,20,vol.,O,O
7,21,%,O,O
7,22,H2O,O,O
7,23,),O,O
7,24,as,O,O
7,25,the,O,O
7,26,fuel,O,O
7,27,;,O,O
7,28,Fig.,O,O
7,29,5,O,O
7,30,shows,O,O
7,31,their,O,O
7,32,initial,O,O
7,33,I-V-P,O,O
7,34,curves,O,O
7,35,.,O,O
8,0,The,O,O
8,1,open,O,O
8,2,circuit,O,O
8,3,voltage,O,O
8,4,(,O,O
8,5,OCV,O,O
8,6,),O,O
8,7,of,O,O
8,8,all,O,O
8,9,the,O,O
8,10,cells,B-DEVICE,B-device
8,11,was,B-EXPERIMENT,B-experiment_evoking_word
8,12,around,O,O
8,13,0.78,B-VALUE,B-voltage
8,14,V,I-VALUE,I-voltage
8,15,",",O,O
8,16,due,O,O
8,17,to,O,O
8,18,the,O,O
8,19,partial,O,O
8,20,electronic,O,O
8,21,conduction,O,O
8,22,of,O,O
8,23,GDC,B-MATERIAL,B-electrolyte_material
8,24,electrolyte23,O,O
8,25,.,O,O
9,0,The,O,O
9,1,maximum,O,O
9,2,power,O,O
9,3,densities,O,O
9,4,increased,B-EXPERIMENT,B-experiment_evoking_word
9,5,from,O,O
9,6,0.99,B-VALUE,B-power_density
9,7,to,O,O
9,8,1.20,B-VALUE,B-power_density
9,9,W,I-VALUE,I-power_density
9,10,cm−2,I-VALUE,I-power_density
9,11,as,O,O
9,12,the,O,O
9,13,NTO,B-MATERIAL,B-support_material
9,14,loading,O,O
9,15,was,O,O
9,16,increased,O,O
9,17,from,O,O
9,18,0,O,O
9,19,to,O,O
9,20,3,O,O
9,21,wt.,O,O
9,22,%,O,O
9,23,.,O,O
10,0,Further,O,O
10,1,increasing,O,O
10,2,NTO,B-MATERIAL,B-support_material
10,3,loading,O,O
10,4,to,O,O
10,5,4,O,O
10,6,wt.,O,O
10,7,%,O,O
10,8,",",O,O
10,9,it,O,O
10,10,decreased,B-EXPERIMENT,B-experiment_evoking_word
10,11,to,O,O
10,12,1.17,B-VALUE,B-power_density
10,13,W,I-VALUE,I-power_density
10,14,cm−2,I-VALUE,I-power_density
10,15,.,O,O
11,0,Figure,O,O
11,1,6,O,O
11,2,shows,B-EXPERIMENT,B-experiment_evoking_word
11,3,the,O,O
11,4,initial,O,O
11,5,impedance,O,O
11,6,spectra,O,O
11,7,of,O,O
11,8,the,O,O
11,9,cells,B-DEVICE,B-device
11,10,under,O,O
11,11,a,O,O
11,12,current,O,O
11,13,density,O,O
11,14,of,O,O
11,15,0.4,B-VALUE,B-current_density
11,16,A,I-VALUE,I-current_density
11,17,cm−2,I-VALUE,I-current_density
11,18,(,O,O
11,19,Fig.,O,O
11,20,6a,O,O
11,21,),O,O
11,22,",",O,O
11,23,from,O,O
11,24,which,O,O
11,25,the,O,O
11,26,ohmic,O,O
11,27,(,O,O
11,28,RO,O,O
11,29,),O,O
11,30,and,O,O
11,31,polarization,O,O
11,32,(,O,O
11,33,RP,O,O
11,34,),O,O
11,35,resistances,O,O
11,36,were,O,O
11,37,determined,O,O
11,38,",",O,O
11,39,and,O,O
11,40,the,O,O
11,41,corresponding,O,O
11,42,distributions,O,O
11,43,of,O,O
11,44,relaxation,O,O
11,45,time,O,O
11,46,(,O,O
11,47,DRT,O,O
11,48,",",O,O
11,49,Fig.,O,O
11,50,6b)2425,O,O
11,51,.,O,O
12,0,The,O,O
12,1,value,O,O
12,2,of,O,O
12,3,RO,O,O
12,4,of,O,O
12,5,each,O,O
12,6,cell,O,O
12,7,was,B-EXPERIMENT,B-experiment_evoking_word
12,8,similar,O,O
12,9,",",O,O
12,10,around,O,O
12,11,0.063,B-VALUE,B-resistance
12,12,Ω,I-VALUE,I-resistance
12,13,cm−2,I-VALUE,I-resistance
12,14,",",I-VALUE,I-resistance
12,15,and,O,O
12,16,that,O,O
12,17,of,O,O
12,18,RP,O,O
12,19,varied,O,O
12,20,in,O,O
12,21,an,O,O
12,22,opposite,O,O
12,23,direction,O,O
12,24,to,O,O
12,25,the,O,O
12,26,cell,O,O
12,27,voltage,O,O
12,28,and,O,O
12,29,power,O,O
12,30,density,O,O
12,31,.,O,O
13,0,After,O,O
13,1,the,O,O
13,2,initial,O,O
13,3,evaluation,O,O
13,4,",",O,O
13,5,all,O,O
13,6,the,O,O
13,7,cells,B-DEVICE,B-device
13,8,were,O,O
13,9,further,O,O
13,10,tested,B-EXPERIMENT,B-experiment_evoking_word
13,11,at,O,O
13,12,650,B-VALUE,B-working_temperature
13,13,°,I-VALUE,I-working_temperature
13,14,C,I-VALUE,I-working_temperature
13,15,and,O,O
13,16,a,O,O
13,17,constant,O,O
13,18,current,O,O
13,19,density,O,O
13,20,of,O,O
13,21,0.4,B-VALUE,B-current_density
13,22,A,I-VALUE,I-current_density
13,23,cm−2,I-VALUE,I-current_density
13,24,for,O,O
13,25,up,B-VALUE,B-time_of_operation
13,26,to,I-VALUE,I-time_of_operation
13,27,96,I-VALUE,I-time_of_operation
13,28,h,I-VALUE,I-time_of_operation
13,29,;,O,O
13,30,the,O,O
13,31,results,O,O
13,32,are,O,O
13,33,shown,O,O
13,34,in,O,O
13,35,Fig.,O,O
13,36,7,O,O
13,37,.,O,O
14,0,The,O,O
14,1,cells,B-DEVICE,B-device
14,2,with,O,O
14,3,0NTO,B-MATERIAL,B-support_material
14,4,",",O,O
14,5,1NTO,B-MATERIAL,B-support_material
14,6,",",O,O
14,7,2NTO,B-MATERIAL,B-support_material
14,8,and,O,O
14,9,4NTO,B-MATERIAL,B-support_material
14,10,Ni0.9Fe0.1-supports,O,O
14,11,performed,B-EXPERIMENT,B-experiment_evoking_word
14,12,67,B-VALUE,B-time_of_operation
14,13,",",O,O
14,14,78,B-VALUE,B-time_of_operation
14,15,",",O,O
14,16,90,B-VALUE,B-time_of_operation
14,17,and,O,O
14,18,96,B-VALUE,B-time_of_operation
14,19,h,I-VALUE,I-time_of_operation
14,20,before,O,O
14,21,the,O,O
14,22,sudden,O,O
14,23,drop,O,O
14,24,of,O,O
14,25,the,O,O
14,26,cell,O,O
14,27,voltage,O,O
14,28,;,O,O
14,29,and,O,O
14,30,the,O,O
14,31,cell,B-DEVICE,B-device
14,32,with,O,O
14,33,3NTO,B-MATERIAL,O
14,34,Ni0.9Fe0.1-support,O,O
14,35,outperformed,B-EXPERIMENT,B-experiment_evoking_word
14,36,the,O,O
14,37,others,O,O
14,38,",",O,O
14,39,degrading,O,O
14,40,linearly,O,O
14,41,at,O,O
14,42,a,O,O
14,43,slow,O,O
14,44,rate,O,O
14,45,of,O,O
14,46,0.5,B-VALUE,B-degradation_rate
14,47,mV,I-VALUE,I-degradation_rate
14,48,h−1,I-VALUE,I-degradation_rate
14,49,during,O,O
14,50,the,O,O
14,51,testing,O,O
14,52,period,O,O
14,53,.,O,O
15,0,These,O,O
15,1,values,O,O
15,2,support,O,O
15,3,the,O,O
15,4,explanation,O,O
15,5,of,O,O
15,6,the,O,O
15,7,durability,O,O
15,8,testing,O,O
15,9,results,O,O
15,10,and,O,O
15,11,indicate,B-EXPERIMENT,B-experiment_evoking_word
15,12,that,O,O
15,13,the,O,O
15,14,cell,B-DEVICE,B-device
15,15,with,O,O
15,16,3NTO,B-MATERIAL,B-support_material
15,17,anode,O,O
15,18,-,O,O
15,19,support,O,O
15,20,is,O,O
15,21,the,O,O
15,22,most,O,O
15,23,resistant,O,O
15,24,to,O,O
15,25,carbon,O,O
15,26,deposition,O,O
15,27,among,O,O
15,28,the,O,O
15,29,cells,O,O
15,30,investigated,O,O
15,31,.,O,O
16,0,The,O,O
16,1,successful,O,O
16,2,miniaturization,O,O
16,3,results,B-EXPERIMENT,B-experiment_evoking_word
16,4,in,O,O
16,5,an,O,O
16,6,exceptional,O,O
16,7,power,O,O
16,8,density,O,O
16,9,of,O,O
16,10,1.27,B-VALUE,B-power_density
16,11,W,I-VALUE,I-power_density
16,12,cm,I-VALUE,I-power_density
16,13,−,I-VALUE,I-power_density
16,14,2,I-VALUE,I-power_density
16,15,at,O,O
16,16,800,B-VALUE,B-working_temperature
16,17,°,I-VALUE,I-working_temperature
16,18,C,I-VALUE,I-working_temperature
16,19,",",O,O
16,20,which,O,O
16,21,is,O,O
16,22,among,O,O
16,23,the,O,O
16,24,highest,O,O
16,25,reported,O,O
16,26,.,O,O
17,0,Here,O,O
17,1,the,O,O
17,2,authors,O,O
17,3,report,B-EXPERIMENT,B-experiment_evoking_word
17,4,a,O,O
17,5,micro-monolithic,O,O
17,6,ceramic,B-DEVICE,B-device
17,7,cell,I-DEVICE,I-device
17,8,design,O,O
17,9,for,O,O
17,10,a,O,O
17,11,tubular,O,O
17,12,solid,B-DEVICE,B-device
17,13,oxide,I-DEVICE,I-device
17,14,fuel,I-DEVICE,I-device
17,15,cell,I-DEVICE,I-device
17,16,containing,O,O
17,17,a,O,O
17,18,multi-channel,O,O
17,19,anode,O,O
17,20,support,O,O
17,21,with,O,O
17,22,enhanced,O,O
17,23,power,O,O
17,24,density,O,O
17,25,and,O,O
17,26,stable,O,O
17,27,operation,O,O
17,28,.,O,O
17,29,issue-copyright-statement,O,O
17,30,©,O,O
17,31,The,O,O
17,32,Author,O,O
17,33,(,O,O
17,34,s,O,O
17,35,),O,O
17,36,2019,O,O
17,37,Introduction,O,O
17,38,Solid,O,O
17,39,oxide,O,O
17,40,fuel,O,O
17,41,cells,O,O
17,42,(,O,O
17,43,SOFCs,O,O
17,44,),O,O
17,45,convert,O,O
17,46,chemical,O,O
17,47,energy,O,O
17,48,to,O,O
17,49,electrical,O,O
17,50,energy,O,O
17,51,with,O,O
17,52,high,O,O
17,53,efficiencies,O,O
17,54,>,O,O
17,55,ca,O,O
17,56,.,O,O
17,57,60%,O,O
17,58,",",O,O
17,59,and,O,O
17,60,allow,O,O
17,61,for,O,O
17,62,wide,O,O
17,63,fuel,O,O
17,64,flexibility,O,O
17,65,due,O,O
17,66,to,O,O
17,67,their,O,O
17,68,operation,O,O
17,69,at,O,O
17,70,high,O,O
17,71,temperatures,O,O
17,72,(,O,O
17,73,600,O,O
17,74,–,O,O
17,75,800,O,O
17,76,°,O,O
17,77,C,O,O
17,78,),O,O
17,79,"1,2",O,O
17,80,.,O,O
18,0,For,O,O
18,1,decades,O,O
18,2,",",O,O
18,3,advances,O,O
18,4,in,O,O
18,5,SOFC,B-DEVICE,B-device
18,6,technology,O,O
18,7,have,O,O
18,8,focused,B-EXPERIMENT,B-experiment_evoking_word
18,9,on,O,O
18,10,developing,O,O
18,11,new,O,O
18,12,materials,O,O
18,13,",",O,O
18,14,such,O,O
18,15,as,O,O
18,16,ceria-based,B-MATERIAL,B-electrolyte_material
18,17,ceramics,I-MATERIAL,I-electrolyte_material
18,18,for,O,O
18,19,electrolyte,O,O
18,20,and,O,O
18,21,mixed,O,O
18,22,ion-electron,O,O
18,23,conducting,O,O
18,24,(,O,O
18,25,MIEC,O,O
18,26,),O,O
18,27,perovskites,O,O
18,28,cathodes3,O,O
18,29,–,O,O
18,30,5,O,O
18,31,.,O,O
19,0,More,O,O
19,1,recently,O,O
19,2,",",O,O
19,3,protonic,B-DEVICE,B-device
19,4,ceramic,I-DEVICE,I-device
19,5,fuel,I-DEVICE,I-device
19,6,cells,I-DEVICE,I-device
19,7,(,O,O
19,8,PCFCs,B-DEVICE,O
19,9,),O,O
19,10,",",O,O
19,11,also,O,O
19,12,known,O,O
19,13,as,O,O
19,14,proton-conducting,B-DEVICE,O
19,15,SOFCs,I-DEVICE,O
19,16,",",O,O
19,17,have,O,O
19,18,drawn,O,O
19,19,increasing,O,O
19,20,attention,O,O
19,21,by,O,O
19,22,demonstrating,B-EXPERIMENT,B-experiment_evoking_word
19,23,the,O,O
19,24,capability,O,O
19,25,of,O,O
19,26,promising,O,O
19,27,power,O,O
19,28,output,O,O
19,29,at,O,O
19,30,an,O,O
19,31,intermediate-temperature,O,O
19,32,(,O,O
19,33,IT,O,O
19,34,),O,O
19,35,regime,O,O
19,36,(,O,O
19,37,400,B-VALUE,B-working_temperature
19,38,–,I-VALUE,I-working_temperature
19,39,600,I-VALUE,I-working_temperature
19,40,°,I-VALUE,I-working_temperature
19,41,C,I-VALUE,I-working_temperature
19,42,),O,O
19,43,",",O,O
19,44,which,O,O
19,45,is,O,O
19,46,beneficial,O,O
19,47,for,O,O
19,48,the,O,O
19,49,reduction,O,O
19,50,of,O,O
19,51,fuel,B-DEVICE,B-device
19,52,cell,I-DEVICE,I-device
19,53,cost6,O,O
19,54,–,O,O
19,55,9,O,O
19,56,.,O,O
20,0,By,O,O
20,1,contrast,O,O
20,2,",",O,O
20,3,high-temperature,O,O
20,4,sealing,O,O
20,5,is,O,O
20,6,not,O,O
20,7,an,O,O
20,8,issue,O,O
20,9,with,O,O
20,10,tubular,O,O
20,11,SOFCs,B-DEVICE,B-device
20,12,;,O,O
20,13,however,O,O
20,14,",",O,O
20,15,the,O,O
20,16,area-specific,O,O
20,17,power,O,O
20,18,density,O,O
20,19,is,B-EXPERIMENT,B-experiment_evoking_word
20,20,typically,O,O
20,21,much,O,O
20,22,lower,O,O
20,23,than,O,O
20,24,the,O,O
20,25,planar,B-DEVICE,B-device
20,26,design,I-DEVICE,I-device
20,27,(,O,O
20,28,cf,O,O
20,29,.,O,O
20,30,0.2,B-VALUE,B-power_density
20,31,W,I-VALUE,I-power_density
20,32,cm,I-VALUE,I-power_density
20,33,−,I-VALUE,I-power_density
20,34,2,I-VALUE,I-power_density
20,35,vs,O,O
20,36,2,B-VALUE,B-power_density
20,37,W,I-VALUE,I-power_density
20,38,cm,I-VALUE,I-power_density
20,39,−,I-VALUE,I-power_density
20,40,2,I-VALUE,I-power_density
20,41,",",O,O
20,42,respectively,O,O
20,43,),O,O
20,44,10,O,O
20,45,.,O,O
21,0,Herein,O,O
21,1,",",O,O
21,2,we,O,O
21,3,report,B-EXPERIMENT,B-experiment_evoking_word
21,4,a,O,O
21,5,holistic,O,O
21,6,approach,O,O
21,7,to,O,O
21,8,developing,O,O
21,9,a,O,O
21,10,new,O,O
21,11,SOFC,B-DEVICE,B-device
21,12,with,O,O
21,13,both,O,O
21,14,outstanding,O,O
21,15,electrochemical,O,O
21,16,performance,O,O
21,17,and,O,O
21,18,superior,O,O
21,19,mechanical,O,O
21,20,robustness,O,O
21,21,",",O,O
21,22,the,O,O
21,23,‘,O,O
21,24,micro-monolithic,O,O
21,25,SOFC,B-DEVICE,B-device
21,26,’,O,O
21,27,",",O,O
21,28,which,O,O
21,29,exhibits,O,O
21,30,the,O,O
21,31,structural,O,O
21,32,features,O,O
21,33,of,O,O
21,34,a,O,O
21,35,monolith,O,O
21,36,",",O,O
21,37,but,O,O
21,38,is,O,O
21,39,successfully,O,O
21,40,miniaturized,O,O
21,41,to,O,O
21,42,the,O,O
21,43,millimetre,O,O
21,44,scale,O,O
21,45,.,O,O
22,0,Results,O,O
22,1,Morphology,O,O
22,2,characterizations,O,O
22,3,Figure,O,O
22,4,1a–c,O,O
22,5,show,B-EXPERIMENT,B-experiment_evoking_word
22,6,SEM,O,O
22,7,images,O,O
22,8,of,O,O
22,9,sintered,O,O
22,10,nickel,B-MATERIAL,B-anode_material
22,11,oxide,I-MATERIAL,I-anode_material
22,12,(,O,O
22,13,NiO,B-MATERIAL,O
22,14,),O,O
22,15,-,O,O
22,16,yttria-stabilized,B-MATERIAL,B-anode_material
22,17,zirconia,I-MATERIAL,I-anode_material
22,18,(,O,O
22,19,YSZ,B-MATERIAL,O
22,20,),O,O
22,21,anode,O,O
22,22,with,O,O
22,23,different,O,O
22,24,micro-monolithic,O,O
22,25,geometries,O,O
22,26,(,O,O
22,27,fabrication,O,O
22,28,details,O,O
22,29,are,O,O
22,30,in,O,O
22,31,the,O,O
22,32,Methods,O,O
22,33,),O,O
22,34,",",O,O
22,35,with,O,O
22,36,arrays,O,O
22,37,of,O,O
22,38,relatively,O,O
22,39,uniform,O,O
22,40,channels,O,O
22,41,organized,O,O
22,42,in,O,O
22,43,the,O,O
22,44,same,O,O
22,45,configuration,O,O
22,46,as,O,O
22,47,the,O,O
22,48,design,O,O
22,49,of,O,O
22,50,spinnerets,O,O
22,51,used,O,O
22,52,for,O,O
22,53,phase,O,O
22,54,inversion-assisted,O,O
22,55,extrusion,O,O
22,56,(,O,O
22,57,as,O,O
22,58,shown,O,O
22,59,in,O,O
22,60,Supplementary,O,O
22,61,Fig,O,O
22,62,.,O,O
22,63,1,O,O
22,64,),O,O
22,65,.,O,O
23,0,The,O,O
23,1,measured,O,O
23,2,open-circuit,O,O
23,3,potential,O,O
23,4,difference,O,O
23,5,(,O,O
23,6,OCPD,O,O
23,7,),O,O
23,8,for,O,O
23,9,all,O,O
23,10,cells,O,O
23,11,was,B-EXPERIMENT,B-experiment_evoking_word
23,12,1.15,B-VALUE,B-open_circuit_voltage
23,13,–,I-VALUE,I-open_circuit_voltage
23,14,1.18,I-VALUE,I-open_circuit_voltage
23,15,V,I-VALUE,I-open_circuit_voltage
23,16,at,O,O
23,17,650,B-VALUE,B-working_temperature
23,18,–,I-VALUE,I-working_temperature
23,19,800,I-VALUE,I-working_temperature
23,20,°,I-VALUE,I-working_temperature
23,21,C,I-VALUE,I-working_temperature
23,22,",",O,O
23,23,respectively,O,O
23,24,",",O,O
23,25,which,O,O
23,26,is,O,O
23,27,close,O,O
23,28,to,O,O
23,29,the,O,O
23,30,theoretically,O,O
23,31,expected,O,O
23,32,values,O,O
23,33,",",O,O
23,34,indicating,B-EXPERIMENT,B-experiment_evoking_word
23,35,the,O,O
23,36,5,B-VALUE,B-thickness
23,37,μm,I-VALUE,I-thickness
23,38,thick,O,O
23,39,YSZ,B-MATERIAL,B-electrolyte_material
23,40,electrolyte,O,O
23,41,was,O,O
23,42,gas-tight,O,O
23,43,.,O,O
24,0,Maximum,O,O
24,1,power,O,O
24,2,densities,O,O
24,3,for,O,O
24,4,the,O,O
24,5,single,O,O
24,6,channel,O,O
24,7,micro-tubular,O,O
24,8,cell,B-DEVICE,B-device
24,9,were,B-EXPERIMENT,B-experiment_evoking_word
24,10,0.07,B-VALUE,B-power_density
24,11,",",O,O
24,12,0.14,B-VALUE,B-power_density
24,13,",",O,O
24,14,0.31,B-VALUE,B-power_density
24,15,and,O,O
24,16,0.58,B-VALUE,B-power_density
24,17,W,I-VALUE,I-power_density
24,18,cm,I-VALUE,I-power_density
24,19,−,I-VALUE,I-power_density
24,20,2,I-VALUE,I-power_density
24,21,at,O,O
24,22,650,B-VALUE,B-working_temperature
24,23,",",O,O
24,24,700,B-VALUE,B-working_temperature
24,25,",",O,O
24,26,750,B-VALUE,B-working_temperature
24,27,and,O,O
24,28,800,B-VALUE,B-working_temperature
24,29,°,I-VALUE,I-working_temperature
24,30,C,I-VALUE,I-working_temperature
24,31,",",O,O
24,32,respectively,O,O
24,33,",",O,O
24,34,whereas,O,O
24,35,for,O,O
24,36,3,O,O
24,37,-,O,O
24,38,",",O,O
24,39,4,O,O
24,40,-,O,O
24,41,and,O,O
24,42,7,O,O
24,43,-,O,O
24,44,channel,O,O
24,45,micro-monolithic,O,O
24,46,cells,B-DEVICE,B-device
24,47,",",O,O
24,48,power,O,O
24,49,densities,O,O
24,50,at,O,O
24,51,800,B-VALUE,B-working_temperature
24,52,°,I-VALUE,I-working_temperature
24,53,C,I-VALUE,I-working_temperature
24,54,were,B-EXPERIMENT,B-experiment_evoking_word
24,55,0.67,B-VALUE,B-power_density
24,56,",",O,O
24,57,1.05,B-VALUE,B-power_density
24,58,and,O,O
24,59,1.27,B-VALUE,B-power_density
24,60,W,I-VALUE,I-power_density
24,61,cm,I-VALUE,I-power_density
24,62,−,I-VALUE,I-power_density
24,63,2,I-VALUE,I-power_density
24,64,",",O,O
24,65,respectively,O,O
24,66,",",O,O
24,67,corresponding,O,O
24,68,to,O,O
24,69,enhancements,O,O
24,70,of,O,O
24,71,16%,O,O
24,72,",",O,O
24,73,81,O,O
24,74,and,O,O
24,75,120%,O,O
24,76,",",O,O
24,77,respectively,O,O
24,78,.,O,O
25,0,In,O,O
25,1,addition,O,O
25,2,",",O,O
25,3,the,O,O
25,4,power,O,O
25,5,density,O,O
25,6,of,O,O
25,7,ca,O,O
25,8,.,O,O
25,9,1.27,B-VALUE,B-power_density
25,10,W,I-VALUE,I-power_density
25,11,cm,I-VALUE,I-power_density
25,12,−,I-VALUE,I-power_density
25,13,2,I-VALUE,I-power_density
25,14,measured,B-EXPERIMENT,B-experiment_evoking_word
25,15,from,O,O
25,16,the,O,O
25,17,7,O,O
25,18,-,O,O
25,19,channel,O,O
25,20,cell,O,O
25,21,is,O,O
25,22,the,O,O
25,23,highest,O,O
25,24,ever,O,O
25,25,achieved,O,O
25,26,for,O,O
25,27,micro-tubular,O,O
25,28,design,O,O
25,29,SOFCs,B-DEVICE,B-device
25,30,with,O,O
25,31,YSZ,B-MATERIAL,B-electrolyte_material
25,32,electrolytes,O,O
25,33,.,O,O
26,0,Excellent,O,O
26,1,long-term,O,O
26,2,stability,O,O
26,3,of,O,O
26,4,the,O,O
26,5,design,O,O
26,6,was,O,O
26,7,demonstrated,B-EXPERIMENT,B-experiment_evoking_word
26,8,by,O,O
26,9,dwelling,O,O
26,10,the,O,O
26,11,best-performing,O,O
26,12,",",O,O
26,13,7,O,O
26,14,-,O,O
26,15,channel,O,O
26,16,cell,B-DEVICE,B-device
26,17,at,O,O
26,18,750,B-VALUE,B-working_temperature
26,19,°,I-VALUE,I-working_temperature
26,20,C,I-VALUE,I-working_temperature
26,21,and,O,O
26,22,0.7,B-VALUE,B-voltage
26,23,V,I-VALUE,I-voltage
26,24,.,O,O
27,0,In,O,O
27,1,addition,O,O
27,2,",",O,O
27,3,the,O,O
27,4,impedance,O,O
27,5,",",O,O
27,6,corresponding,O,O
27,7,to,O,O
27,8,activation,O,O
27,9,polarization,O,O
27,10,remained,O,O
27,11,essentially,O,O
27,12,the,O,O
27,13,same,O,O
27,14,for,O,O
27,15,different,O,O
27,16,micro-monolithic,O,O
27,17,SOFCs,B-DEVICE,B-device
27,18,",",O,O
27,19,while,O,O
27,20,the,O,O
27,21,diffusion,O,O
27,22,polarization,O,O
27,23,was,B-EXPERIMENT,B-experiment_evoking_word
27,24,1.1,B-VALUE,B-resistance
27,25,",",O,O
27,26,0.75,B-VALUE,B-resistance
27,27,and,O,O
27,28,0.45,B-VALUE,B-resistance
27,29,Ω,I-VALUE,I-resistance
27,30,cm2,I-VALUE,I-resistance
27,31,for,O,O
27,32,cells,O,O
27,33,with,O,O
27,34,3,O,O
27,35,",",O,O
27,36,4,O,O
27,37,and,O,O
27,38,7,O,O
27,39,anode,O,O
27,40,channels,O,O
27,41,",",O,O
27,42,respectively,O,O
27,43,.,O,O
28,0,Compared,O,O
28,1,to,O,O
28,2,reported,O,O
28,3,honeycomb-SOFCs,O,O
28,4,with,O,O
28,5,cross-sectional,O,O
28,6,geometries,O,O
28,7,of,O,O
28,8,ca,O,O
28,9,.,O,O
28,10,1,O,O
28,11,cm,O,O
28,12,",",O,O
28,13,the,O,O
28,14,micro-monolithic,O,O
28,15,SOFC,B-DEVICE,B-device
28,16,with,O,O
28,17,YSZ,B-MATERIAL,B-electrolyte_material
28,18,electrolyte,O,O
28,19,showed,B-EXPERIMENT,B-experiment_evoking_word
28,20,significantly,O,O
28,21,greater,O,O
28,22,volumetric,O,O
28,23,power,O,O
28,24,densities,O,O
28,25,",",O,O
28,26,i.e,O,O
28,27,.,O,O
28,28,",",O,O
28,29,the,O,O
28,30,7,O,O
28,31,-,O,O
28,32,channel,O,O
28,33,geometry,O,O
28,34,had,O,O
28,35,more,O,O
28,36,than,O,O
28,37,one,O,O
28,38,order,O,O
28,39,of,O,O
28,40,magnitude,O,O
28,41,performance,O,O
28,42,enhancement,O,O
28,43,(,O,O
28,44,17,B-VALUE,B-power_density
28,45,W,I-VALUE,I-power_density
28,46,cm,I-VALUE,I-power_density
28,47,−,I-VALUE,I-power_density
28,48,3,I-VALUE,I-power_density
28,49,),O,O
28,50,.,O,O
29,0,Peak,O,O
29,1,power,O,O
29,2,densities,O,O
29,3,at,O,O
29,4,800,B-VALUE,B-working_temperature
29,5,°,I-VALUE,I-working_temperature
29,6,C,I-VALUE,I-working_temperature
29,7,with,O,O
29,8,H2,B-MATERIAL,B-fuel_used
29,9,as,O,O
29,10,the,O,O
29,11,fuel,O,O
29,12,were,B-EXPERIMENT,B-experiment_evoking_word
29,13,0.67,B-VALUE,B-power_density
29,14,",",O,O
29,15,1.05,B-VALUE,B-power_density
29,16,and,O,O
29,17,1.27,B-VALUE,B-power_density
29,18,W,I-VALUE,I-power_density
29,19,cm,I-VALUE,I-power_density
29,20,−,I-VALUE,I-power_density
29,21,2,I-VALUE,I-power_density
29,22,for,O,O
29,23,3,O,O
29,24,",",O,O
29,25,4,O,O
29,26,and,O,O
29,27,7,O,O
29,28,-,O,O
29,29,channel,O,O
29,30,cells,O,O
29,31,",",O,O
29,32,respectively,O,O
29,33,",",O,O
29,34,showing,O,O
29,35,a,O,O
29,36,performance,O,O
29,37,increase,O,O
29,38,of,O,O
29,39,16,O,O
29,40,",",O,O
29,41,81,O,O
29,42,",",O,O
29,43,and,O,O
29,44,120%,O,O
29,45,compared,O,O
29,46,to,O,O
29,47,the,O,O
29,48,conventional,O,O
29,49,micro-tubular,O,O
29,50,SOFC,B-DEVICE,O
29,51,(,O,O
29,52,0.58,B-VALUE,O
29,53,W,I-VALUE,O
29,54,cm,I-VALUE,O
29,55,−,I-VALUE,O
29,56,2,I-VALUE,O
29,57,),O,O
29,58,.,O,O
30,0,Good,O,O
30,1,long-term,O,O
30,2,stability,O,O
30,3,was,O,O
30,4,validated,B-EXPERIMENT,B-experiment_evoking_word
30,5,from,O,O
30,6,the,O,O
30,7,200,B-VALUE,B-time_of_operation
30,8,-,I-VALUE,I-time_of_operation
30,9,h,I-VALUE,I-time_of_operation
30,10,fuel,B-DEVICE,B-device
30,11,cell,I-DEVICE,I-device
30,12,operation,O,O
30,13,of,O,O
30,14,the,O,O
30,15,7,O,O
30,16,-,O,O
30,17,channel,O,O
30,18,cell,O,O
30,19,.,O,O
31,0,The,O,O
31,1,micro-monolithic,O,O
31,2,SOFCs,B-DEVICE,B-device
31,3,also,O,O
31,4,preserved,B-EXPERIMENT,B-experiment_evoking_word
31,5,micro-tubular,O,O
31,6,design,O,O
31,7,advantage,O,O
31,8,of,O,O
31,9,high,O,O
31,10,volumetric,O,O
31,11,power,O,O
31,12,density,O,O
31,13,;,O,O
31,14,e.g,O,O
31,15,.,O,O
31,16,",",O,O
31,17,17,B-VALUE,B-power_density
31,18,W,I-VALUE,I-power_density
31,19,cm,I-VALUE,I-power_density
31,20,−,I-VALUE,I-power_density
31,21,3,I-VALUE,I-power_density
31,22,for,O,O
31,23,the,O,O
31,24,7,O,O
31,25,-,O,O
31,26,channel,O,O
31,27,cell,O,O
31,28,",",O,O
31,29,which,O,O
31,30,compares,O,O
31,31,well,O,O
31,32,with,O,O
31,33,planar,O,O
31,34,SOFC,O,O
31,35,stacks,O,O
31,36,and,O,O
31,37,is,O,O
31,38,more,O,O
31,39,than,O,O
31,40,one,O,O
31,41,order,O,O
31,42,of,O,O
31,43,magnitude,O,O
31,44,higher,O,O
31,45,than,O,O
31,46,that,O,O
31,47,of,O,O
31,48,the,O,O
31,49,reported,O,O
31,50,honeycomb-SOFCs,O,O
31,51,.,O,O
32,0,*,O,O
32,1,Correspondence,O,O
32,2,:,O,O
32,3,wangxunying101226,O,O
32,4,@,O,O
32,5,163,O,O
32,6,.,O,O
32,7,com,O,O
32,8,(,O,O
32,9,X.W,O,O
32,10,.,O,O
32,11,),O,O
32,12,;,O,O
32,13,nanoguy,O,O
32,14,@,O,O
32,15,126,O,O
32,16,.,O,O
32,17,com,O,O
32,18,(,O,O
32,19,H.W,O,O
32,20,.,O,O
32,21,),O,O
32,22,;,O,O
32,23,Tel,O,O
32,24,.,O,O
32,25,:,O,O
32,26,+,O,O
32,27,86,O,O
32,28,-,O,O
32,29,027,O,O
32,30,-,O,O
32,31,886,O,O
32,32,-,O,O
32,33,63390,O,O
32,34,(,O,O
32,35,X.W,O,O
32,36,.,O,O
32,37,),O,O
32,38,;,O,O
32,39,+,O,O
32,40,86,O,O
32,41,-,O,O
32,42,027,O,O
32,43,-,O,O
32,44,886,O,O
32,45,-,O,O
32,46,61251,O,O
32,47,(,O,O
32,48,H.W,O,O
32,49,.,O,O
32,50,),O,O
32,51,1549,O,O
32,52,A,O,O
32,53,novel,O,O
32,54,composite,O,O
32,55,was,O,O
32,56,synthesized,B-EXPERIMENT,B-experiment_evoking_word
32,57,by,O,O
32,58,mixing,O,O
32,59,La0.1Sr0.9MnO3,B-MATERIAL,B-electrolyte_material
32,60,−,I-MATERIAL,I-electrolyte_material
32,61,δ,I-MATERIAL,I-electrolyte_material
32,62,(,O,O
32,63,LSM,B-MATERIAL,O
32,64,),O,O
32,65,with,O,O
32,66,Ce0.8Sm0.2O2,B-MATERIAL,B-electrolyte_material
32,67,−,I-MATERIAL,I-electrolyte_material
32,68,δ,I-MATERIAL,I-electrolyte_material
32,69,(,O,O
32,70,SDC,B-MATERIAL,O
32,71,),O,O
32,72,for,O,O
32,73,the,O,O
32,74,functional,O,O
32,75,layer,O,O
32,76,of,O,O
32,77,low,O,O
32,78,temperature,O,O
32,79,solid,B-DEVICE,B-device
32,80,oxide,I-DEVICE,I-device
32,81,fuel,I-DEVICE,I-device
32,82,cell,I-DEVICE,I-device
32,83,(,O,O
32,84,LT-SOFC,B-DEVICE,O
32,85,),O,O
32,86,.,O,O
33,0,Though,O,O
33,1,LSM,B-MATERIAL,B-electrolyte_material
33,2,",",O,O
33,3,a,O,O
33,4,highly,O,O
33,5,electronic,O,O
33,6,conducting,O,O
33,7,semiconductor,O,O
33,8,",",O,O
33,9,was,O,O
33,10,used,B-EXPERIMENT,B-experiment_evoking_word
33,11,in,O,O
33,12,the,O,O
33,13,functional,O,O
33,14,layer,O,O
33,15,",",O,O
33,16,the,O,O
33,17,fuel,O,O
33,18,cell,O,O
33,19,device,O,O
33,20,could,O,O
33,21,reach,B-EXPERIMENT,B-experiment_evoking_word
33,22,OCVs,O,O
33,23,higher,B-VALUE,B-open_circuit_voltage
33,24,than,I-VALUE,I-open_circuit_voltage
33,25,1.0,I-VALUE,I-open_circuit_voltage
33,26,V,I-VALUE,I-open_circuit_voltage
33,27,without,O,O
33,28,short-circuit,O,O
33,29,problem,O,O
33,30,.,O,O
34,0,The,O,O
34,1,optimum,O,O
34,2,ratio,O,O
34,3,of,O,O
34,4,LSM,B-MATERIAL,B-electrolyte_material
34,5,:,O,O
34,6,SDC,B-MATERIAL,B-electrolyte_material
34,7,=,O,O
34,8,1,O,O
34,9,:,O,O
34,10,2,O,O
34,11,was,O,O
34,12,found,B-EXPERIMENT,B-experiment_evoking_word
34,13,for,O,O
34,14,the,O,O
34,15,LT-SOFC,B-DEVICE,B-device
34,16,to,O,O
34,17,reach,B-EXPERIMENT,B-experiment_evoking_word
34,18,the,O,O
34,19,highest,O,O
34,20,power,O,O
34,21,density,O,O
34,22,of,O,O
34,23,742,B-VALUE,B-power_density
34,24,mW,I-VALUE,I-power_density
34,25,·,I-VALUE,I-power_density
34,26,cm,I-VALUE,I-power_density
34,27,−,I-VALUE,I-power_density
34,28,2,I-VALUE,I-power_density
34,29,under,O,O
34,30,550,B-VALUE,B-working_temperature
34,31,°,I-VALUE,I-working_temperature
34,32,C,I-VALUE,I-working_temperature
34,33,The,O,O
34,34,electrochemical,O,O
34,35,impedance,O,O
34,36,spectroscopy,O,O
34,37,data,O,O
34,38,highlighted,O,O
34,39,that,O,O
34,40,introducing,B-EXPERIMENT,B-experiment_evoking_word
34,41,LSM,B-MATERIAL,B-electrolyte_material
34,42,into,O,O
34,43,SDC,B-MATERIAL,B-electrolyte_material
34,44,electrolyte,O,O
34,45,layer,O,O
34,46,not,O,O
34,47,only,O,O
34,48,decreased,B-EXPERIMENT,B-experiment_evoking_word
34,49,charge-transfer,O,O
34,50,resistances,O,O
34,51,from,O,O
34,52,0.66,B-VALUE,B-resistance
34,53,Ω,I-VALUE,I-resistance
34,54,·,I-VALUE,I-resistance
34,55,cm2,I-VALUE,I-resistance
34,56,for,O,O
34,57,SDC,B-MATERIAL,B-electrolyte_material
34,58,to,O,O
34,59,0.47,B-VALUE,B-resistance
34,60,–,I-VALUE,I-resistance
34,61,0.49,I-VALUE,I-resistance
34,62,Ω,I-VALUE,I-resistance
34,63,·,I-VALUE,I-resistance
34,64,cm2,I-VALUE,I-resistance
34,65,for,O,O
34,66,LSM-SDC,B-MATERIAL,B-electrolyte_material
34,67,composite,O,O
34,68,",",O,O
34,69,but,O,O
34,70,also,O,O
34,71,decreased,O,O
34,72,the,O,O
34,73,activation,O,O
34,74,energy,O,O
34,75,of,O,O
34,76,ionic,O,O
34,77,conduction,O,O
34,78,from,O,O
34,79,0.55,O,O
34,80,to,O,O
34,81,0.20,O,O
34,82,eV,O,O
34,83,.,O,O
35,0,Barriocanal,O,O
35,1,et,O,O
35,2,al,O,O
35,3,.,O,O
35,4,[,O,O
35,5,2,O,O
35,6,],O,O
35,7,fabricated,B-EXPERIMENT,B-experiment_evoking_word
35,8,hetero-structures,O,O
35,9,by,O,O
35,10,sandwiching,O,O
35,11,YSZ,B-MATERIAL,B-electrolyte_material
35,12,electrolyte,O,O
35,13,layers,O,O
35,14,with,O,O
35,15,different,O,O
35,16,thicknesses,O,O
35,17,between,O,O
35,18,two,O,O
35,19,layers,O,O
35,20,of,O,O
35,21,semiconducting,O,O
35,22,SrTiO3,B-MATERIAL,B-electrolyte_material
35,23,(,O,O
35,24,STO,B-MATERIAL,O
35,25,),O,O
35,26,.,O,O
36,0,They,O,O
36,1,found,B-EXPERIMENT,B-experiment_evoking_word
36,2,that,O,O
36,3,the,O,O
36,4,interface,O,O
36,5,between,O,O
36,6,hetero-structures,O,O
36,7,(,O,O
36,8,e.g,O,O
36,9,.,O,O
36,10,",",O,O
36,11,YSZ,B-MATERIAL,B-electrolyte_material
36,12,/,O,O
36,13,STO,B-MATERIAL,B-electrolyte_material
36,14,),O,O
36,15,supplied,O,O
36,16,both,O,O
36,17,higher,O,O
36,18,carrier,O,O
36,19,concentration,O,O
36,20,and,O,O
36,21,lower,O,O
36,22,activation,O,O
36,23,energy,O,O
36,24,of,O,O
36,25,ionic,O,O
36,26,conduction,O,O
36,27,",",O,O
36,28,thus,O,O
36,29,yielding,O,O
36,30,many,O,O
36,31,orders,O,O
36,32,to,O,O
36,33,increase,O,O
36,34,their,O,O
36,35,ionic,O,O
36,36,conductivity,O,O
36,37,.,O,O
37,0,Yao,O,O
37,1,et,O,O
37,2,al,O,O
37,3,.,O,O
37,4,[,O,O
37,5,14,O,O
37,6,],O,O
37,7,enhanced,B-EXPERIMENT,B-experiment_evoking_word
37,8,the,O,O
37,9,ionic,O,O
37,10,conductivity,O,O
37,11,of,O,O
37,12,single-layered,O,O
37,13,SDC,B-MATERIAL,B-electrolyte_material
37,14,film,O,O
37,15,about,O,O
37,16,5,O,O
37,17,times,O,O
37,18,by,O,O
37,19,constructing,O,O
37,20,Ce0.8Sm0.2O2,B-MATERIAL,B-electrolyte_material
37,21,−,I-MATERIAL,I-electrolyte_material
37,22,δ,I-MATERIAL,I-electrolyte_material
37,23,/,O,O
37,24,Al2O3,B-MATERIAL,B-electrolyte_material
37,25,multilayer,O,O
37,26,structure,O,O
37,27,",",O,O
37,28,demonstrating,O,O
37,29,that,O,O
37,30,increasing,O,O
37,31,hetero-interface,O,O
37,32,is,O,O
37,33,beneficial,O,O
37,34,to,O,O
37,35,enhance,O,O
37,36,ionic,O,O
37,37,interfacial,O,O
37,38,conductivity,O,O
37,39,.,O,O
38,0,Considering,O,O
38,1,the,O,O
38,2,high,O,O
38,3,O2,O,O
38,4,−,O,O
38,5,conductivity,O,O
38,6,of,O,O
38,7,SDC,B-MATERIAL,B-electrolyte_material
38,8,between,B-VALUE,B-working_temperature
38,9,500,I-VALUE,I-working_temperature
38,10,and,I-VALUE,I-working_temperature
38,11,1000,I-VALUE,I-working_temperature
38,12,°,I-VALUE,I-working_temperature
38,13,C,I-VALUE,I-working_temperature
38,14,and,O,O
38,15,its,O,O
38,16,good,O,O
38,17,compatibility,O,O
38,18,with,O,O
38,19,Lanthanum,B-MATERIAL,B-electrolyte_material
38,20,strontium,I-MATERIAL,I-electrolyte_material
38,21,manganite,I-MATERIAL,I-electrolyte_material
38,22,perovskites,I-MATERIAL,I-electrolyte_material
38,23,",",O,O
38,24,we,O,O
38,25,mixed,B-EXPERIMENT,B-experiment_evoking_word
38,26,the,O,O
38,27,lanthanum,B-MATERIAL,B-electrolyte_material
38,28,strontium,I-MATERIAL,I-electrolyte_material
38,29,manganite,I-MATERIAL,I-electrolyte_material
38,30,perovskites,I-MATERIAL,I-electrolyte_material
38,31,with,O,O
38,32,SDC,B-MATERIAL,B-electrolyte_material
38,33,to,O,O
38,34,develop,B-EXPERIMENT,B-experiment_evoking_word
38,35,a,O,O
38,36,semiconductor-ionic,O,O
38,37,nanocomposite,O,O
38,38,functional,O,O
38,39,layer,O,O
38,40,for,O,O
38,41,SOFC,B-DEVICE,B-device
38,42,.,O,O
39,0,Figure,O,O
39,1,3,O,O
39,2,revealed,O,O
39,3,that,O,O
39,4,the,O,O
39,5,SOFC,B-DEVICE,B-device
39,6,performances,O,O
39,7,increased,B-EXPERIMENT,B-experiment_evoking_word
39,8,with,O,O
39,9,LSM,B-MATERIAL,B-electrolyte_material
39,10,contents,O,O
39,11,until,O,O
39,12,the,O,O
39,13,weight,O,O
39,14,ratio,O,O
39,15,of,O,O
39,16,LSM,B-MATERIAL,B-electrolyte_material
39,17,to,O,O
39,18,SDC,B-MATERIAL,B-electrolyte_material
39,19,was,O,O
39,20,1,O,O
39,21,:,O,O
39,22,2,O,O
39,23,.,O,O
40,0,At,O,O
40,1,this,O,O
40,2,weight,O,O
40,3,ratio,O,O
40,4,of,O,O
40,5,1,O,O
40,6,:,O,O
40,7,2,O,O
40,8,",",O,O
40,9,the,O,O
40,10,Pmax,O,O
40,11,(,O,O
40,12,maximum,O,O
40,13,power,O,O
40,14,density,O,O
40,15,),O,O
40,16,742,B-VALUE,B-power_density
40,17,mW,I-VALUE,I-power_density
40,18,cm,I-VALUE,I-power_density
40,19,−,I-VALUE,I-power_density
40,20,2,I-VALUE,I-power_density
40,21,has,O,O
40,22,been,O,O
40,23,achieved,B-EXPERIMENT,B-experiment_evoking_word
40,24,at,O,O
40,25,550,B-VALUE,B-working_temperature
40,26,°,I-VALUE,I-working_temperature
40,27,C,I-VALUE,I-working_temperature
40,28,.,O,O
41,0,It,O,O
41,1,is,O,O
41,2,interesting,O,O
41,3,that,O,O
41,4,no,O,O
41,5,short,O,O
41,6,circuit,O,O
41,7,phenomenon,O,O
41,8,occurred,O,O
41,9,for,O,O
41,10,the,O,O
41,11,SOFC,B-DEVICE,B-device
41,12,using,B-EXPERIMENT,B-experiment_evoking_word
41,13,the,O,O
41,14,LSM-SDC,B-MATERIAL,B-electrolyte_material
41,15,composite,O,O
41,16,layer,O,O
41,17,to,O,O
41,18,replace,O,O
41,19,the,O,O
41,20,conventional,O,O
41,21,electrolyte,O,O
41,22,layer,O,O
41,23,with,O,O
41,24,the,O,O
41,25,pure,O,O
41,26,ionic,O,O
41,27,conductor,O,O
41,28,.,O,O
42,0,All,O,O
42,1,of,O,O
42,2,the,O,O
42,3,OCVs,O,O
42,4,were,B-EXPERIMENT,B-experiment_evoking_word
42,5,over,O,O
42,6,than,O,O
42,7,1.0,B-VALUE,B-open_circuit_voltage
42,8,V,I-VALUE,I-open_circuit_voltage
42,9,.,O,O
43,0,The,O,O
43,1,fitting,O,O
43,2,results,O,O
43,3,(,O,O
43,4,Table,O,O
43,5,1,O,O
43,6,),O,O
43,7,showed,O,O
43,8,that,O,O
43,9,",",O,O
43,10,compared,B-EXPERIMENT,B-experiment_evoking_word
43,11,with,O,O
43,12,SDC,B-MATERIAL,B-electrolyte_material
43,13,(,O,O
43,14,Ra,O,O
43,15,=,O,O
43,16,0.084,B-VALUE,B-resistance
43,17,Ω,I-VALUE,I-resistance
43,18,·,I-VALUE,I-resistance
43,19,cm2,I-VALUE,I-resistance
43,20,),O,O
43,21,",",O,O
43,22,LSM-SDC,B-MATERIAL,B-electrolyte_material
43,23,composites,O,O
43,24,possessed,B-EXPERIMENT,B-experiment_evoking_word
43,25,lower,O,O
43,26,ionic,O,O
43,27,grain,O,O
43,28,boundary,O,O
43,29,transportation,O,O
43,30,resistances,O,O
43,31,(,O,O
43,32,Ra,O,O
43,33,",",O,O
43,34,0.023,B-VALUE,B-resistance
43,35,–,I-VALUE,I-resistance
43,36,0.060,I-VALUE,I-resistance
43,37,Ω,I-VALUE,I-resistance
43,38,·,I-VALUE,I-resistance
43,39,cm2,I-VALUE,I-resistance
43,40,),O,O
43,41,.,O,O
44,0,At,O,O
44,1,the,O,O
44,2,weight,O,O
44,3,ratio,O,O
44,4,of,O,O
44,5,1,O,O
44,6,:,O,O
44,7,2,O,O
44,8,(,O,O
44,9,LSM,O,O
44,10,:,O,O
44,11,SDC,O,O
44,12,),O,O
44,13,",",O,O
44,14,the,O,O
44,15,Ra,O,O
44,16,of,O,O
44,17,LSM-SDC,B-MATERIAL,B-electrolyte_material
44,18,composite,O,O
44,19,was,B-EXPERIMENT,B-experiment_evoking_word
44,20,the,O,O
44,21,lowest,O,O
44,22,(,O,O
44,23,0.023,B-VALUE,B-resistance
44,24,Ω,I-VALUE,I-resistance
44,25,·,I-VALUE,I-resistance
44,26,cm2,I-VALUE,I-resistance
44,27,),O,O
44,28,",",O,O
44,29,indicating,O,O
44,30,that,O,O
44,31,this,O,O
44,32,proportion,O,O
44,33,is,O,O
44,34,beneficial,O,O
44,35,to,O,O
44,36,construct,O,O
44,37,more,O,O
44,38,hetero-interfaces,O,O
44,39,.,O,O
45,0,Conclusions,O,O
45,1,The,O,O
45,2,semiconductor-ionic,O,O
45,3,LSM-SDC,B-MATERIAL,B-electrolyte_material
45,4,composite,O,O
45,5,materials,O,O
45,6,have,O,O
45,7,been,O,O
45,8,synthesized,B-EXPERIMENT,B-experiment_evoking_word
45,9,and,O,O
45,10,assembled,B-EXPERIMENT,B-experiment_evoking_word
45,11,the,O,O
45,12,SOFCs,B-DEVICE,B-device
45,13,successfully,O,O
45,14,.,O,O
46,0,The,O,O
46,1,maximum,O,O
46,2,power,O,O
46,3,density,O,O
46,4,of,O,O
46,5,the,O,O
46,6,assembled,O,O
46,7,SOFC,B-DEVICE,B-device
46,8,was,O,O
46,9,improved,B-EXPERIMENT,B-experiment_evoking_word
46,10,from,O,O
46,11,437,B-VALUE,B-power_density
46,12,mW,I-VALUE,I-power_density
46,13,cm,I-VALUE,I-power_density
46,14,−,I-VALUE,I-power_density
46,15,2,I-VALUE,I-power_density
46,16,for,O,O
46,17,SDC,B-MATERIAL,B-electrolyte_material
46,18,electrolyte,O,O
46,19,to,O,O
46,20,742,B-VALUE,B-power_density
46,21,mW,I-VALUE,I-power_density
46,22,cm,I-VALUE,I-power_density
46,23,−,I-VALUE,I-power_density
46,24,2,I-VALUE,I-power_density
46,25,for,O,O
46,26,LSM-SDC,B-MATERIAL,B-electrolyte_material
46,27,semiconductor-ionic,O,O
46,28,membrane,O,O
46,29,at,O,O
46,30,550,B-VALUE,B-working_temperature
46,31,°,I-VALUE,I-working_temperature
46,32,C,I-VALUE,I-working_temperature
46,33,.,O,O
47,0,In,O,O
47,1,2001,O,O
47,2,",",O,O
47,3,the,O,O
47,4,electrochemical,O,O
47,5,cells,B-DEVICE,B-device
47,6,of,O,O
47,7,oxide|Pt,O,O
47,8,(,O,O
47,9,cathode|YSZ|Pt,O,O
47,10,(,O,O
47,11,anode,O,O
47,12,),O,O
47,13,for,O,O
47,14,NO,B-MATERIAL,B-fuel_used
47,15,decomposition,O,O
47,16,were,O,O
47,17,designed,B-EXPERIMENT,B-experiment_evoking_word
47,18,and,O,O
47,19,investigated,B-EXPERIMENT,B-experiment_evoking_word
47,20,[73],O,O
47,21,.,O,O
48,0,The,O,O
48,1,cell,B-DEVICE,B-device
48,2,composed,O,O
48,3,of,O,O
48,4,(,O,O
48,5,La2Sn2O7,B-MATERIAL,B-cathode_material
48,6,+,O,O
48,7,YSZ,B-MATERIAL,B-cathode_material
48,8,),O,O
48,9,/,O,O
48,10,Pt,B-MATERIAL,B-cathode_material
48,11,composite,O,O
48,12,electrode,O,O
48,13,was,O,O
48,14,investigated,B-EXPERIMENT,B-experiment_evoking_word
48,15,by,O,O
48,16,Park,O,O
48,17,et,O,O
48,18,al.,O,O
48,19,[79],O,O
48,20,.,O,O
49,0,A,O,O
49,1,higher,O,O
49,2,catalytic,O,O
49,3,activity,O,O
49,4,of,O,O
49,5,electrochemical,O,O
49,6,promotion,O,O
49,7,decomposition,O,O
49,8,was,O,O
49,9,observed,B-EXPERIMENT,B-experiment_evoking_word
49,10,for,O,O
49,11,the,O,O
49,12,cell,O,O
49,13,composed,O,O
49,14,of,O,O
49,15,(,O,O
49,16,La2Sn2O7,B-MATERIAL,B-cathode_material
49,17,+,O,O
49,18,YSZ,B-MATERIAL,B-cathode_material
49,19,),O,O
49,20,/,O,O
49,21,Pt,B-MATERIAL,B-cathode_material
49,22,composite,O,O
49,23,electrode,O,O
49,24,than,O,O
49,25,the,O,O
49,26,Pt,O,O
49,27,electrode,O,O
49,28,.,O,O
50,0,The,O,O
50,1,result,O,O
50,2,showed,B-EXPERIMENT,B-experiment_evoking_word
50,3,that,O,O
50,4,87,O,O
50,5,%,O,O
50,6,NOx,B-MATERIAL,B-fuel_used
50,7,was,O,O
50,8,reduced,O,O
50,9,at,O,O
50,10,the,O,O
50,11,current,O,O
50,12,density,O,O
50,13,of,O,O
50,14,194,B-VALUE,B-current_density
50,15,mA,I-VALUE,I-current_density
50,16,/,I-VALUE,I-current_density
50,17,cm2,I-VALUE,I-current_density
50,18,in,O,O
50,19,the,O,O
50,20,reactant,O,O
50,21,gas,O,O
50,22,containing,O,O
50,23,2,B-MATERIAL,B-fuel_used
50,24,%,I-MATERIAL,I-fuel_used
50,25,O2,I-MATERIAL,I-fuel_used
50,26,",",O,O
50,27,while,O,O
50,28,such,O,O
50,29,cell,B-DEVICE,B-device
50,30,decomposed,B-EXPERIMENT,B-experiment_evoking_word
50,31,80.5,O,O
50,32,%,O,O
50,33,NOx,B-MATERIAL,B-fuel_used
50,34,at,O,O
50,35,the,O,O
50,36,current,O,O
50,37,density,O,O
50,38,of,O,O
50,39,325,B-VALUE,B-current_density
50,40,mA,I-VALUE,I-current_density
50,41,/,I-VALUE,I-current_density
50,42,cm2,I-VALUE,I-current_density
50,43,under,O,O
50,44,4,B-MATERIAL,B-fuel_used
50,45,%,I-MATERIAL,I-fuel_used
50,46,O2,I-MATERIAL,I-fuel_used
50,47,condition,O,O
50,48,.,O,O
51,0,The,O,O
51,1,cell,B-DEVICE,B-device
51,2,stacks,O,O
51,3,composed,B-EXPERIMENT,B-experiment_evoking_word
51,4,of,O,O
51,5,Ce0.9Gd0.1O1.95,B-MATERIAL,B-electrolyte_material
51,6,porous,O,O
51,7,electrolyte,O,O
51,8,and,O,O
51,9,La1−xSrxMnO3,B-MATERIAL,B-cathode_material
51,10,(,I-MATERIAL,I-cathode_material
51,11,x,I-MATERIAL,I-cathode_material
51,12,=,I-MATERIAL,I-cathode_material
51,13,0.15,I-MATERIAL,I-cathode_material
51,14,",",I-MATERIAL,I-cathode_material
51,15,and,I-MATERIAL,I-cathode_material
51,16,0.5,I-MATERIAL,I-cathode_material
51,17,),I-MATERIAL,I-cathode_material
51,18,composite,O,O
51,19,electrode,O,O
51,20,were,O,O
51,21,investigated,B-EXPERIMENT,B-experiment_evoking_word
51,22,by,O,O
51,23,Werchmeister,O,O
51,24,et,O,O
51,25,al.,O,O
51,26,[80],O,O
51,27,.,O,O
52,0,It,O,O
52,1,is,O,O
52,2,possible,O,O
52,3,to,O,O
52,4,reduce,O,O
52,5,up,O,O
52,6,to,O,O
52,7,35,O,O
52,8,%,O,O
52,9,of,O,O
52,10,NO,O,O
52,11,present,O,O
52,12,when,O,O
52,13,the,O,O
52,14,cell,B-DEVICE,B-device
52,15,stacks,O,O
52,16,are,O,O
52,17,polarized,B-EXPERIMENT,B-experiment_evoking_word
52,18,with,O,O
52,19,1.5,B-VALUE,B-voltage
52,20,V,I-VALUE,I-voltage
52,21,for,O,O
52,22,each,O,O
52,23,cell,O,O
52,24,.,O,O
53,0,Operation,O,O
53,1,of,O,O
53,2,Thin,O,O
53,3,-,O,O
53,4,Film,O,O
53,5,Electrolyte,O,O
53,6,Metal,O,O
53,7,-,O,O
53,8,Supported,O,O
53,9,Solid,O,O
53,10,Oxide,O,O
53,11,Fuel,O,O
53,12,Cells,O,O
53,13,in,O,O
53,14,Lightweight,O,O
53,15,and,O,O
53,16,Stationary,O,O
53,17,Stacks,O,O
53,18,:,O,O
53,19,Material,O,O
53,20,and,O,O
53,21,Microstructural,O,O
53,22,Aspects,O,O
53,23,Operation,O,O
53,24,of,O,O
53,25,Thin,O,O
53,26,-,O,O
53,27,Film,O,O
53,28,Electrolyte,O,O
53,29,Metal,O,O
53,30,-,O,O
53,31,Supported,O,O
53,32,Solid,O,O
53,33,Oxide,O,O
53,34,Fuel,O,O
53,35,Cells,O,O
53,36,in,O,O
53,37,Lightweight,O,O
53,38,and,O,O
53,39,Stationary,O,O
53,40,Stacks,O,O
53,41,:,O,O
53,42,Material,O,O
53,43,and,O,O
53,44,Microstructural,O,O
53,45,Aspects,O,O
53,46,RoehrensDaniel13*PackbierUte2FangQingping2BlumLudger2SeboldDoris1BramMartin13MenzlerNorbert1,O,O
53,47,IveyDouglas,O,O
53,48,Academic,O,O
53,49,Editor,O,O
53,50,1Forschungszentrum,O,O
53,51,Jülich,O,O
53,52,GmbH,O,O
53,53,",",O,O
53,54,Institute,O,O
53,55,of,O,O
53,56,Energy,O,O
53,57,and,O,O
53,58,Climate,O,O
53,59,Research,O,O
53,60,",",O,O
53,61,IEK-1,O,O
53,62,:,O,O
53,63,Materials,O,O
53,64,Synthesis,O,O
53,65,and,O,O
53,66,Processing,O,O
53,67,",",O,O
53,68,Jülich,O,O
53,69,52425,O,O
53,70,",",O,O
53,71,Germany,O,O
53,72,;,O,O
53,73,d.sebold,O,O
53,74,@,O,O
53,75,fz,O,O
53,76,-,O,O
53,77,juelich.de,O,O
53,78,(,O,O
53,79,D.S.,O,O
53,80,),O,O
53,81,;,O,O
53,82,m.bram,O,O
53,83,@,O,O
53,84,fz,O,O
53,85,-,O,O
53,86,juelich.de,O,O
53,87,(,O,O
53,88,M.B.,O,O
53,89,),O,O
53,90,;,O,O
53,91,n.h.menzler,O,O
53,92,@,O,O
53,93,fz,O,O
53,94,-,O,O
53,95,juelich.de,O,O
53,96,(,O,O
53,97,N.M.,O,O
53,98,),O,O
53,99,2Forschungszentrum,O,O
53,100,Jülich,O,O
53,101,GmbH,O,O
53,102,",",O,O
53,103,Institute,O,O
53,104,of,O,O
53,105,Energy,O,O
53,106,and,O,O
53,107,Climate,O,O
53,108,Research,O,O
53,109,",",O,O
53,110,IEK-3,O,O
53,111,:,O,O
53,112,Electrochemical,O,O
53,113,Process,O,O
53,114,Engineering,O,O
53,115,",",O,O
53,116,Jülich,O,O
53,117,52425,O,O
53,118,",",O,O
53,119,Germany,O,O
53,120,;,O,O
53,121,u.packbier,O,O
53,122,@,O,O
53,123,fz,O,O
53,124,-,O,O
53,125,juelich.de,O,O
53,126,(,O,O
53,127,U.P.,O,O
53,128,),O,O
53,129,;,O,O
53,130,q.fang,O,O
53,131,@,O,O
53,132,fz,O,O
53,133,-,O,O
53,134,juelich.de,O,O
53,135,(,O,O
53,136,Q.F.,O,O
53,137,),O,O
53,138,;,O,O
53,139,l.blum,O,O
53,140,@,O,O
53,141,fz,O,O
53,142,-,O,O
53,143,juelich.de,O,O
53,144,(,O,O
53,145,L.B.,O,O
53,146,),O,O
53,147,3Christian,O,O
53,148,Doppler,O,O
53,149,Laboratory,O,O
53,150,for,O,O
53,151,Interfaces,O,O
53,152,in,O,O
53,153,Metal,O,O
53,154,-,O,O
53,155,Supported,O,O
53,156,Electrochemical,O,O
53,157,Energy,O,O
53,158,Converters,O,O
53,159,",",O,O
53,160,Jülich,O,O
53,161,52425,O,O
53,162,",",O,O
53,163,Germany,O,O
53,164,*Correspondence,O,O
53,165,:,O,O
53,166,d.roehrens,O,O
53,167,@,O,O
53,168,fz,O,O
53,169,-,O,O
53,170,juelich.de,O,O
53,171,;,O,O
53,172,Tel.,O,O
53,173,:,O,O
53,174,+49-2461-61-96650,O,O
53,175,762,O,O
53,176,In,O,O
53,177,this,O,O
53,178,study,O,O
53,179,we,O,O
53,180,report,B-EXPERIMENT,B-experiment_evoking_word
53,181,on,O,O
53,182,the,O,O
53,183,development,O,O
53,184,and,O,O
53,185,operational,O,O
53,186,data,O,O
53,187,of,O,O
53,188,a,O,O
53,189,metal,B-MATERIAL,B-support_material
53,190,-,I-MATERIAL,I-support_material
53,191,supported,I-MATERIAL,I-support_material
53,192,solid,B-DEVICE,B-device
53,193,oxide,I-DEVICE,I-device
53,194,fuel,I-DEVICE,I-device
53,195,cell,I-DEVICE,I-device
53,196,with,O,O
53,197,a,O,O
53,198,thin,O,O
53,199,film,O,O
53,200,electrolyte,O,O
53,201,under,O,O
53,202,varying,O,O
53,203,conditions,O,O
53,204,.,O,O
54,0,The,O,O
54,1,metal,O,O
54,2,-,O,O
54,3,ceramic,O,O
54,4,structure,O,O
54,5,was,O,O
54,6,developed,B-EXPERIMENT,B-experiment_evoking_word
54,7,for,O,O
54,8,a,O,O
54,9,mobile,O,O
54,10,auxiliary,O,O
54,11,power,O,O
54,12,unit,O,O
54,13,and,O,O
54,14,offers,B-EXPERIMENT,B-experiment_evoking_word
54,15,power,O,O
54,16,densities,O,O
54,17,of,O,O
54,18,1,B-VALUE,B-power_density
54,19,W,I-VALUE,I-power_density
54,20,/,I-VALUE,I-power_density
54,21,cm2,I-VALUE,I-power_density
54,22,at,O,O
54,23,800,B-VALUE,B-working_temperature
54,24,°,I-VALUE,I-working_temperature
54,25,C,I-VALUE,I-working_temperature
54,26,",",O,O
54,27,as,O,O
54,28,well,O,O
54,29,as,O,O
54,30,robustness,O,O
54,31,under,O,O
54,32,mechanical,O,O
54,33,",",O,O
54,34,thermal,O,O
54,35,and,O,O
54,36,chemical,O,O
54,37,stresses,O,O
54,38,.,O,O
55,0,Although,O,O
55,1,10,O,O
55,2,h,O,O
55,3,at,O,O
55,4,850,O,O
55,5,°,O,O
55,6,C,O,O
55,7,is,O,O
55,8,not,O,O
55,9,sufficient,O,O
55,10,to,O,O
55,11,ensure,O,O
55,12,a,O,O
55,13,sintering,O,O
55,14,of,O,O
55,15,the,O,O
55,16,A-site,O,O
55,17,-,O,O
55,18,deficient,O,O
55,19,LSCF,B-MATERIAL,B-cathode_material
55,20,cathode,O,O
55,21,",",O,O
55,22,the,O,O
55,23,power,O,O
55,24,densities,O,O
55,25,obtained,B-EXPERIMENT,B-experiment_evoking_word
55,26,from,O,O
55,27,single,B-DEVICE,B-device
55,28,-,I-DEVICE,I-device
55,29,cell,I-DEVICE,I-device
55,30,tests,O,O
55,31,with,O,O
55,32,hydrogen,O,O
55,33,are,O,O
55,34,in,O,O
55,35,a,O,O
55,36,range,O,O
55,37,that,O,O
55,38,is,B-EXPERIMENT,B-experiment_evoking_word
55,39,comparable,O,O
55,40,to,O,O
55,41,full,O,O
55,42,ceramic,O,O
55,43,SOFCs,B-DEVICE,B-device
55,44,(,O,O
55,45,1.5,B-VALUE,B-current_density
55,46,A,I-VALUE,I-current_density
55,47,/,I-VALUE,I-current_density
55,48,cm2,I-VALUE,I-current_density
55,49,at,O,O
55,50,0.8,B-VALUE,B-voltage
55,51,V,I-VALUE,I-voltage
55,52,and,O,O
55,53,850,B-VALUE,B-working_temperature
55,54,°,I-VALUE,I-working_temperature
55,55,C,I-VALUE,I-working_temperature
55,56,),O,O
55,57,.,O,O
56,0,When,O,O
56,1,the,O,O
56,2,fuel,O,O
56,3,gas,O,O
56,4,is,O,O
56,5,switched,O,O
56,6,to,O,O
56,7,a,O,O
56,8,system,O,O
56,9,-,O,O
56,10,relevant,O,O
56,11,simulated,O,O
56,12,diesel,O,O
56,13,reformate,O,O
56,14,(,O,O
56,15,50,O,O
56,16,%,O,O
56,17,N2,O,O
56,18,",",O,O
56,19,15,B-MATERIAL,B-fuel_used
56,20,%,I-MATERIAL,I-fuel_used
56,21,H2,I-MATERIAL,I-fuel_used
56,22,14,I-MATERIAL,I-fuel_used
56,23,%,I-MATERIAL,I-fuel_used
56,24,CO,I-MATERIAL,I-fuel_used
56,25,",",O,O
56,26,11,O,O
56,27,%,O,O
56,28,H2O,O,O
56,29,",",O,O
56,30,10,B-MATERIAL,B-fuel_used
56,31,%,I-MATERIAL,I-fuel_used
56,32,CO2,I-MATERIAL,I-fuel_used
56,33,),O,O
56,34,and,O,O
56,35,a,O,O
56,36,temperature,O,O
56,37,of,O,O
56,38,750,B-VALUE,B-working_temperature
56,39,°,I-VALUE,I-working_temperature
56,40,C,I-VALUE,I-working_temperature
56,41,cell,O,O
56,42,performances,O,O
56,43,in,O,O
56,44,the,O,O
56,45,range,O,O
56,46,of,O,O
56,47,200,B-VALUE,B-power_density
56,48,to,I-VALUE,I-power_density
56,49,630,I-VALUE,I-power_density
56,50,mW,I-VALUE,I-power_density
56,51,/,I-VALUE,I-power_density
56,52,cm2,I-VALUE,I-power_density
56,53,at,O,O
56,54,0.7,B-VALUE,B-voltage
56,55,V,I-VALUE,I-voltage
56,56,were,O,O
56,57,recorded,B-EXPERIMENT,B-experiment_evoking_word
56,58,[26],O,O
56,59,",",O,O
56,60,which,O,O
56,61,is,O,O
56,62,sufficient,O,O
56,63,for,O,O
56,64,the,O,O
56,65,application,O,O
56,66,of,O,O
56,67,this,O,O
56,68,type,O,O
56,69,of,O,O
56,70,cell,O,O
56,71,in,O,O
56,72,a,O,O
56,73,mobile,O,O
56,74,APU.,O,O
56,75,2.2,O,O
56,76,.,O,O
57,0,The,O,O
57,1,fuel,O,O
57,2,gas,O,O
57,3,was,O,O
57,4,then,O,O
57,5,set,B-EXPERIMENT,B-experiment_evoking_word
57,6,to,O,O
57,7,humidified,O,O
57,8,hydrogen,B-MATERIAL,B-fuel_used
57,9,and,O,O
57,10,galvanostatic,O,O
57,11,stack,O,O
57,12,operation,O,O
57,13,commencing,O,O
57,14,at,O,O
57,15,750,B-VALUE,B-working_temperature
57,16,°,I-VALUE,I-working_temperature
57,17,C,I-VALUE,I-working_temperature
57,18,",",O,O
57,19,0.3,B-VALUE,B-current_density
57,20,A,I-VALUE,I-current_density
57,21,/,I-VALUE,I-current_density
57,22,cm2,I-VALUE,I-current_density
57,23,",",O,O
57,24,and,O,O
57,25,a,O,O
57,26,fuel,O,O
57,27,utilization,O,O
57,28,of,O,O
57,29,20,O,O
57,30,%,O,O
57,31,.,O,O
58,0,The,O,O
58,1,measured,O,O
58,2,IV,O,O
58,3,-,O,O
58,4,curves,O,O
58,5,show,B-EXPERIMENT,B-experiment_evoking_word
58,6,a,O,O
58,7,significantly,O,O
58,8,reduced,O,O
58,9,performance,O,O
58,10,of,O,O
58,11,the,O,O
58,12,MSC,O,O
58,13,(,O,O
58,14,300,B-VALUE,B-current_density
58,15,mA,I-VALUE,I-current_density
58,16,/,I-VALUE,I-current_density
58,17,cm2,I-VALUE,I-current_density
58,18,at,O,O
58,19,0.8,B-VALUE,B-voltage
58,20,V,I-VALUE,I-voltage
58,21,and,O,O
58,22,800,B-VALUE,B-working_temperature
58,23,°,I-VALUE,I-working_temperature
58,24,C,I-VALUE,I-working_temperature
58,25,),O,O
58,26,as,O,O
58,27,part,O,O
58,28,of,O,O
58,29,the,O,O
58,30,stack,O,O
58,31,compared,O,O
58,32,to,O,O
58,33,the,O,O
58,34,single,O,O
58,35,-,O,O
58,36,cell,O,O
58,37,measurements,O,O
58,38,",",O,O
58,39,both,O,O
58,40,in,O,O
58,41,terms,O,O
58,42,of,O,O
58,43,open,O,O
58,44,circuit,O,O
58,45,voltage,O,O
58,46,(,O,O
58,47,OCV,O,O
58,48,),O,O
58,49,values,O,O
58,50,and,O,O
58,51,the,O,O
58,52,slope,O,O
58,53,of,O,O
58,54,the,O,O
58,55,voltage,O,O
58,56,curve,O,O
58,57,",",O,O
58,58,which,O,O
58,59,translates,O,O
58,60,to,O,O
58,61,a,O,O
58,62,higher,O,O
58,63,area,O,O
58,64,-,O,O
58,65,specific,O,O
58,66,resistance,O,O
58,67,.,O,O
59,0,While,O,O
59,1,the,O,O
59,2,cell,O,O
59,3,voltage,O,O
59,4,for,O,O
59,5,cell,B-DEVICE,B-device
59,6,1,I-DEVICE,I-device
59,7,increases,B-EXPERIMENT,B-experiment_evoking_word
59,8,by,O,O
59,9,5.2,O,O
59,10,mV,O,O
59,11,over,O,O
59,12,237,B-VALUE,B-time_of_operation
59,13,h,I-VALUE,I-time_of_operation
59,14,of,O,O
59,15,operation,O,O
59,16,",",O,O
59,17,which,O,O
59,18,is,O,O
59,19,probably,O,O
59,20,a,O,O
59,21,result,O,O
59,22,of,O,O
59,23,a,O,O
59,24,slight,O,O
59,25,improvement,O,O
59,26,of,O,O
59,27,the,O,O
59,28,activity,O,O
59,29,at,O,O
59,30,the,O,O
59,31,cathode,O,O
59,32,side,O,O
59,33,",",O,O
59,34,cell,B-DEVICE,B-device
59,35,2,I-DEVICE,I-device
59,36,shows,B-EXPERIMENT,B-experiment_evoking_word
59,37,a,O,O
59,38,progressive,O,O
59,39,degradation,O,O
59,40,of,O,O
59,41,18.62,B-VALUE,B-degradation_rate
59,42,mV,I-VALUE,I-degradation_rate
59,43,or,O,O
59,44,2.4,B-VALUE,B-degradation_rate
59,45,%,I-VALUE,I-degradation_rate
59,46,over,O,O
59,47,237,B-VALUE,B-time_of_operation
59,48,h,I-VALUE,I-time_of_operation
59,49,",",O,O
59,50,which,O,O
59,51,equates,B-EXPERIMENT,B-experiment_evoking_word
59,52,to,O,O
59,53,10.2,B-VALUE,B-degradation_rate
59,54,%,I-VALUE,I-degradation_rate
59,55,over,O,O
59,56,1000,B-VALUE,B-time_of_operation
59,57,h,I-VALUE,I-time_of_operation
59,58,.,O,O
60,0,This,O,O
60,1,was,O,O
60,2,",",O,O
60,3,however,O,O
60,4,",",O,O
60,5,not,O,O
60,6,related,O,O
60,7,to,O,O
60,8,intrinsic,O,O
60,9,defects,O,O
60,10,on,O,O
60,11,the,O,O
60,12,cell,O,O
60,13,level,O,O
60,14,",",O,O
60,15,since,O,O
60,16,OCV,O,O
60,17,values,O,O
60,18,for,O,O
60,19,both,O,O
60,20,cells,B-DEVICE,B-device
60,21,were,B-EXPERIMENT,B-experiment_evoking_word
60,22,similar,O,O
60,23,at,O,O
60,24,1.011,B-VALUE,B-open_circuit_voltage
60,25,V,I-VALUE,I-open_circuit_voltage
60,26,(,O,O
60,27,cell,O,O
60,28,1,O,O
60,29,),O,O
60,30,and,O,O
60,31,1.015,B-VALUE,B-open_circuit_voltage
60,32,V,I-VALUE,I-open_circuit_voltage
60,33,(,O,O
60,34,cell,O,O
60,35,2,O,O
60,36,),O,O
60,37,at,O,O
60,38,750,B-VALUE,B-working_temperature
60,39,°,I-VALUE,I-working_temperature
60,40,C,I-VALUE,I-working_temperature
60,41,after,O,O
60,42,the,O,O
60,43,joining,O,O
60,44,process,O,O
60,45,",",O,O
60,46,but,O,O
60,47,rather,O,O
60,48,were,O,O
60,49,a,O,O
60,50,direct,O,O
60,51,result,O,O
60,52,of,O,O
60,53,an,O,O
60,54,external,O,O
60,55,leakage,O,O
60,56,and,O,O
60,57,subsequent,O,O
60,58,reoxidation,O,O
60,59,of,O,O
60,60,cell,O,O
60,61,2,O,O
60,62,that,O,O
60,63,developed,O,O
60,64,during,O,O
60,65,the,O,O
60,66,course,O,O
60,67,of,O,O
60,68,the,O,O
60,69,experiment,O,O
60,70,",",O,O
60,71,which,O,O
60,72,resulted,O,O
60,73,in,O,O
60,74,an,O,O
60,75,area,O,O
60,76,increase,O,O
60,77,in,O,O
60,78,dark,O,O
60,79,gray,O,O
60,80,oxidized,O,O
60,81,domains,O,O
60,82,and,O,O
60,83,some,O,O
60,84,cracks,O,O
60,85,in,O,O
60,86,the,O,O
60,87,cathode,O,O
60,88,layer,O,O
60,89,in,O,O
60,90,the,O,O
60,91,scanning,O,O
60,92,electron,O,O
60,93,microscopy,O,O
60,94,(,O,O
60,95,SEM,O,O
60,96,),O,O
60,97,analysis,O,O
60,98,.,O,O
61,0,For,O,O
61,1,this,O,O
61,2,test,O,O
61,3,",",O,O
61,4,a,O,O
61,5,higher,O,O
61,6,",",O,O
61,7,more,O,O
61,8,system,O,O
61,9,-,O,O
61,10,relevant,O,O
61,11,current,O,O
61,12,density,O,O
61,13,of,O,O
61,14,0.5,B-VALUE,B-current_density
61,15,A,I-VALUE,I-current_density
61,16,/,I-VALUE,I-current_density
61,17,cm2,I-VALUE,I-current_density
61,18,was,O,O
61,19,selected,B-EXPERIMENT,B-experiment_evoking_word
61,20,.,O,O
62,0,Over,O,O
62,1,the,O,O
62,2,course,O,O
62,3,of,O,O
62,4,galvanostatic,O,O
62,5,operation,O,O
62,6,(,O,O
62,7,43,B-VALUE,B-thickness
62,8,h,I-VALUE,I-thickness
62,9,),O,O
62,10,",",O,O
62,11,cell,B-DEVICE,B-device
62,12,1,I-DEVICE,I-device
62,13,lost,B-EXPERIMENT,B-experiment_evoking_word
62,14,31,B-VALUE,B-degradation_rate
62,15,mV,I-VALUE,I-degradation_rate
62,16,or,O,O
62,17,4.15,B-VALUE,B-degradation_rate
62,18,%,I-VALUE,I-degradation_rate
62,19,of,O,O
62,20,the,O,O
62,21,initial,O,O
62,22,value,O,O
62,23,",",O,O
62,24,while,O,O
62,25,cell,B-DEVICE,B-device
62,26,2,I-DEVICE,I-device
62,27,degraded,B-EXPERIMENT,B-experiment_evoking_word
62,28,by,O,O
62,29,61,B-VALUE,B-degradation_rate
62,30,mV,I-VALUE,I-degradation_rate
62,31,(,O,O
62,32,8.31,B-VALUE,B-degradation_rate
62,33,%,I-VALUE,I-degradation_rate
62,34,),O,O
62,35,.,O,O
63,0,Conclusions,O,O
63,1,A,O,O
63,2,metal,B-MATERIAL,B-support_material
63,3,-,I-MATERIAL,I-support_material
63,4,supported,I-MATERIAL,I-support_material
63,5,SOFC,B-DEVICE,B-device
63,6,based,O,O
63,7,on,O,O
63,8,a,O,O
63,9,porous,O,O
63,10,steel,B-MATERIAL,B-support_material
63,11,substrate,O,O
63,12,",",O,O
63,13,a,O,O
63,14,graded,O,O
63,15,three,O,O
63,16,-,O,O
63,17,layer,O,O
63,18,Ni,B-MATERIAL,B-anode_material
63,19,/,I-MATERIAL,I-anode_material
63,20,8YSZ,I-MATERIAL,I-anode_material
63,21,anode,O,O
63,22,",",O,O
63,23,and,O,O
63,24,a,O,O
63,25,thin,O,O
63,26,film,O,O
63,27,8YSZ,B-MATERIAL,B-electrolyte_material
63,28,membrane,O,O
63,29,was,O,O
63,30,operated,B-EXPERIMENT,B-experiment_evoking_word
63,31,in,O,O
63,32,two,O,O
63,33,different,O,O
63,34,stack,O,O
63,35,designs,O,O
63,36,.,O,O
64,0,Single,O,O
64,1,cell,O,O
64,2,IV,O,O
64,3,-,O,O
64,4,characterization,O,O
64,5,of,O,O
64,6,such,O,O
64,7,cells,B-DEVICE,B-device
64,8,with,O,O
64,9,an,O,O
64,10,LSCF,B-MATERIAL,B-cathode_material
64,11,cathode,O,O
64,12,activated,O,O
64,13,in,O,O
64,14,situ,O,O
64,15,displays,B-EXPERIMENT,B-experiment_evoking_word
64,16,power,O,O
64,17,densities,O,O
64,18,of,O,O
64,19,about,O,O
64,20,1,B-VALUE,B-power_density
64,21,W,I-VALUE,I-power_density
64,22,/,I-VALUE,I-power_density
64,23,cm2,I-VALUE,I-power_density
64,24,at,O,O
64,25,800,B-VALUE,B-working_temperature
64,26,°,I-VALUE,I-working_temperature
64,27,C,I-VALUE,I-working_temperature
64,28,and,O,O
64,29,1.5,B-VALUE,B-current_density
64,30,A,I-VALUE,I-current_density
64,31,/,I-VALUE,I-current_density
64,32,cm2,I-VALUE,I-current_density
64,33,.,O,O
65,0,A,O,O
65,1,two,O,O
65,2,-,O,O
65,3,layer,O,O
65,4,lightweight,O,O
65,5,MSC,B-MATERIAL,B-support_material
65,6,stack,O,O
65,7,with,O,O
65,8,an,O,O
65,9,84,O,O
65,10,cm2,O,O
65,11,active,O,O
65,12,cell,B-DEVICE,B-device
65,13,area,O,O
65,14,was,O,O
65,15,operated,B-EXPERIMENT,B-experiment_evoking_word
65,16,at,O,O
65,17,0.3,B-VALUE,B-current_density
65,18,A,I-VALUE,I-current_density
65,19,/,I-VALUE,I-current_density
65,20,cm2,I-VALUE,I-current_density
65,21,for,O,O
65,22,more,O,O
65,23,than,O,O
65,24,237,B-VALUE,B-time_of_operation
65,25,h,I-VALUE,I-time_of_operation
65,26,at,O,O
65,27,750,B-VALUE,B-working_temperature
65,28,°,I-VALUE,I-working_temperature
65,29,C,I-VALUE,I-working_temperature
65,30,.,O,O
66,0,A,O,O
66,1,further,O,O
66,2,two,O,O
66,3,layer,O,O
66,4,MSC,B-MATERIAL,B-support_material
66,5,stack,O,O
66,6,in,O,O
66,7,a,O,O
66,8,stationary,O,O
66,9,design,O,O
66,10,was,O,O
66,11,set,O,O
66,12,up,O,O
66,13,and,O,O
66,14,operated,B-EXPERIMENT,B-experiment_evoking_word
66,15,at,O,O
66,16,0.5,B-VALUE,B-current_density
66,17,A,I-VALUE,I-current_density
66,18,/,I-VALUE,I-current_density
66,19,cm2,I-VALUE,I-current_density
66,20,for,O,O
66,21,43,B-VALUE,B-time_of_operation
66,22,h,I-VALUE,I-time_of_operation
66,23,.,O,O
67,0,The,O,O
67,1,structure,O,O
67,2,",",O,O
67,3,morphology,O,O
67,4,",",O,O
67,5,conductivity,O,O
67,6,and,O,O
67,7,fuel,B-DEVICE,B-device
67,8,cell,I-DEVICE,I-device
67,9,performance,O,O
67,10,of,O,O
67,11,the,O,O
67,12,obtained,O,O
67,13,samples,O,O
67,14,were,O,O
67,15,investigated,B-EXPERIMENT,B-experiment_evoking_word
67,16,.,O,O
68,0,The,O,O
68,1,highest,O,O
68,2,power,O,O
68,3,density,O,O
68,4,and,O,O
68,5,conductivity,O,O
68,6,of,O,O
68,7,BaCe0.9Yb0.1O3,B-MATERIAL,B-electrolyte_material
68,8,−,I-MATERIAL,I-electrolyte_material
68,9,α-NaCl,I-MATERIAL,I-electrolyte_material
68,10,~,I-MATERIAL,I-electrolyte_material
68,11,KCl,I-MATERIAL,I-electrolyte_material
68,12,was,B-EXPERIMENT,B-experiment_evoking_word
68,13,393,B-VALUE,B-power_density
68,14,mW,I-VALUE,I-power_density
68,15,·,I-VALUE,I-power_density
68,16,cm,I-VALUE,I-power_density
68,17,−,I-VALUE,I-power_density
68,18,2,I-VALUE,I-power_density
68,19,and,O,O
68,20,3.0,B-VALUE,B-conductivity
68,21,×,I-VALUE,I-conductivity
68,22,10,I-VALUE,I-conductivity
68,23,−,I-VALUE,I-conductivity
68,24,1,I-VALUE,I-conductivity
68,25,S,I-VALUE,I-conductivity
68,26,·,I-VALUE,I-conductivity
68,27,cm,I-VALUE,I-conductivity
68,28,−,I-VALUE,I-conductivity
68,29,1,I-VALUE,I-conductivity
68,30,at,O,O
68,31,700,B-VALUE,B-working_temperature
68,32,°,I-VALUE,I-working_temperature
68,33,C,I-VALUE,I-working_temperature
68,34,",",O,O
68,35,respectively,O,O
68,36,.,O,O
68,37,defects,O,O
68,38,composite,O,O
68,39,electrolytes,O,O
68,40,hydrogen,O,O
68,41,fuel,O,O
68,42,cell,O,O
68,43,conductivity,O,O
68,44,1,O,O
68,45,.,O,O
69,0,Park,O,O
69,1,et,O,O
69,2,al,O,O
69,3,.,O,O
69,4,reported,B-EXPERIMENT,B-experiment_evoking_word
69,5,that,O,O
69,6,the,O,O
69,7,conductivities,O,O
69,8,of,O,O
69,9,composite,O,O
69,10,BaZr0.85Y0.15O3,B-MATERIAL,B-electrolyte_material
69,11,−,I-MATERIAL,I-electrolyte_material
69,12,δ-Nd0.1Ce0.9O2,I-MATERIAL,I-electrolyte_material
69,13,−,I-MATERIAL,I-electrolyte_material
69,14,δ,I-MATERIAL,I-electrolyte_material
69,15,electrolyte,O,O
69,16,are,O,O
69,17,higher,O,O
69,18,than,O,O
69,19,that,O,O
69,20,of,O,O
69,21,single,O,O
69,22,BaZr0.85Y0.15O3,B-MATERIAL,B-electrolyte_material
69,23,−,I-MATERIAL,I-electrolyte_material
69,24,δ,I-MATERIAL,I-electrolyte_material
69,25,above,B-VALUE,B-working_temperature
69,26,600,I-VALUE,I-working_temperature
69,27,°,I-VALUE,I-working_temperature
69,28,C,I-VALUE,I-working_temperature
69,29,[,O,O
69,30,28,O,O
69,31,],O,O
69,32,.,O,O
70,0,Huang,O,O
70,1,et,O,O
70,2,al,O,O
70,3,.,O,O
70,4,found,B-EXPERIMENT,B-experiment_evoking_word
70,5,the,O,O
70,6,conductivities,O,O
70,7,of,O,O
70,8,BaCe0.7Zr0.1Y0.2O3,B-MATERIAL,B-electrolyte_material
70,9,−,I-MATERIAL,I-electrolyte_material
70,10,δ-Li2CO3,I-MATERIAL,I-electrolyte_material
70,11,-,I-MATERIAL,I-electrolyte_material
70,12,Na2CO3,I-MATERIAL,I-electrolyte_material
70,13,composite,O,O
70,14,electrolyte,O,O
70,15,>,B-VALUE,B-conductivity
70,16,0.1,I-VALUE,I-conductivity
70,17,S,I-VALUE,I-conductivity
70,18,·,I-VALUE,I-conductivity
70,19,cm,I-VALUE,I-conductivity
70,20,−,I-VALUE,I-conductivity
70,21,1,I-VALUE,I-conductivity
70,22,at,O,O
70,23,600,B-VALUE,B-working_temperature
70,24,°,I-VALUE,I-working_temperature
70,25,C,I-VALUE,I-working_temperature
70,26,[,O,O
70,27,32,O,O
70,28,],O,O
70,29,.,O,O
71,0,Finally,O,O
71,1,",",O,O
71,2,H2,B-MATERIAL,B-fuel_used
71,3,/,O,O
71,4,O2,B-MATERIAL,B-fuel_used
71,5,fuel,B-DEVICE,B-device
71,6,cells,I-DEVICE,I-device
71,7,were,O,O
71,8,fabricated,O,O
71,9,and,O,O
71,10,tested,B-EXPERIMENT,B-experiment_evoking_word
71,11,.,O,O
71,12,3,O,O
71,13,.,O,O
72,0,The,O,O
72,1,conductivities,O,O
72,2,of,O,O
72,3,BaCe0.9Yb0.1O3,B-MATERIAL,B-electrolyte_material
72,4,−,I-MATERIAL,I-electrolyte_material
72,5,α-NaCl,I-MATERIAL,I-electrolyte_material
72,6,~,I-MATERIAL,I-electrolyte_material
72,7,KCl,I-MATERIAL,I-electrolyte_material
72,8,vary,B-EXPERIMENT,B-experiment_evoking_word
72,9,from,B-VALUE,B-conductivity
72,10,2.0,I-VALUE,I-conductivity
72,11,×,I-VALUE,I-conductivity
72,12,10,I-VALUE,I-conductivity
72,13,−,I-VALUE,I-conductivity
72,14,4,I-VALUE,I-conductivity
72,15,S,I-VALUE,I-conductivity
72,16,·,I-VALUE,I-conductivity
72,17,cm,I-VALUE,I-conductivity
72,18,−,I-VALUE,I-conductivity
72,19,1,I-VALUE,I-conductivity
72,20,to,I-VALUE,I-conductivity
72,21,3.0,I-VALUE,I-conductivity
72,22,×,I-VALUE,I-conductivity
72,23,10,I-VALUE,I-conductivity
72,24,−,I-VALUE,I-conductivity
72,25,1,I-VALUE,I-conductivity
72,26,S,I-VALUE,I-conductivity
72,27,·,I-VALUE,I-conductivity
72,28,cm,I-VALUE,I-conductivity
72,29,−,I-VALUE,I-conductivity
72,30,1,I-VALUE,I-conductivity
72,31,in,O,O
72,32,the,O,O
72,33,range,O,O
72,34,of,O,O
72,35,400,B-VALUE,B-working_temperature
72,36,–,I-VALUE,I-working_temperature
72,37,700,I-VALUE,I-working_temperature
72,38,°,I-VALUE,I-working_temperature
72,39,C,I-VALUE,I-working_temperature
72,40,which,O,O
72,41,is,B-EXPERIMENT,B-experiment_evoking_word
72,42,equivalent,O,O
72,43,to,O,O
72,44,BaZr0.85Y0.15O3,B-MATERIAL,B-electrolyte_material
72,45,−,I-MATERIAL,I-electrolyte_material
72,46,α-Li2CO3,I-MATERIAL,I-electrolyte_material
72,47,-,I-MATERIAL,I-electrolyte_material
72,48,K2CO3,I-MATERIAL,I-electrolyte_material
72,49,in,O,O
72,50,the,O,O
72,51,air,B-MATERIAL,B-fuel_used
72,52,at,O,O
72,53,650,B-VALUE,B-working_temperature
72,54,°,I-VALUE,I-working_temperature
72,55,C,I-VALUE,I-working_temperature
72,56,[,O,O
72,57,31,O,O
72,58,],O,O
72,59,.,O,O
73,0,Figure,O,O
73,1,6,O,O
73,2,presents,B-EXPERIMENT,B-experiment_evoking_word
73,3,the,O,O
73,4,electrochemical,O,O
73,5,impedance,O,O
73,6,spectroscopy,O,O
73,7,(,O,O
73,8,EIS,O,O
73,9,),O,O
73,10,of,O,O
73,11,BaCe0.9Yb0.1O3,B-MATERIAL,B-electrolyte_material
73,12,−,I-MATERIAL,I-electrolyte_material
73,13,α,I-MATERIAL,I-electrolyte_material
73,14,(,O,O
73,15,1550,O,O
73,16,°,O,O
73,17,C,O,O
73,18,),O,O
73,19,and,O,O
73,20,BaCe0.9Yb0.1O3,B-MATERIAL,B-electrolyte_material
73,21,−,I-MATERIAL,I-electrolyte_material
73,22,α-NaCl,I-MATERIAL,I-electrolyte_material
73,23,~,I-MATERIAL,I-electrolyte_material
73,24,KCl,I-MATERIAL,I-electrolyte_material
73,25,under,O,O
73,26,open-circuit,O,O
73,27,conditions,O,O
73,28,at,O,O
73,29,700,B-VALUE,B-working_temperature
73,30,°,I-VALUE,I-working_temperature
73,31,C,I-VALUE,I-working_temperature
73,32,.,O,O
74,0,In,O,O
74,1,Figure,O,O
74,2,6,O,O
74,3,",",O,O
74,4,the,O,O
74,5,polarization,O,O
74,6,resistance,O,O
74,7,(,O,O
74,8,Rp,O,O
74,9,),O,O
74,10,for,O,O
74,11,BaCe0.9Yb0.1O3,B-MATERIAL,B-electrolyte_material
74,12,−,I-MATERIAL,I-electrolyte_material
74,13,α,I-MATERIAL,I-electrolyte_material
74,14,(,O,O
74,15,1550,O,O
74,16,°,O,O
74,17,C,O,O
74,18,),O,O
74,19,and,O,O
74,20,BaCe0.9Yb0.1O3,B-MATERIAL,B-electrolyte_material
74,21,−,I-MATERIAL,I-electrolyte_material
74,22,α-NaCl,I-MATERIAL,I-electrolyte_material
74,23,~,I-MATERIAL,I-electrolyte_material
74,24,KCl,I-MATERIAL,I-electrolyte_material
74,25,are,B-EXPERIMENT,B-experiment_evoking_word
74,26,1.72,B-VALUE,B-resistance
74,27,Ω,I-VALUE,I-resistance
74,28,·,I-VALUE,I-resistance
74,29,cm2,I-VALUE,I-resistance
74,30,and,O,O
74,31,0.31,B-VALUE,B-resistance
74,32,Ω,I-VALUE,I-resistance
74,33,·,I-VALUE,I-resistance
74,34,cm2,I-VALUE,I-resistance
74,35,",",O,O
74,36,respectively,O,O
74,37,.,O,O
75,0,The,O,O
75,1,following,O,O
75,2,reactions,O,O
75,3,occur,O,O
75,4,in,O,O
75,5,the,O,O
75,6,cathode,O,O
75,7,and,O,O
75,8,anode,O,O
75,9,compartments,O,O
75,10,:,O,O
75,11,cathode,O,O
75,12,reaction,O,O
75,13,:,O,O
75,14,2H,O,O
75,15,+,O,O
75,16,+,O,O
75,17,O2,O,O
75,18,+,O,O
75,19,4e,O,O
75,20,−,O,O
75,21,=,O,O
75,22,H2O,O,O
75,23,+,O,O
75,24,O2,O,O
75,25,−,O,O
75,26,(,O,O
75,27,2,O,O
75,28,),O,O
75,29,and,O,O
75,30,anode,O,O
75,31,reaction,O,O
75,32,:,O,O
75,33,2H2,O,O
75,34,+,O,O
75,35,O2,O,O
75,36,−,O,O
75,37,=,O,O
75,38,2H,O,O
75,39,+,O,O
75,40,+,O,O
75,41,H2O,O,O
75,42,+,O,O
75,43,4e,O,O
75,44,−,O,O
75,45,.,O,O
75,46,(,O,O
75,47,3,O,O
75,48,),O,O
75,49,The,O,O
75,50,H2,B-MATERIAL,B-fuel_used
75,51,/,O,O
75,52,O2,B-MATERIAL,B-fuel_used
75,53,fuel,B-DEVICE,B-device
75,54,cell,I-DEVICE,I-device
75,55,using,B-EXPERIMENT,B-experiment_evoking_word
75,56,BaCe0.9Yb0.1O3,B-MATERIAL,B-electrolyte_material
75,57,−,I-MATERIAL,I-electrolyte_material
75,58,α-NaCl,I-MATERIAL,I-electrolyte_material
75,59,~,I-MATERIAL,I-electrolyte_material
75,60,KCl,I-MATERIAL,I-electrolyte_material
75,61,(,O,O
75,62,thickness,O,O
75,63,=,O,O
75,64,1.0,B-VALUE,B-thickness
75,65,mm,I-VALUE,I-thickness
75,66,),O,O
75,67,as,O,O
75,68,electrolyte,O,O
75,69,achieves,B-EXPERIMENT,B-experiment_evoking_word
75,70,the,O,O
75,71,highest,O,O
75,72,power,O,O
75,73,density,O,O
75,74,(,O,O
75,75,Ph,O,O
75,76,),O,O
75,77,of,O,O
75,78,393,B-VALUE,B-power_density
75,79,mW,I-VALUE,I-power_density
75,80,·,I-VALUE,I-power_density
75,81,cm,I-VALUE,I-power_density
75,82,−,I-VALUE,I-power_density
75,83,2,I-VALUE,I-power_density
75,84,when,O,O
75,85,the,O,O
75,86,voltage,O,O
75,87,is,B-EXPERIMENT,B-experiment_evoking_word
75,88,0.64,B-VALUE,B-voltage
75,89,V,I-VALUE,I-voltage
75,90,at,O,O
75,91,700,B-VALUE,B-working_temperature
75,92,°,I-VALUE,I-working_temperature
75,93,C,I-VALUE,I-working_temperature
75,94,.,O,O
76,0,The,O,O
76,1,SrCe0.6Zr0.3Lu0.1O3,B-MATERIAL,B-electrolyte_material
76,2,−,I-MATERIAL,I-electrolyte_material
76,3,α,I-MATERIAL,I-electrolyte_material
76,4,only,O,O
76,5,has,B-EXPERIMENT,B-experiment_evoking_word
76,6,34.8,B-VALUE,B-power_density
76,7,mW,I-VALUE,I-power_density
76,8,·,I-VALUE,I-power_density
76,9,cm,I-VALUE,I-power_density
76,10,−,I-VALUE,I-power_density
76,11,2,I-VALUE,I-power_density
76,12,under,O,O
76,13,the,O,O
76,14,same,O,O
76,15,conditions,O,O
76,16,.,O,O
77,0,The,O,O
77,1,Ph,O,O
77,2,value,O,O
77,3,of,O,O
77,4,our,O,O
77,5,result,O,O
77,6,is,B-EXPERIMENT,B-experiment_evoking_word
77,7,higher,O,O
77,8,than,O,O
77,9,the,O,O
77,10,fuel,B-DEVICE,B-device
77,11,cell,I-DEVICE,I-device
77,12,performance,O,O
77,13,of,O,O
77,14,60,O,O
77,15,wt,O,O
77,16,%,O,O
77,17,Ce0.8Sm0.2O1.9,B-MATERIAL,B-electrolyte_material
77,18,-,O,O
77,19,40,O,O
77,20,wt,O,O
77,21,%,O,O
77,22,(,O,O
77,23,Li,B-MATERIAL,B-electrolyte_material
77,24,/,I-MATERIAL,I-electrolyte_material
77,25,Na,I-MATERIAL,I-electrolyte_material
77,26,),I-MATERIAL,I-electrolyte_material
77,27,2CO3,I-MATERIAL,I-electrolyte_material
77,28,(,O,O
77,29,575,B-VALUE,B-working_temperature
77,30,°,I-VALUE,I-working_temperature
77,31,C,I-VALUE,I-working_temperature
77,32,),O,O
77,33,and,O,O
77,34,BaCe0.7In0.15Ta0.05Y0.1O3,B-MATERIAL,B-electrolyte_material
77,35,−,I-MATERIAL,I-electrolyte_material
77,36,δ,I-MATERIAL,I-electrolyte_material
77,37,(,O,O
77,38,thickness,O,O
77,39,=,O,O
77,40,25,B-VALUE,B-thickness
77,41,μm,I-VALUE,I-thickness
77,42,",",O,O
77,43,700,B-VALUE,B-working_temperature
77,44,°,I-VALUE,I-working_temperature
77,45,C,I-VALUE,I-working_temperature
77,46,),O,O
77,47,",",O,O
77,48,however,O,O
77,49,",",O,O
77,50,lower,O,O
77,51,than,O,O
77,52,80,O,O
77,53,wt,O,O
77,54,%,O,O
77,55,BaCe0.7Zr0.1Y0.2O3,B-MATERIAL,B-electrolyte_material
77,56,−,I-MATERIAL,I-electrolyte_material
77,57,δ,I-MATERIAL,I-electrolyte_material
77,58,-,O,O
77,59,20,O,O
77,60,wt,O,O
77,61,%,O,O
77,62,(,B-MATERIAL,O
77,63,Li,I-MATERIAL,O
77,64,/,I-MATERIAL,O
77,65,Na,I-MATERIAL,O
77,66,),I-MATERIAL,O
77,67,2CO3,I-MATERIAL,O
77,68,(,O,O
77,69,thickness,O,O
77,70,=,O,O
77,71,0.4,B-VALUE,B-thickness
77,72,mm,I-VALUE,I-thickness
77,73,",",O,O
77,74,600,B-VALUE,B-working_temperature
77,75,°,I-VALUE,I-working_temperature
77,76,C,I-VALUE,I-working_temperature
77,77,),O,O
77,78,as,O,O
77,79,shown,O,O
77,80,in,O,O
77,81,Table,O,O
77,82,1,O,O
77,83,[,O,O
77,84,"18,32,44",O,O
77,85,],O,O
77,86,.,O,O
78,0,The,O,O
78,1,polarization,O,O
78,2,resistances,O,O
78,3,(,O,O
78,4,Rp,O,O
78,5,),O,O
78,6,for,O,O
78,7,BaCe0.9Yb0.1O3,B-MATERIAL,B-electrolyte_material
78,8,−,I-MATERIAL,I-electrolyte_material
78,9,α,I-MATERIAL,I-electrolyte_material
78,10,(,O,O
78,11,1550,O,O
78,12,°,O,O
78,13,C,O,O
78,14,),O,O
78,15,and,O,O
78,16,BaCe0.9Yb0.1O3,B-MATERIAL,B-electrolyte_material
78,17,−,I-MATERIAL,I-electrolyte_material
78,18,α-NaCl,I-MATERIAL,I-electrolyte_material
78,19,~,I-MATERIAL,I-electrolyte_material
78,20,KCl,I-MATERIAL,I-electrolyte_material
78,21,were,B-EXPERIMENT,B-experiment_evoking_word
78,22,1.72,B-VALUE,B-resistance
78,23,Ω,I-VALUE,I-resistance
78,24,·,I-VALUE,I-resistance
78,25,cm2,I-VALUE,I-resistance
78,26,and,O,O
78,27,0.31,B-VALUE,B-resistance
78,28,Ω,I-VALUE,I-resistance
78,29,·,I-VALUE,I-resistance
78,30,cm2,I-VALUE,I-resistance
78,31,under,O,O
78,32,open-circuit,O,O
78,33,conditions,O,O
78,34,at,O,O
78,35,700,B-VALUE,B-working_temperature
78,36,°,I-VALUE,I-working_temperature
78,37,C,I-VALUE,I-working_temperature
78,38,",",O,O
78,39,respectively,O,O
78,40,.,O,O
79,0,The,O,O
79,1,highest,O,O
79,2,power,O,O
79,3,density,O,O
79,4,and,O,O
79,5,conductivity,O,O
79,6,of,O,O
79,7,BaCe0.9Yb0.1O3,B-MATERIAL,B-electrolyte_material
79,8,−,I-MATERIAL,I-electrolyte_material
79,9,α-NaCl,I-MATERIAL,I-electrolyte_material
79,10,~,I-MATERIAL,I-electrolyte_material
79,11,KCl,I-MATERIAL,I-electrolyte_material
79,12,were,B-EXPERIMENT,B-experiment_evoking_word
79,13,393,B-VALUE,B-power_density
79,14,mW,I-VALUE,I-power_density
79,15,·,I-VALUE,I-power_density
79,16,cm,I-VALUE,I-power_density
79,17,−,I-VALUE,I-power_density
79,18,2,I-VALUE,I-power_density
79,19,and,O,O
79,20,3.0,B-VALUE,B-conductivity
79,21,×,I-VALUE,I-conductivity
79,22,10,I-VALUE,I-conductivity
79,23,−,I-VALUE,I-conductivity
79,24,1,I-VALUE,I-conductivity
79,25,S,I-VALUE,I-conductivity
79,26,·,I-VALUE,I-conductivity
79,27,cm,I-VALUE,I-conductivity
79,28,−,I-VALUE,I-conductivity
79,29,1,I-VALUE,I-conductivity
79,30,at,O,O
79,31,700,B-VALUE,B-working_temperature
79,32,°,I-VALUE,I-working_temperature
79,33,C,I-VALUE,I-working_temperature
79,34,",",O,O
79,35,respectively,O,O
79,36,.,O,O
80,0,The,O,O
80,1,effects,O,O
80,2,of,O,O
80,3,synthesis,O,O
80,4,temperature,O,O
80,5,",",O,O
80,6,weight,O,O
80,7,ratio,O,O
80,8,",",O,O
80,9,test,O,O
80,10,temperature,O,O
80,11,",",O,O
80,12,and,O,O
80,13,oxygen,O,O
80,14,partial,O,O
80,15,pressure,O,O
80,16,on,O,O
80,17,the,O,O
80,18,conductivities,O,O
80,19,of,O,O
80,20,8YSZ-glass,B-MATERIAL,B-electrolyte_material
80,21,composite,O,O
80,22,electrolytes,O,O
80,23,",",O,O
80,24,were,O,O
80,25,also,O,O
80,26,investigated,B-EXPERIMENT,B-experiment_evoking_word
80,27,at,O,O
80,28,400,B-VALUE,B-working_temperature
80,29,–,I-VALUE,I-working_temperature
80,30,800,I-VALUE,I-working_temperature
80,31,°,I-VALUE,I-working_temperature
80,32,C,I-VALUE,I-working_temperature
80,33,.,O,O
81,0,The,O,O
81,1,result,O,O
81,2,of,O,O
81,3,the,O,O
81,4,logσ,O,O
81,5,~,O,O
81,6,log(pO2),O,O
81,7,plot,O,O
81,8,indicates,B-EXPERIMENT,B-experiment_evoking_word
81,9,that,O,O
81,10,the,O,O
81,11,8YSZ-20,B-MATERIAL,B-electrolyte_material
81,12,%,I-MATERIAL,I-electrolyte_material
81,13,glass,I-MATERIAL,I-electrolyte_material
81,14,(,O,O
81,15,700,B-VALUE,B-working_temperature
81,16,°,I-VALUE,I-working_temperature
81,17,C,I-VALUE,I-working_temperature
81,18,),O,O
81,19,is,O,O
81,20,almost,O,O
81,21,a,O,O
81,22,pure,O,O
81,23,ionic,O,O
81,24,conductor,O,O
81,25,.,O,O
82,0,The,O,O
82,1,oxygen,O,O
82,2,concentration,O,O
82,3,discharge,O,O
82,4,cell,O,O
82,5,illustrates,B-EXPERIMENT,B-experiment_evoking_word
82,6,that,O,O
82,7,the,O,O
82,8,8YSZ-20,B-MATERIAL,B-electrolyte_material
82,9,%,I-MATERIAL,I-electrolyte_material
82,10,glass,I-MATERIAL,I-electrolyte_material
82,11,(,O,O
82,12,700,B-VALUE,B-working_temperature
82,13,°,I-VALUE,I-working_temperature
82,14,C,I-VALUE,I-working_temperature
82,15,),O,O
82,16,composite,O,O
82,17,electrolyte,O,O
82,18,is,O,O
82,19,a,O,O
82,20,good,O,O
82,21,oxygen,O,O
82,22,ion,O,O
82,23,conductor.,O,O
82,24,defects,O,O
82,25,electrolyte,O,O
82,26,fuel,O,O
82,27,cell,O,O
82,28,ceramics,O,O
82,29,sol,O,O
82,30,-,O,O
82,31,gel,O,O
82,32,preparation,O,O
82,33,1,O,O
82,34,.,O,O
83,0,Introduction,O,O
83,1,ZrO2,B-MATERIAL,B-electrolyte_material
83,2,-,O,O
83,3,based,O,O
83,4,electrolytes,O,O
83,5,doped,O,O
83,6,",",O,O
83,7,with,O,O
83,8,rare,O,O
83,9,earth,O,O
83,10,metallic,O,O
83,11,cations,O,O
83,12,",",O,O
83,13,are,O,O
83,14,excellent,O,O
83,15,oxide,O,O
83,16,ionic,O,O
83,17,conductors,O,O
83,18,",",O,O
83,19,and,O,O
83,20,they,O,O
83,21,are,O,O
83,22,widely,O,O
83,23,used,B-EXPERIMENT,B-experiment_evoking_word
83,24,in,O,O
83,25,oxygen,O,O
83,26,sensors,O,O
83,27,and,O,O
83,28,solid,B-DEVICE,B-device
83,29,oxide,I-DEVICE,I-device
83,30,fuel,I-DEVICE,I-device
83,31,cells,I-DEVICE,I-device
83,32,(,O,O
83,33,SOFCs,B-DEVICE,O
83,34,),O,O
83,35,"[1,2,3,4]",O,O
83,36,due,O,O
83,37,to,O,O
83,38,their,O,O
83,39,good,O,O
83,40,mechanical,O,O
83,41,strength,O,O
83,42,and,O,O
83,43,high,O,O
83,44,ionic,O,O
83,45,transport,O,O
83,46,numbers,O,O
83,47,.,O,O
84,0,During,O,O
84,1,the,O,O
84,2,past,O,O
84,3,decades,O,O
84,4,",",O,O
84,5,continuous,O,O
84,6,research,O,O
84,7,concentrating,O,O
84,8,on,O,O
84,9,Y2O3,B-MATERIAL,B-electrolyte_material
84,10,-,I-MATERIAL,I-electrolyte_material
84,11,stabilized,I-MATERIAL,I-electrolyte_material
84,12,ZrO2,I-MATERIAL,I-electrolyte_material
84,13,(,O,O
84,14,YSZ,B-MATERIAL,O
84,15,),O,O
84,16,has,O,O
84,17,been,O,O
84,18,done,B-EXPERIMENT,B-experiment_evoking_word
84,19,"[5,6]",O,O
84,20,.,O,O
85,0,However,O,O
85,1,",",O,O
85,2,SOFCs,B-DEVICE,B-device
85,3,using,O,O
85,4,YSZ,B-MATERIAL,B-electrolyte_material
85,5,as,O,O
85,6,electrolyte,O,O
85,7,membrane,O,O
85,8,usually,O,O
85,9,run,B-EXPERIMENT,B-experiment_evoking_word
85,10,at,O,O
85,11,high,O,O
85,12,temperatures,O,O
85,13,(,O,O
85,14,800,B-VALUE,B-working_temperature
85,15,–,I-VALUE,I-working_temperature
85,16,1000,I-VALUE,I-working_temperature
85,17,°,I-VALUE,I-working_temperature
85,18,C,I-VALUE,I-working_temperature
85,19,),O,O
85,20,.,O,O
86,0,A,O,O
86,1,few,O,O
86,2,research,O,O
86,3,reports,O,O
86,4,have,O,O
86,5,shown,B-EXPERIMENT,B-experiment_evoking_word
86,6,that,O,O
86,7,the,O,O
86,8,thin,O,O
86,9,film,O,O
86,10,fuel,O,O
86,11,cells,O,O
86,12,using,O,O
86,13,YSZ,B-MATERIAL,B-electrolyte_material
86,14,as,O,O
86,15,membrane,O,O
86,16,electrolytes,O,O
86,17,generated,O,O
86,18,maximum,O,O
86,19,power,O,O
86,20,output,O,O
86,21,densities,O,O
86,22,of,O,O
86,23,200,B-VALUE,B-power_density
86,24,–,I-VALUE,I-power_density
86,25,400,I-VALUE,I-power_density
86,26,mW·cm−2,I-VALUE,I-power_density
86,27,at,O,O
86,28,800,B-VALUE,B-working_temperature
86,29,°,I-VALUE,I-working_temperature
86,30,C,I-VALUE,I-working_temperature
86,31,"[12,13,14]",O,O
86,32,.,O,O
87,0,Singh,O,O
87,1,et,O,O
87,2,al.,O,O
87,3,reported,B-EXPERIMENT,B-experiment_evoking_word
87,4,that,O,O
87,5,the,O,O
87,6,YSZ,B-MATERIAL,B-electrolyte_material
87,7,-,I-MATERIAL,I-electrolyte_material
87,8,SDC,I-MATERIAL,I-electrolyte_material
87,9,(,O,O
87,10,samarium,B-MATERIAL,O
87,11,doped,I-MATERIAL,O
87,12,ceria,I-MATERIAL,O
87,13,),O,O
87,14,composite,O,O
87,15,electrolyte,O,O
87,16,with,O,O
87,17,a,O,O
87,18,weight,O,O
87,19,ratio,O,O
87,20,8.5,O,O
87,21,:,O,O
87,22,1.5,O,O
87,23,has,B-EXPERIMENT,B-experiment_evoking_word
87,24,a,O,O
87,25,higher,O,O
87,26,electrical,O,O
87,27,conductivity,O,O
87,28,than,O,O
87,29,single,O,O
87,30,material,O,O
87,31,YSZ,B-MATERIAL,O
87,32,at,O,O
87,33,400,B-VALUE,B-working_temperature
87,34,–,I-VALUE,I-working_temperature
87,35,700,I-VALUE,I-working_temperature
87,36,°,I-VALUE,I-working_temperature
87,37,C,I-VALUE,I-working_temperature
87,38,[9],O,O
87,39,.,O,O
88,0,It,O,O
88,1,is,O,O
88,2,well,O,O
88,3,known,O,O
88,4,that,O,O
88,5,silicate,B-MATERIAL,O
88,6,",",O,O
88,7,borate,B-MATERIAL,O
88,8,",",O,O
88,9,mica,B-MATERIAL,O
88,10,",",O,O
88,11,and,O,O
88,12,other,O,O
88,13,glass,B-MATERIAL,O
88,14,systems,O,O
88,15,are,O,O
88,16,commonly,O,O
88,17,used,B-EXPERIMENT,B-experiment_evoking_word
88,18,as,O,O
88,19,sealing,O,O
88,20,materials,O,O
88,21,in,O,O
88,22,fuel,B-DEVICE,B-device
88,23,cell,I-DEVICE,I-device
88,24,systems,O,O
88,25,"[15,16,17,18]",O,O
88,26,.,O,O
89,0,The,O,O
89,1,conductivities,O,O
89,2,vs.,O,O
89,3,different,O,O
89,4,synthesis,O,O
89,5,temperature,O,O
89,6,",",O,O
89,7,test,O,O
89,8,temperature,O,O
89,9,",",O,O
89,10,oxygen,O,O
89,11,partial,O,O
89,12,pressure,O,O
89,13,and,O,O
89,14,weight,O,O
89,15,ratio,O,O
89,16,in,O,O
89,17,nitrogen,O,O
89,18,atmosphere,O,O
89,19,were,O,O
89,20,tested,B-EXPERIMENT,B-experiment_evoking_word
89,21,with,O,O
89,22,an,O,O
89,23,electrochemical,O,O
89,24,analyzer,O,O
89,25,(,O,O
89,26,CHI660E,O,O
89,27,",",O,O
89,28,Shanghai,O,O
89,29,",",O,O
89,30,China,O,O
89,31,),O,O
89,32,at,O,O
89,33,400,B-VALUE,B-working_temperature
89,34,–,I-VALUE,I-working_temperature
89,35,800,I-VALUE,I-working_temperature
89,36,°,I-VALUE,I-working_temperature
89,37,C,I-VALUE,I-working_temperature
89,38,.,O,O
90,0,And,O,O
90,1,the,O,O
90,2,highest,O,O
90,3,conductivities,O,O
90,4,are,O,O
90,5,obtained,B-EXPERIMENT,B-experiment_evoking_word
90,6,for,O,O
90,7,the,O,O
90,8,8YSZ-20,O,O
90,9,%,O,O
90,10,glass,O,O
90,11,(,O,O
90,12,700,B-VALUE,O
90,13,°,I-VALUE,O
90,14,C,I-VALUE,O
90,15,),O,O
90,16,",",O,O
90,17,8YSZ-20,O,O
90,18,%,O,O
90,19,glass,O,O
90,20,(,O,O
90,21,1200,B-VALUE,O
90,22,°,I-VALUE,O
90,23,C,I-VALUE,O
90,24,),O,O
90,25,",",O,O
90,26,and,O,O
90,27,8YSZ-20,O,O
90,28,%,O,O
90,29,glass,O,O
90,30,(,O,O
90,31,1550,B-VALUE,O
90,32,°,I-VALUE,O
90,33,C,I-VALUE,O
90,34,),O,O
90,35,to,O,O
90,36,be,O,O
90,37,5.7,B-VALUE,B-conductivity
90,38,×,I-VALUE,I-conductivity
90,39,10,I-VALUE,I-conductivity
90,40,−,I-VALUE,I-conductivity
90,41,2,I-VALUE,I-conductivity
90,42,S·cm−1,I-VALUE,I-conductivity
90,43,",",O,O
90,44,4.1,B-VALUE,B-conductivity
90,45,×,I-VALUE,I-conductivity
90,46,10,I-VALUE,I-conductivity
90,47,−,I-VALUE,I-conductivity
90,48,3,I-VALUE,I-conductivity
90,49,S·cm−1,I-VALUE,I-conductivity
90,50,",",O,O
90,51,and,O,O
90,52,2.3,B-VALUE,B-conductivity
90,53,×,I-VALUE,I-conductivity
90,54,10,I-VALUE,I-conductivity
90,55,−,I-VALUE,I-conductivity
90,56,2,I-VALUE,I-conductivity
90,57,S·cm−1,I-VALUE,I-conductivity
90,58,at,O,O
90,59,800,B-VALUE,B-working_temperature
90,60,°,I-VALUE,I-working_temperature
90,61,C,I-VALUE,I-working_temperature
90,62,",",O,O
90,63,respectively,O,O
90,64,.,O,O
91,0,To,O,O
91,1,study,O,O
91,2,the,O,O
91,3,oxide,O,O
91,4,ionic,O,O
91,5,conduction,O,O
91,6,of,O,O
91,7,the,O,O
91,8,8YSZ-20,B-MATERIAL,B-electrolyte_material
91,9,%,I-MATERIAL,I-electrolyte_material
91,10,glass,I-MATERIAL,I-electrolyte_material
91,11,(,O,O
91,12,700,O,O
91,13,°,O,O
91,14,C,O,O
91,15,),O,O
91,16,composite,O,O
91,17,electrolyte,O,O
91,18,",",O,O
91,19,an,O,O
91,20,oxygen,O,O
91,21,concentration,O,O
91,22,discharge,O,O
91,23,cell,O,O
91,24,was,O,O
91,25,tested,B-EXPERIMENT,B-experiment_evoking_word
91,26,at,O,O
91,27,800,B-VALUE,B-working_temperature
91,28,°,I-VALUE,I-working_temperature
91,29,C,I-VALUE,I-working_temperature
91,30,as,O,O
91,31,shown,O,O
91,32,in,O,O
91,33,Figure,O,O
91,34,7,O,O
91,35,.,O,O
92,0,From,O,O
92,1,Figure,O,O
92,2,7,O,O
92,3,",",O,O
92,4,the,O,O
92,5,open,O,O
92,6,circuit,O,O
92,7,voltage,O,O
92,8,is,B-EXPERIMENT,B-experiment_evoking_word
92,9,35.6,B-VALUE,B-open_circuit_voltage
92,10,mV,I-VALUE,I-open_circuit_voltage
92,11,",",O,O
92,12,which,O,O
92,13,is,O,O
92,14,close,O,O
92,15,to,O,O
92,16,the,O,O
92,17,calculated,O,O
92,18,EMF,O,O
92,19,(,O,O
92,20,36.1,O,O
92,21,mV,O,O
92,22,),O,O
92,23,.,O,O
93,0,The,O,O
93,1,H2,B-MATERIAL,B-fuel_used
93,2,/,O,O
93,3,O2,B-MATERIAL,B-fuel_used
93,4,fuel,B-DEVICE,B-device
93,5,cell,I-DEVICE,I-device
93,6,electrochemical,O,O
93,7,performance,O,O
93,8,was,O,O
93,9,tested,B-EXPERIMENT,B-experiment_evoking_word
93,10,at,O,O
93,11,800,B-VALUE,B-working_temperature
93,12,°,I-VALUE,I-working_temperature
93,13,C,I-VALUE,I-working_temperature
93,14,for,O,O
93,15,the,O,O
93,16,8YSZ-20,B-MATERIAL,B-electrolyte_material
93,17,%,I-MATERIAL,I-electrolyte_material
93,18,glass,I-MATERIAL,I-electrolyte_material
93,19,(,O,O
93,20,700,B-VALUE,O
93,21,°,I-VALUE,O
93,22,C,I-VALUE,O
93,23,),O,O
93,24,as,O,O
93,25,shown,O,O
93,26,in,O,O
93,27,Figure,O,O
93,28,8,O,O
93,29,.,O,O
94,0,It,O,O
94,1,can,O,O
94,2,be,O,O
94,3,seen,B-EXPERIMENT,B-experiment_evoking_word
94,4,that,O,O
94,5,the,O,O
94,6,8YSZ-20,B-MATERIAL,B-electrolyte_material
94,7,%,I-MATERIAL,I-electrolyte_material
94,8,glass,I-MATERIAL,I-electrolyte_material
94,9,(,O,O
94,10,700,B-VALUE,O
94,11,°,I-VALUE,O
94,12,C,I-VALUE,O
94,13,),I-VALUE,O
94,14,reveals,B-EXPERIMENT,B-experiment_evoking_word
94,15,a,O,O
94,16,high,O,O
94,17,open,O,O
94,18,circuit,O,O
94,19,voltage,O,O
94,20,(,O,O
94,21,1.09,B-VALUE,B-open_circuit_voltage
94,22,V,I-VALUE,I-open_circuit_voltage
94,23,),O,O
94,24,which,O,O
94,25,means,O,O
94,26,the,O,O
94,27,composite,O,O
94,28,electrolyte,O,O
94,29,is,O,O
94,30,dense,O,O
94,31,[5],O,O
94,32,.,O,O
95,0,The,O,O
95,1,maximum,O,O
95,2,power,O,O
95,3,density,O,O
95,4,of,O,O
95,5,the,O,O
95,6,8YSZ-20,B-MATERIAL,B-electrolyte_material
95,7,%,I-MATERIAL,I-electrolyte_material
95,8,glass,I-MATERIAL,I-electrolyte_material
95,9,(,O,O
95,10,700,B-VALUE,O
95,11,°,I-VALUE,O
95,12,C,I-VALUE,O
95,13,),O,O
95,14,is,B-EXPERIMENT,B-experiment_evoking_word
95,15,72.7,B-VALUE,B-power_density
95,16,mW·cm−2,I-VALUE,I-power_density
95,17,(,O,O
95,18,thickness,O,O
95,19,=,O,O
95,20,1.1,B-VALUE,B-thickness
95,21,mm,I-VALUE,I-thickness
95,22,),O,O
95,23,at,O,O
95,24,800,B-VALUE,B-working_temperature
95,25,°,I-VALUE,I-working_temperature
95,26,C,I-VALUE,I-working_temperature
95,27,.,O,O
96,0,The,O,O
96,1,result,O,O
96,2,is,O,O
96,3,lower,O,O
96,4,than,O,O
96,5,that,O,O
96,6,previous,O,O
96,7,reported,B-EXPERIMENT,B-experiment_evoking_word
96,8,cathode,B-MATERIAL,B-support_material
96,9,supported,O,O
96,10,thin,O,O
96,11,film,O,O
96,12,fuel,B-DEVICE,B-device
96,13,cell,I-DEVICE,I-device
96,14,with,O,O
96,15,200,B-VALUE,B-power_density
96,16,–,I-VALUE,I-power_density
96,17,400,I-VALUE,I-power_density
96,18,mW·cm−2,I-VALUE,I-power_density
96,19,at,O,O
96,20,800,B-VALUE,B-working_temperature
96,21,–,I-VALUE,I-working_temperature
96,22,850,I-VALUE,I-working_temperature
96,23,°,I-VALUE,I-working_temperature
96,24,C,I-VALUE,I-working_temperature
96,25,"[12,13,14,30]",O,O
96,26,",",O,O
96,27,which,O,O
96,28,can,O,O
96,29,be,O,O
96,30,attributed,O,O
96,31,to,O,O
96,32,the,O,O
96,33,electrolyte,O,O
96,34,thickness,O,O
96,35,and,O,O
96,36,the,O,O
96,37,electrode,O,O
96,38,/,O,O
96,39,electrolyte,O,O
96,40,interface,O,O
96,41,.,O,O
97,0,The,O,O
97,1,maximum,O,O
97,2,power,O,O
97,3,density,O,O
97,4,of,O,O
97,5,the,O,O
97,6,8YSZ-20,B-MATERIAL,B-electrolyte_material
97,7,%,I-MATERIAL,I-electrolyte_material
97,8,glass,I-MATERIAL,I-electrolyte_material
97,9,(,O,O
97,10,700,B-VALUE,O
97,11,°,I-VALUE,O
97,12,C,I-VALUE,O
97,13,),O,O
97,14,is,B-EXPERIMENT,B-experiment_evoking_word
97,15,72.7,B-VALUE,B-power_density
97,16,mW·cm−2,I-VALUE,I-power_density
97,17,(,O,O
97,18,thickness,O,O
97,19,=,O,O
97,20,1.1,B-VALUE,B-thickness
97,21,mm,I-VALUE,I-thickness
97,22,),O,O
97,23,at,O,O
97,24,800,B-VALUE,B-working_temperature
97,25,°,I-VALUE,I-working_temperature
97,26,C,I-VALUE,I-working_temperature
97,27,.,O,O
98,0,China,O,O
98,1,3Key,O,O
98,2,Laboratory,O,O
98,3,for,O,O
98,4,Renewable,O,O
98,5,Energy,O,O
98,6,",",O,O
98,7,Beijing,O,O
98,8,Key,O,O
98,9,Laboratory,O,O
98,10,for,O,O
98,11,New,O,O
98,12,Energy,O,O
98,13,Materials,O,O
98,14,and,O,O
98,15,Devices,O,O
98,16,",",O,O
98,17,Beijing,O,O
98,18,National,O,O
98,19,Laboratory,O,O
98,20,for,O,O
98,21,Condensed,O,O
98,22,Matter,O,O
98,23,Physics,O,O
98,24,",",O,O
98,25,Institute,O,O
98,26,of,O,O
98,27,Physics,O,O
98,28,",",O,O
98,29,Chinese,O,O
98,30,Academy,O,O
98,31,of,O,O
98,32,Sciences,O,O
98,33,",",O,O
98,34,Beijing,O,O
98,35,100190,O,O
98,36,",",O,O
98,37,China,O,O
98,38,4Department,O,O
98,39,of,O,O
98,40,Energy,O,O
98,41,Technology,O,O
98,42,",",O,O
98,43,Royal,O,O
98,44,Institute,O,O
98,45,of,O,O
98,46,Technology,O,O
98,47,",",O,O
98,48,Stockholm,O,O
98,49,",",O,O
98,50,SE,O,O
98,51,-,O,O
98,52,10044,O,O
98,53,",",O,O
98,54,Sweden,O,O
98,55,5Beijing,O,O
98,56,Institute,O,O
98,57,of,O,O
98,58,Nanoenergy,O,O
98,59,and,O,O
98,60,Nanosystems,O,O
98,61,",",O,O
98,62,Chinese,O,O
98,63,Academy,O,O
98,64,of,O,O
98,65,Sciences,O,O
98,66,",",O,O
98,67,Beijing,O,O
98,68,100083,O,O
98,69,",",O,O
98,70,China,O,O
98,71,a,O,O
98,72,binzhu,O,O
98,73,@,O,O
98,74,kth.se,O,O
98,75,b,O,O
98,76,csun,O,O
98,77,@,O,O
98,78,iphy.ac.cn,O,O
98,79,*These,O,O
98,80,authors,O,O
98,81,contributed,O,O
98,82,equally,O,O
98,83,to,O,O
98,84,this,O,O
98,85,work.,O,O
98,86,11946,O,O
98,87,Flowerlike,O,O
98,88,CeO2,B-MATERIAL,B-anode_material
98,89,coated,O,O
98,90,with,O,O
98,91,Sr2Fe1.5Mo0.5Ox,B-MATERIAL,B-cathode_material
98,92,(,O,O
98,93,Sr-Fe-Mo-oxide,B-MATERIAL,O
98,94,),O,O
98,95,nanoparticles,O,O
98,96,exhibits,B-EXPERIMENT,B-experiment_evoking_word
98,97,enhanced,O,O
98,98,conductivity,O,O
98,99,at,O,O
98,100,low,O,O
98,101,temperatures,O,O
98,102,(,O,O
98,103,300,B-VALUE,B-working_temperature
98,104,–,I-VALUE,I-working_temperature
98,105,600,I-VALUE,I-working_temperature
98,106,oC,I-VALUE,I-working_temperature
98,107,),O,O
98,108,",",O,O
98,109,e.g.,O,O
98,110,0.12,B-VALUE,B-conductivity
98,111,S,I-VALUE,I-conductivity
98,112,cm−1,I-VALUE,I-conductivity
98,113,at,O,O
98,114,600,B-VALUE,B-working_temperature
98,115,oC,I-VALUE,I-working_temperature
98,116,",",O,O
98,117,this,O,O
98,118,is,B-EXPERIMENT,B-experiment_evoking_word
98,119,comparable,O,O
98,120,to,O,O
98,121,pure,O,O
98,122,ceria,B-MATERIAL,B-anode_material
98,123,(,O,O
98,124,0.1,B-VALUE,B-conductivity
98,125,S,I-VALUE,I-conductivity
98,126,cm−1,I-VALUE,I-conductivity
98,127,at,O,O
98,128,800,B-VALUE,B-working_temperature
98,129,oC,I-VALUE,I-working_temperature
98,130,),O,O
98,131,.,O,O
99,0,Advanced,O,O
99,1,single,O,O
99,2,layer,O,O
99,3,fuel,B-DEVICE,O
99,4,cell,I-DEVICE,O
99,5,was,O,O
99,6,constructed,B-EXPERIMENT,B-experiment_evoking_word
99,7,using,O,O
99,8,the,O,O
99,9,flowerlike,O,O
99,10,CeO2,B-MATERIAL,B-cathode_material
99,11,/,I-MATERIAL,I-cathode_material
99,12,Sr-Fe-Mo-oxide,I-MATERIAL,I-cathode_material
99,13,layer,O,O
99,14,attached,O,O
99,15,to,O,O
99,16,a,O,O
99,17,Ni,B-MATERIAL,B-anode_material
99,18,-,I-MATERIAL,I-anode_material
99,19,foam,I-MATERIAL,I-anode_material
99,20,layer,O,O
99,21,coated,O,O
99,22,with,O,O
99,23,the,O,O
99,24,conducting,O,O
99,25,transition,B-MATERIAL,B-cathode_material
99,26,metal,I-MATERIAL,I-cathode_material
99,27,oxide,I-MATERIAL,I-cathode_material
99,28,.,O,O
100,0,Such,O,O
100,1,fuel,B-DEVICE,B-device
100,2,cell,I-DEVICE,I-device
100,3,has,O,O
100,4,yielded,B-EXPERIMENT,B-experiment_evoking_word
100,5,a,O,O
100,6,peak,O,O
100,7,power,O,O
100,8,density,O,O
100,9,of,O,O
100,10,802,B-VALUE,B-power_density
100,11,mWcm−2,I-VALUE,I-power_density
100,12,at,O,O
100,13,550,B-VALUE,B-working_temperature
100,14,oC,I-VALUE,I-working_temperature
100,15,.,O,O
101,0,Flowerlike,B-MATERIAL,B-cathode_material
101,1,textured,I-MATERIAL,I-cathode_material
101,2,ceria,I-MATERIAL,I-cathode_material
101,3,(,O,O
101,4,F-CeO2,B-MATERIAL,O
101,5,),O,O
101,6,was,O,O
101,7,firstly,O,O
101,8,synthesized,O,O
101,9,and,O,O
101,10,used,B-EXPERIMENT,B-experiment_evoking_word
101,11,as,O,O
101,12,an,O,O
101,13,internal,O,O
101,14,catalytic,O,O
101,15,layer,O,O
101,16,for,O,O
101,17,hydrocarbon,B-MATERIAL,B-fuel_used
101,18,fueled,O,O
101,19,SOFCs,B-DEVICE,B-device
101,20,to,O,O
101,21,yield,B-EXPERIMENT,B-experiment_evoking_word
101,22,a,O,O
101,23,peak,O,O
101,24,power,O,O
101,25,density,O,O
101,26,of,O,O
101,27,654,B-VALUE,B-power_density
101,28,mW,I-VALUE,I-power_density
101,29,cm−2,I-VALUE,I-power_density
101,30,at,O,O
101,31,operating,O,O
101,32,temperature,O,O
101,33,600,B-VALUE,B-working_temperature
101,34,oC,I-VALUE,I-working_temperature
101,35,by,O,O
101,36,Sun,O,O
101,37,et,O,O
101,38,al.678,O,O
101,39,.,O,O
102,0,As,O,O
102,1,reported,B-EXPERIMENT,B-experiment_evoking_word
102,2,in,O,O
102,3,the,O,O
102,4,literature,O,O
102,5,",",O,O
102,6,this,O,O
102,7,unique,O,O
102,8,open,B-MATERIAL,B-cathode_material
102,9,mesoporous,I-MATERIAL,I-cathode_material
102,10,structure,I-MATERIAL,I-cathode_material
102,11,has,O,O
102,12,great,O,O
102,13,potential,O,O
102,14,kinetic,O,O
102,15,advantages,O,O
102,16,because,O,O
102,17,of,O,O
102,18,its,O,O
102,19,high,O,O
102,20,surface,O,O
102,21,area,O,O
102,22,and,O,O
102,23,improved,O,O
102,24,dispersion,O,O
102,25,of,O,O
102,26,the,O,O
102,27,active,O,O
102,28,secondary,O,O
102,29,components,O,O
102,30,.,O,O
103,0,In,O,O
103,1,this,O,O
103,2,work,O,O
103,3,",",O,O
103,4,considering,O,O
103,5,high,O,O
103,6,active,O,O
103,7,surface,O,O
103,8,and,O,O
103,9,large,O,O
103,10,porous,O,O
103,11,surface,O,O
103,12,properties,O,O
103,13,of,O,O
103,14,the,O,O
103,15,flowerlike,O,O
103,16,CeO2,O,O
103,17,",",O,O
103,18,we,O,O
103,19,further,O,O
103,20,modify,B-EXPERIMENT,B-experiment_evoking_word
103,21,the,O,O
103,22,surface,O,O
103,23,of,O,O
103,24,F-CeO2,B-MATERIAL,O
103,25,using,O,O
103,26,semiconducting,O,O
103,27,Sr-Fe-Mo-oxide,B-MATERIAL,B-anode_material
103,28,since,O,O
103,29,Sr2Fe1.5Mo0.5Ox,B-MATERIAL,O
103,30,(,O,O
103,31,SFM,B-MATERIAL,O
103,32,),O,O
103,33,has,O,O
103,34,high,O,O
103,35,catalytic,O,O
103,36,activity,O,O
103,37,",",O,O
103,38,stable,O,O
103,39,redox,O,O
103,40,property,O,O
103,41,and,O,O
103,42,excellent,O,O
103,43,electrical,O,O
103,44,conductivity91011,O,O
103,45,.,O,O
104,0,As,O,O
104,1,reported,B-EXPERIMENT,B-experiment_evoking_word
104,2,",",O,O
104,3,the,O,O
104,4,conductivities,O,O
104,5,of,O,O
104,6,SFM,B-MATERIAL,B-anode_material
104,7,reached,O,O
104,8,to,O,O
104,9,310,B-VALUE,B-conductivity
104,10,S,I-VALUE,I-conductivity
104,11,cm−1,I-VALUE,I-conductivity
104,12,and,O,O
104,13,550,B-VALUE,B-conductivity
104,14,S,I-VALUE,I-conductivity
104,15,cm−1,I-VALUE,I-conductivity
104,16,at,O,O
104,17,780,B-VALUE,B-working_temperature
104,18,oC,I-VALUE,I-working_temperature
104,19,in,O,O
104,20,hydrogen,B-MATERIAL,B-fuel_used
104,21,and,O,O
104,22,air,B-MATERIAL,B-fuel_used
104,23,atmospheres,O,O
104,24,",",O,O
104,25,respectively19,O,O
104,26,.,O,O
105,0,Particularly,O,O
105,1,at,O,O
105,2,low,O,O
105,3,temperatures,O,O
105,4,",",O,O
105,5,SFM,B-MATERIAL,B-anode_material
105,6,also,O,O
105,7,displayed,B-EXPERIMENT,B-experiment_evoking_word
105,8,excellent,O,O
105,9,redox,O,O
105,10,stability,O,O
105,11,and,O,O
105,12,high,O,O
105,13,electrical,O,O
105,14,conductivity,O,O
105,15,in,O,O
105,16,both,O,O
105,17,air,B-MATERIAL,B-fuel_used
105,18,(,O,O
105,19,8,B-VALUE,B-conductivity
105,20,–,I-VALUE,I-conductivity
105,21,60,I-VALUE,I-conductivity
105,22,S,I-VALUE,I-conductivity
105,23,cm−1,I-VALUE,I-conductivity
105,24,),O,O
105,25,and,O,O
105,26,hydrogen,B-MATERIAL,B-fuel_used
105,27,(,O,O
105,28,4,B-VALUE,B-conductivity
105,29,–,I-VALUE,I-conductivity
105,30,8,I-VALUE,I-conductivity
105,31,S,I-VALUE,I-conductivity
105,32,cm−1,I-VALUE,I-conductivity
105,33,),O,O
105,34,environments,O,O
105,35,at,O,O
105,36,400,B-VALUE,B-working_temperature
105,37,–,I-VALUE,I-working_temperature
105,38,600,I-VALUE,I-working_temperature
105,39,oC9,I-VALUE,I-working_temperature
105,40,.,O,O
106,0,Recently,O,O
106,1,",",O,O
106,2,Dong,O,O
106,3,et,O,O
106,4,al.,O,O
106,5,developed,B-EXPERIMENT,B-experiment_evoking_word
106,6,single,B-DEVICE,B-device
106,7,layer,I-DEVICE,I-device
106,8,fuel,I-DEVICE,I-device
106,9,cell,I-DEVICE,I-device
106,10,(,I-DEVICE,I-device
106,11,SLFC,I-DEVICE,I-device
106,12,),I-DEVICE,I-device
106,13,using,O,O
106,14,the,O,O
106,15,SFM,B-MATERIAL,B-anode_material
106,16,as,O,O
106,17,one,O,O
106,18,component,O,O
106,19,in,O,O
106,20,a,O,O
106,21,composite,O,O
106,22,with,O,O
106,23,SDC-Na2CO3,B-MATERIAL,B-electrolyte_material
106,24,.,O,O
107,0,They,O,O
107,1,made,O,O
107,2,the,O,O
107,3,SLFC,B-DEVICE,O
107,4,using,O,O
107,5,the,O,O
107,6,30,O,O
107,7,wt.,O,O
107,8,%,O,O
107,9,SFM,B-MATERIAL,O
107,10,and,O,O
107,11,70,O,O
107,12,wt.,O,O
107,13,%,O,O
107,14,SDC-Na2CO3,B-MATERIAL,O
107,15,",",O,O
107,16,which,O,O
107,17,exhibits,B-EXPERIMENT,B-experiment_evoking_word
107,18,the,O,O
107,19,highest,O,O
107,20,OCV,O,O
107,21,(,O,O
107,22,open,O,O
107,23,circuit,O,O
107,24,voltage,O,O
107,25,),O,O
107,26,of,O,O
107,27,1.05,B-VALUE,B-open_circuit_voltage
107,28,V,I-VALUE,I-open_circuit_voltage
107,29,and,O,O
107,30,output,O,O
107,31,of,O,O
107,32,360,B-VALUE,B-power_density
107,33,mW,I-VALUE,I-power_density
107,34,cm−2,I-VALUE,I-power_density
107,35,at,O,O
107,36,750,B-VALUE,B-working_temperature
107,37,oC1,I-VALUE,I-working_temperature
107,38,.,O,O
108,0,This,O,O
108,1,also,O,O
108,2,proved,B-EXPERIMENT,B-experiment_evoking_word
108,3,that,O,O
108,4,the,O,O
108,5,SFM,B-MATERIAL,O
108,6,had,O,O
108,7,good,O,O
108,8,redox,O,O
108,9,electrocatalyst,O,O
108,10,function,O,O
108,11,to,O,O
108,12,make,O,O
108,13,the,O,O
108,14,SLFC,B-DEVICE,B-device
108,15,work,O,O
108,16,.,O,O
109,0,They,O,O
109,1,also,O,O
109,2,pointed,B-EXPERIMENT,B-experiment_evoking_word
109,3,out,I-EXPERIMENT,I-experiment_evoking_word
109,4,that,O,O
109,5,to,O,O
109,6,achieve,O,O
109,7,the,O,O
109,8,high,O,O
109,9,performance,O,O
109,10,SLFCs,B-DEVICE,B-device
109,11,",",O,O
109,12,the,O,O
109,13,electron,O,O
109,14,conductivity,O,O
109,15,(,O,O
109,16,41,B-VALUE,O
109,17,S,I-VALUE,O
109,18,cm−1,I-VALUE,O
109,19,in,O,O
109,20,their,O,O
109,21,synthesized,O,O
109,22,SFM,B-MATERIAL,O
109,23,),O,O
109,24,had,O,O
109,25,to,O,O
109,26,be,O,O
109,27,balanced,O,O
109,28,by,O,O
109,29,ions,O,O
109,30,(,O,O
109,31,0.05,B-VALUE,O
109,32,S,I-VALUE,O
109,33,cm−1,I-VALUE,O
109,34,level,O,O
109,35,),O,O
109,36,for,O,O
109,37,their,O,O
109,38,SDC-Na2CO31,B-MATERIAL,O
109,39,.,O,O
110,0,In,O,O
110,1,our,O,O
110,2,SLFCs,B-DEVICE,B-device
110,3,",",O,O
110,4,SFM,B-MATERIAL,B-anode_material
110,5,was,O,O
110,6,mainly,O,O
110,7,utilized,B-EXPERIMENT,B-experiment_evoking_word
110,8,as,O,O
110,9,the,O,O
110,10,semiconducting,O,O
110,11,material,O,O
110,12,in,O,O
110,13,F-CeO2,B-MATERIAL,B-anode_material
110,14,/,I-MATERIAL,I-anode_material
110,15,SFM,I-MATERIAL,I-anode_material
110,16,-,I-MATERIAL,I-anode_material
110,17,oxide,I-MATERIAL,I-anode_material
110,18,composite,O,O
110,19,to,O,O
110,20,obtain,O,O
110,21,balanced,O,O
110,22,electronic,O,O
110,23,and,O,O
110,24,ionic,O,O
110,25,conductivities,O,O
110,26,.,O,O
111,0,Through,O,O
111,1,coating,O,O
111,2,electronic,O,O
111,3,conducting,O,O
111,4,SFM,B-MATERIAL,O
111,5,on,O,O
111,6,the,O,O
111,7,ionic,O,O
111,8,conducting,O,O
111,9,ceria,B-MATERIAL,O
111,10,",",O,O
111,11,we,O,O
111,12,obtained,B-EXPERIMENT,B-experiment_evoking_word
111,13,a,O,O
111,14,novel,O,O
111,15,functional,O,O
111,16,semiconductor,O,O
111,17,-,O,O
111,18,ion,O,O
111,19,composite,O,O
111,20,for,O,O
111,21,high,O,O
111,22,performance,O,O
111,23,at,O,O
111,24,low,O,O
111,25,temperature,O,O
111,26,",",O,O
111,27,bellow,B-VALUE,B-working_temperature
111,28,600,I-VALUE,I-working_temperature
111,29,oC,I-VALUE,I-working_temperature
111,30,",",O,O
111,31,SLFCs,B-DEVICE,B-device
111,32,.,O,O
112,0,Fuel,O,O
112,1,cell,O,O
112,2,performances,O,O
112,3,Figure,O,O
112,4,5,O,O
112,5,shows,O,O
112,6,I-V,O,O
112,7,and,O,O
112,8,I-P,O,O
112,9,characteristics,O,O
112,10,for,O,O
112,11,F-CeO2,B-MATERIAL,O
112,12,/,I-MATERIAL,O
112,13,Sr-Fe-Mo-oxide,I-MATERIAL,O
112,14,fuel,B-DEVICE,B-device
112,15,cells,I-DEVICE,I-device
112,16,",",O,O
112,17,measured,B-EXPERIMENT,B-experiment_evoking_word
112,18,at,O,O
112,19,the,O,O
112,20,operating,O,O
112,21,temperature,O,O
112,22,of,O,O
112,23,500,B-VALUE,B-working_temperature
112,24,oC,I-VALUE,I-working_temperature
112,25,",",O,O
112,26,550,B-VALUE,B-working_temperature
112,27,oC,I-VALUE,I-working_temperature
112,28,and,O,O
112,29,600,B-VALUE,B-working_temperature
112,30,oC,I-VALUE,I-working_temperature
112,31,",",O,O
112,32,respectively,O,O
112,33,.,O,O
113,0,It,O,O
113,1,shows,B-EXPERIMENT,B-experiment_evoking_word
113,2,that,O,O
113,3,all,O,O
113,4,obtained,O,O
113,5,open,O,O
113,6,circuit,O,O
113,7,voltage,O,O
113,8,(,O,O
113,9,OCV,O,O
113,10,),O,O
113,11,of,O,O
113,12,the,O,O
113,13,fuel,B-DEVICE,B-device
113,14,cells,I-DEVICE,I-device
113,15,above,B-VALUE,B-open_circuit_voltage
113,16,1.0,I-VALUE,I-open_circuit_voltage
113,17,V,I-VALUE,I-open_circuit_voltage
113,18,at,O,O
113,19,various,O,O
113,20,temperatures,O,O
113,21,",",O,O
113,22,as,O,O
113,23,a,O,O
113,24,prerequisite,O,O
113,25,for,O,O
113,26,obtaining,O,O
113,27,excellent,O,O
113,28,performance,O,O
113,29,",",O,O
113,30,indicating,O,O
113,31,that,O,O
113,32,these,O,O
113,33,as-prepared,O,O
113,34,materials,O,O
113,35,have,O,O
113,36,superior,O,O
113,37,catalytic,O,O
113,38,activity,O,O
113,39,as,O,O
113,40,a,O,O
113,41,single,O,O
113,42,layer,O,O
113,43,material,O,O
113,44,.,O,O
114,0,It,O,O
114,1,can,O,O
114,2,be,O,O
114,3,seen,B-EXPERIMENT,B-experiment_evoking_word
114,4,that,O,O
114,5,the,O,O
114,6,maximum,O,O
114,7,current,O,O
114,8,densities,O,O
114,9,were,O,O
114,10,approximately,O,O
114,11,1718,B-VALUE,B-current_density
114,12,",",O,O
114,13,2389,B-VALUE,B-current_density
114,14,",",O,O
114,15,and,O,O
114,16,2574,B-VALUE,B-current_density
114,17,mA,I-VALUE,I-current_density
114,18,cm−2,I-VALUE,I-current_density
114,19,at,O,O
114,20,500,B-VALUE,B-working_temperature
114,21,oC,I-VALUE,I-working_temperature
114,22,",",O,O
114,23,550,B-VALUE,B-working_temperature
114,24,oC,I-VALUE,I-working_temperature
114,25,and,O,O
114,26,600,B-VALUE,B-working_temperature
114,27,oC,I-VALUE,I-working_temperature
114,28,",",O,O
114,29,respectively,O,O
114,30,.,O,O
115,0,The,O,O
115,1,peak,O,O
115,2,output,O,O
115,3,power,O,O
115,4,density,O,O
115,5,is,B-EXPERIMENT,B-experiment_evoking_word
115,6,610,B-VALUE,B-power_density
115,7,mW,I-VALUE,I-power_density
115,8,cm−2,I-VALUE,I-power_density
115,9,at,O,O
115,10,500,B-VALUE,B-working_temperature
115,11,oC,I-VALUE,I-working_temperature
115,12,",",O,O
115,13,and,O,O
115,14,increases,B-EXPERIMENT,B-experiment_evoking_word
115,15,to,O,O
115,16,802,B-VALUE,B-power_density
115,17,mW,I-VALUE,I-power_density
115,18,cm−2,I-VALUE,I-power_density
115,19,at,O,O
115,20,550,B-VALUE,B-working_temperature
115,21,oC,I-VALUE,I-working_temperature
115,22,.,O,O
116,0,At,O,O
116,1,600,B-VALUE,B-working_temperature
116,2,oC,I-VALUE,I-working_temperature
116,3,",",O,O
116,4,a,O,O
116,5,peak,O,O
116,6,power,O,O
116,7,density,O,O
116,8,reaches,B-EXPERIMENT,B-experiment_evoking_word
116,9,about,O,O
116,10,848,B-VALUE,B-power_density
116,11,mW,I-VALUE,I-power_density
116,12,cm−2,I-VALUE,I-power_density
116,13,",",O,O
116,14,which,O,O
116,15,is,O,O
116,16,consistent,O,O
116,17,with,O,O
116,18,the,O,O
116,19,results,O,O
116,20,of,O,O
116,21,electrical,O,O
116,22,conductivity,O,O
116,23,measured,O,O
116,24,with,O,O
116,25,AC,O,O
116,26,impedance,O,O
116,27,spectrum,O,O
116,28,.,O,O
117,0,We,O,O
117,1,further,O,O
117,2,evaluated,B-EXPERIMENT,B-experiment_evoking_word
117,3,the,O,O
117,4,operation,O,O
117,5,stability,O,O
117,6,of,O,O
117,7,the,O,O
117,8,F-CeO2,B-MATERIAL,O
117,9,/,I-MATERIAL,O
117,10,Sr-Fe-Mo-oxide,I-MATERIAL,O
117,11,fuel,B-DEVICE,B-device
117,12,cell,I-DEVICE,I-device
117,13,.,O,O
118,0,The,O,O
118,1,device,O,O
118,2,was,O,O
118,3,operated,B-EXPERIMENT,B-experiment_evoking_word
118,4,at,O,O
118,5,a,O,O
118,6,current,O,O
118,7,density,O,O
118,8,of,O,O
118,9,312.5,B-VALUE,B-current_density
118,10,mA,I-VALUE,I-current_density
118,11,cm−2,I-VALUE,I-current_density
118,12,at,O,O
118,13,530,B-VALUE,B-working_temperature
118,14,oC,I-VALUE,I-working_temperature
118,15,for,O,O
118,16,over,B-VALUE,B-time_of_operation
118,17,16,I-VALUE,I-time_of_operation
118,18,h,I-VALUE,I-time_of_operation
118,19,.,O,O
119,0,In,O,O
119,1,summary,O,O
119,2,",",O,O
119,3,we,O,O
119,4,developed,B-EXPERIMENT,B-experiment_evoking_word
119,5,a,O,O
119,6,novel,O,O
119,7,semiconducting,O,O
119,8,and,O,O
119,9,ionic,O,O
119,10,material,O,O
119,11,with,O,O
119,12,new,O,O
119,13,functionalities,O,O
119,14,by,O,O
119,15,coating,O,O
119,16,Sr-Fe-Mo-oxide,B-MATERIAL,O
119,17,particles,O,O
119,18,on,O,O
119,19,the,O,O
119,20,flowerlike,O,O
119,21,CeO2,B-MATERIAL,O
119,22,microsphers,O,O
119,23,",",O,O
119,24,which,O,O
119,25,can,O,O
119,26,significantly,O,O
119,27,promote,O,O
119,28,the,O,O
119,29,fuel,O,O
119,30,cell,O,O
119,31,oxygen,O,O
119,32,reduction,O,O
119,33,reaction,O,O
119,34,and,O,O
119,35,ion,O,O
119,36,transport,O,O
119,37,processes,O,O
119,38,.,O,O
120,0,Based,O,O
120,1,on,O,O
120,2,an,O,O
120,3,advanced,O,O
120,4,single,B-DEVICE,B-device
120,5,layer,I-DEVICE,I-device
120,6,fuel,I-DEVICE,I-device
120,7,cell,I-DEVICE,I-device
120,8,technology,O,O
120,9,",",O,O
120,10,a,O,O
120,11,peak,O,O
120,12,power,O,O
120,13,density,O,O
120,14,of,O,O
120,15,802,B-VALUE,B-power_density
120,16,mW,I-VALUE,I-power_density
120,17,cm−2,I-VALUE,I-power_density
120,18,was,O,O
120,19,obtained,B-EXPERIMENT,B-experiment_evoking_word
120,20,using,O,O
120,21,hydrogen,B-MATERIAL,B-fuel_used
120,22,as,O,O
120,23,a,O,O
120,24,fuel,O,O
120,25,and,O,O
120,26,air,B-MATERIAL,B-fuel_used
120,27,as,O,O
120,28,an,O,O
120,29,oxidant,O,O
120,30,operated,O,O
120,31,at,O,O
120,32,550,B-VALUE,B-working_temperature
120,33,oC,I-VALUE,I-working_temperature
120,34,.,O,O
121,0,Proton,O,O
121,1,-,O,O
121,2,conducting,O,O
121,3,Micro-solid,O,O
121,4,Oxide,O,O
121,5,Fuel,O,O
121,6,Cells,O,O
121,7,with,O,O
121,8,Improved,O,O
121,9,Cathode,O,O
121,10,Reactions,O,O
121,11,by,O,O
121,12,a,O,O
121,13,Nanoscale,O,O
121,14,Thin,O,O
121,15,Film,O,O
121,16,Gadolinium,O,O
121,17,-,O,O
121,18,doped,O,O
121,19,Ceria,O,O
121,20,Interlayer,O,O
121,21,Proton,O,O
121,22,-,O,O
121,23,conducting,O,O
121,24,Micro-solid,O,O
121,25,Oxide,O,O
121,26,Fuel,O,O
121,27,Cells,O,O
121,28,with,O,O
121,29,Improved,O,O
121,30,Cathode,O,O
121,31,Reactions,O,O
121,32,by,O,O
121,33,a,O,O
121,34,Nanoscale,O,O
121,35,Thin,O,O
121,36,Film,O,O
121,37,Gadolinium,O,O
121,38,-,O,O
121,39,doped,O,O
121,40,Ceria,O,O
121,41,Interlayer,O,O
121,42,LiYong1WangShijie2SuPei-Chena1,O,O
121,43,1School,O,O
121,44,of,O,O
121,45,Mechanical,O,O
121,46,and,O,O
121,47,Aerospace,O,O
121,48,Engineering,O,O
121,49,",",O,O
121,50,Nanyang,O,O
121,51,Technological,O,O
121,52,University,O,O
121,53,",",O,O
121,54,50,O,O
121,55,Nanyang,O,O
121,56,Avenue,O,O
121,57,",",O,O
121,58,Singapore,O,O
121,59,639798,O,O
121,60,2Institute,O,O
121,61,of,O,O
121,62,Materials,O,O
121,63,Research,O,O
121,64,and,O,O
121,65,Engineering,O,O
121,66,",",O,O
121,67,Agency,O,O
121,68,for,O,O
121,69,Science,O,O
121,70,",",O,O
121,71,Technology,O,O
121,72,and,O,O
121,73,Research,O,O
121,74,(,O,O
121,75,A*STAR,O,O
121,76,),O,O
121,77,",",O,O
121,78,2,O,O
121,79,Fusionopolis,O,O
121,80,Way,O,O
121,81,",",O,O
121,82,Singapore,O,O
121,83,138634,O,O
121,84,apeichensu,O,O
121,85,@,O,O
121,86,ntu.edu.sg,O,O
121,87,22369,O,O
121,88,An,O,O
121,89,8,B-VALUE,B-thickness
121,90,nm,I-VALUE,I-thickness
121,91,-,I-VALUE,I-thickness
121,92,thick,I-VALUE,I-thickness
121,93,gadolinium,B-MATERIAL,B-interlayer_material
121,94,-,I-MATERIAL,I-interlayer_material
121,95,doped,I-MATERIAL,I-interlayer_material
121,96,ceria,I-MATERIAL,I-interlayer_material
121,97,(,O,O
121,98,GDC,B-MATERIAL,O
121,99,),O,O
121,100,layer,O,O
121,101,was,O,O
121,102,inserted,B-EXPERIMENT,B-experiment_evoking_word
121,103,as,O,O
121,104,a,O,O
121,105,cathodic,O,O
121,106,interlayer,O,O
121,107,between,O,O
121,108,the,O,O
121,109,nanoscale,O,O
121,110,proton,O,O
121,111,-,O,O
121,112,conducting,O,O
121,113,yttrium,B-MATERIAL,B-electrolyte_material
121,114,-,I-MATERIAL,I-electrolyte_material
121,115,doped,I-MATERIAL,I-electrolyte_material
121,116,barium,I-MATERIAL,I-electrolyte_material
121,117,zirconate,I-MATERIAL,I-electrolyte_material
121,118,(,O,O
121,119,BZY,B-MATERIAL,O
121,120,),O,O
121,121,electrolyte,O,O
121,122,and,O,O
121,123,the,O,O
121,124,porous,O,O
121,125,platinum,B-MATERIAL,B-cathode_material
121,126,cathode,O,O
121,127,of,O,O
121,128,a,O,O
121,129,micro-solid,B-DEVICE,B-device
121,130,oxide,I-DEVICE,I-device
121,131,fuel,I-DEVICE,I-device
121,132,cell,I-DEVICE,I-device
121,133,(,O,O
121,134,μ-SOFC,B-DEVICE,O
121,135,),O,O
121,136,",",O,O
121,137,which,O,O
121,138,has,O,O
121,139,effectively,O,O
121,140,improved,O,O
121,141,the,O,O
121,142,cathode,O,O
121,143,reaction,O,O
121,144,kinetics,O,O
121,145,and,O,O
121,146,rendered,O,O
121,147,high,O,O
121,148,cell,O,O
121,149,power,O,O
121,150,density,O,O
121,151,.,O,O
122,0,The,O,O
122,1,addition,O,O
122,2,of,O,O
122,3,the,O,O
122,4,GDC,B-MATERIAL,B-interlayer_material
122,5,interlayer,O,O
122,6,significantly,O,O
122,7,reduced,O,O
122,8,the,O,O
122,9,cathodic,O,O
122,10,activation,O,O
122,11,loss,O,O
122,12,and,O,O
122,13,increased,B-EXPERIMENT,B-experiment_evoking_word
122,14,the,O,O
122,15,peak,O,O
122,16,power,O,O
122,17,density,O,O
122,18,of,O,O
122,19,the,O,O
122,20,μ-SOFC,B-DEVICE,B-device
122,21,by,O,O
122,22,33,O,O
122,23,%,O,O
122,24,at,O,O
122,25,400,B-VALUE,B-working_temperature
122,26,°,I-VALUE,I-working_temperature
122,27,C,I-VALUE,I-working_temperature
122,28,.,O,O
123,0,The,O,O
123,1,peak,O,O
123,2,power,O,O
123,3,density,O,O
123,4,reached,B-EXPERIMENT,B-experiment_evoking_word
123,5,445,B-VALUE,B-power_density
123,6,mW,I-VALUE,I-power_density
123,7,/,I-VALUE,I-power_density
123,8,cm2,I-VALUE,I-power_density
123,9,at,O,O
123,10,425,B-VALUE,B-working_temperature
123,11,°,I-VALUE,I-working_temperature
123,12,C,I-VALUE,I-working_temperature
123,13,",",O,O
123,14,which,O,O
123,15,is,O,O
123,16,the,O,O
123,17,highest,O,O
123,18,among,O,O
123,19,the,O,O
123,20,reported,O,O
123,21,μ-SOFCs,B-DEVICE,B-device
123,22,using,O,O
123,23,proton,O,O
123,24,-,O,O
123,25,conducting,O,O
123,26,electrolytes,O,O
123,27,.,O,O
124,0,Among,O,O
124,1,reported,O,O
124,2,μ-SOFCs,B-DEVICE,B-device
124,3,",",O,O
124,4,quite,O,O
124,5,a,O,O
124,6,few,O,O
124,7,works,O,O
124,8,have,O,O
124,9,shown,B-EXPERIMENT,B-experiment_evoking_word
124,10,impressive,O,O
124,11,performance,O,O
124,12,using,O,O
124,13,oxygen,O,O
124,14,ion,O,O
124,15,-,O,O
124,16,conducting,O,O
124,17,electrolytes,O,O
124,18,such,O,O
124,19,as,O,O
124,20,YSZ,B-MATERIAL,B-electrolyte_material
124,21,",",O,O
124,22,gadolinium,B-MATERIAL,B-electrolyte_material
124,23,-,I-MATERIAL,I-electrolyte_material
124,24,doped,I-MATERIAL,I-electrolyte_material
124,25,ceria,I-MATERIAL,I-electrolyte_material
124,26,(,O,O
124,27,GDC,B-MATERIAL,O
124,28,),O,O
124,29,",",O,O
124,30,or,O,O
124,31,with,O,O
124,32,multiple,O,O
124,33,-,O,O
124,34,layer,O,O
124,35,configurations,O,O
124,36,like,O,O
124,37,GDC,B-MATERIAL,B-electrolyte_material
124,38,/,I-MATERIAL,I-electrolyte_material
124,39,YSZ,I-MATERIAL,I-electrolyte_material
124,40,bilayer,O,O
124,41,electrolyte25,O,O
124,42,.,O,O
125,0,However,O,O
125,1,",",O,O
125,2,for,O,O
125,3,μ-SOFCs,B-DEVICE,B-device
125,4,operating,B-EXPERIMENT,B-experiment_evoking_word
125,5,at,O,O
125,6,their,O,O
125,7,targeted,O,O
125,8,temperature,O,O
125,9,regime,O,O
125,10,",",O,O
125,11,which,O,O
125,12,is,O,O
125,13,usually,O,O
125,14,below,B-VALUE,B-working_temperature
125,15,500,I-VALUE,I-working_temperature
125,16,°,I-VALUE,I-working_temperature
125,17,C,I-VALUE,I-working_temperature
125,18,",",O,O
125,19,proton,O,O
125,20,-,O,O
125,21,conducting,O,O
125,22,oxides,O,O
125,23,can,O,O
125,24,be,O,O
125,25,more,O,O
125,26,suitable,O,O
125,27,choices,O,O
125,28,as,O,O
125,29,electrolyte,O,O
125,30,materials,O,O
125,31,since,O,O
125,32,they,O,O
125,33,usually,O,O
125,34,possess,O,O
125,35,better,O,O
125,36,ionic,O,O
125,37,conductivity,O,O
125,38,than,O,O
125,39,oxygen,O,O
125,40,-,O,O
125,41,ion,O,O
125,42,conductors,O,O
125,43,at,O,O
125,44,low,O,O
125,45,temperature,O,O
125,46,due,O,O
125,47,to,O,O
125,48,lower,O,O
125,49,activation,O,O
125,50,energy,O,O
125,51,of,O,O
125,52,proton,O,O
125,53,conduction9,O,O
125,54,.,O,O
126,0,Nevertheless,O,O
126,1,",",O,O
126,2,to,O,O
126,3,date,O,O
126,4,",",O,O
126,5,among,O,O
126,6,the,O,O
126,7,limited,O,O
126,8,number,O,O
126,9,of,O,O
126,10,reports,O,O
126,11,on,O,O
126,12,μ-SOFCs,B-DEVICE,B-device
126,13,using,O,O
126,14,the,O,O
126,15,most,O,O
126,16,common,O,O
126,17,proton,O,O
126,18,-,O,O
126,19,conducting,O,O
126,20,electrolytes,O,O
126,21,(,O,O
126,22,μ-H-SOFCs,B-DEVICE,O
126,23,hereafter,O,O
126,24,),O,O
126,25,like,O,O
126,26,yttrium,O,O
126,27,-,O,O
126,28,doped,O,O
126,29,barium,O,O
126,30,zirconate,O,O
126,31,(,O,O
126,32,BZY,B-MATERIAL,B-anode_material
126,33,),O,O
126,34,",",O,O
126,35,the,O,O
126,36,peak,O,O
126,37,power,O,O
126,38,densities,O,O
126,39,reported,B-EXPERIMENT,B-experiment_evoking_word
126,40,were,O,O
126,41,still,O,O
126,42,much,O,O
126,43,lower,O,O
126,44,than,O,O
126,45,those,O,O
126,46,using,O,O
126,47,zirconia-,O,O
126,48,or,O,O
126,49,ceria,O,O
126,50,-,O,O
126,51,based,O,O
126,52,oxygen,O,O
126,53,ion,O,O
126,54,-,O,O
126,55,conducting,O,O
126,56,electrolytes,O,O
126,57,(,O,O
126,58,μ-O-SOFCs,O,O
126,59,hereafter,O,O
126,60,),O,O
126,61,.,O,O
127,0,As,O,O
127,1,summarized,O,O
127,2,in,O,O
127,3,Table,O,O
127,4,1,O,O
127,5,",",O,O
127,6,the,O,O
127,7,highest,O,O
127,8,peak,O,O
127,9,power,O,O
127,10,densities,O,O
127,11,attainable,O,O
127,12,for,O,O
127,13,μ-H-SOFCs,B-DEVICE,B-device
127,14,were,B-EXPERIMENT,B-experiment_evoking_word
127,15,only,O,O
127,16,140,B-VALUE,B-power_density
127,17,mW,I-VALUE,I-power_density
127,18,/,I-VALUE,I-power_density
127,19,cm2,I-VALUE,I-power_density
127,20,at,O,O
127,21,400,B-VALUE,B-working_temperature
127,22,°,I-VALUE,I-working_temperature
127,23,C10,I-VALUE,I-working_temperature
127,24,and,O,O
127,25,186,B-VALUE,B-power_density
127,26,mW,I-VALUE,I-power_density
127,27,/,I-VALUE,I-power_density
127,28,cm2,I-VALUE,I-power_density
127,29,at,O,O
127,30,450,B-VALUE,B-working_temperature
127,31,°,I-VALUE,I-working_temperature
127,32,C11,I-VALUE,I-working_temperature
127,33,.,O,O
128,0,For,O,O
128,1,the,O,O
128,2,reported,O,O
128,3,high,O,O
128,4,performance,O,O
128,5,of,O,O
128,6,μ-O-SOFCs,B-DEVICE,B-device
128,7,",",O,O
128,8,the,O,O
128,9,highest,O,O
128,10,peak,O,O
128,11,power,O,O
128,12,densities,O,O
128,13,reported,B-EXPERIMENT,B-experiment_evoking_word
128,14,were,O,O
128,15,closer,O,O
128,16,to,O,O
128,17,or,O,O
128,18,over,O,O
128,19,1,B-VALUE,B-power_density
128,20,W,I-VALUE,I-power_density
128,21,/,I-VALUE,I-power_density
128,22,cm2,I-VALUE,I-power_density
128,23,at,O,O
128,24,450,B-VALUE,B-working_temperature
128,25,°,I-VALUE,I-working_temperature
128,26,C456,I-VALUE,I-working_temperature
128,27,.,O,O
129,0,More,O,O
129,1,importantly,O,O
129,2,",",O,O
129,3,evidences,O,O
129,4,of,O,O
129,5,proton,O,O
129,6,conduction,O,O
129,7,at,O,O
129,8,temperature,O,O
129,9,lower,B-VALUE,B-working_temperature
129,10,than,I-VALUE,I-working_temperature
129,11,400,I-VALUE,I-working_temperature
129,12,°,I-VALUE,I-working_temperature
129,13,C,I-VALUE,I-working_temperature
129,14,were,O,O
129,15,also,O,O
129,16,reported23242526,B-EXPERIMENT,B-experiment_evoking_word
129,17,.,O,O
130,0,An,O,O
130,1,8,B-VALUE,B-thickness
130,2,nm,I-VALUE,I-thickness
130,3,-,I-VALUE,I-thickness
130,4,thick,I-VALUE,I-thickness
130,5,GDC,B-MATERIAL,B-interlayer_material
130,6,layer,O,O
130,7,was,O,O
130,8,deposited,B-EXPERIMENT,B-experiment_evoking_word
130,9,on,O,O
130,10,top,O,O
130,11,of,O,O
130,12,BZY,B-MATERIAL,B-electrolyte_material
130,13,proton,O,O
130,14,-,O,O
130,15,conducting,O,O
130,16,electrolyte,O,O
130,17,to,O,O
130,18,serve,O,O
130,19,as,O,O
130,20,a,O,O
130,21,cathode,O,O
130,22,interlayer,O,O
130,23,for,O,O
130,24,μ-H-SOFCs,B-DEVICE,B-device
130,25,.,O,O
131,0,Cathode,O,O
131,1,performance,O,O
131,2,and,O,O
131,3,fuel,O,O
131,4,cell,O,O
131,5,power,O,O
131,6,density,O,O
131,7,in,O,O
131,8,the,O,O
131,9,silicon,B-MATERIAL,B-support_material
131,10,-,I-MATERIAL,I-support_material
131,11,based,I-MATERIAL,I-support_material
131,12,μ-H-SOFC,B-DEVICE,B-device
131,13,were,O,O
131,14,significantly,O,O
131,15,improved,B-EXPERIMENT,B-experiment_evoking_word
131,16,with,O,O
131,17,the,O,O
131,18,addition,O,O
131,19,of,O,O
131,20,GDC,B-MATERIAL,B-interlayer_material
131,21,interlayer,O,O
131,22,.,O,O
132,0,The,O,O
132,1,dense,O,O
132,2,BZY,B-MATERIAL,B-electrolyte_material
132,3,electrolytes,O,O
132,4,in,O,O
132,5,both,O,O
132,6,cases,O,O
132,7,were,O,O
132,8,75,B-VALUE,B-thickness
132,9,nm,I-VALUE,I-thickness
132,10,in,O,O
132,11,thickness,O,O
132,12,and,O,O
132,13,sandwiched,B-EXPERIMENT,B-experiment_evoking_word
132,14,between,O,O
132,15,the,O,O
132,16,porous,O,O
132,17,Pt,B-MATERIAL,B-cathode_material
132,18,cathode,O,O
132,19,and,O,O
132,20,anode,O,O
132,21,of,O,O
132,22,100,B-VALUE,B-thickness
132,23,nm,I-VALUE,I-thickness
132,24,and,O,O
132,25,60,B-VALUE,O
132,26,nm,I-VALUE,O
132,27,in,O,O
132,28,thickness,O,O
132,29,",",O,O
132,30,respectively,O,O
132,31,.,O,O
133,0,Electrochemical,O,O
133,1,Characterization,O,O
133,2,Figure,O,O
133,3,5,O,O
133,4,shows,B-EXPERIMENT,B-experiment_evoking_word
133,5,the,O,O
133,6,polarization,O,O
133,7,curves,O,O
133,8,for,O,O
133,9,μ-H-SOFCs,B-DEVICE,B-device
133,10,using,O,O
133,11,BZY,B-MATERIAL,B-electrolyte_material
133,12,electrolytes,O,O
133,13,with,O,O
133,14,and,O,O
133,15,without,O,O
133,16,the,O,O
133,17,GDC,B-MATERIAL,B-interlayer_material
133,18,cathode,O,O
133,19,interlayer,O,O
133,20,.,O,O
134,0,Both,O,O
134,1,fuel,O,O
134,2,cells,O,O
134,3,showed,B-EXPERIMENT,B-experiment_evoking_word
134,4,stable,O,O
134,5,and,O,O
134,6,high,O,O
134,7,open,O,O
134,8,-,O,O
134,9,circuit,O,O
134,10,voltages,O,O
134,11,(,O,O
134,12,OCVs,O,O
134,13,),O,O
134,14,in,O,O
134,15,the,O,O
134,16,range,O,O
134,17,of,O,O
134,18,0.98,B-VALUE,B-open_circuit_voltage
134,19,to,I-VALUE,I-open_circuit_voltage
134,20,1.07,I-VALUE,I-open_circuit_voltage
134,21,V,I-VALUE,I-open_circuit_voltage
134,22,close,O,O
134,23,to,O,O
134,24,the,O,O
134,25,theoretical,O,O
134,26,thermodynamic,O,O
134,27,value,O,O
134,28,of,O,O
134,29,1.1,B-VALUE,O
134,30,V,I-VALUE,O
134,31,",",O,O
134,32,indicating,O,O
134,33,that,O,O
134,34,dense,O,O
134,35,and,O,O
134,36,pinhole,O,O
134,37,-,O,O
134,38,free,O,O
134,39,electrolytes,O,O
134,40,remained,O,O
134,41,intact,O,O
134,42,during,O,O
134,43,the,O,O
134,44,cell,O,O
134,45,operation,O,O
134,46,.,O,O
135,0,The,O,O
135,1,peak,O,O
135,2,power,O,O
135,3,densities,O,O
135,4,obtained,B-EXPERIMENT,B-experiment_evoking_word
135,5,from,O,O
135,6,the,O,O
135,7,cell,B-DEVICE,B-device
135,8,using,O,O
135,9,BZY,B-MATERIAL,B-electrolyte_material
135,10,-,I-MATERIAL,I-electrolyte_material
135,11,only,I-MATERIAL,I-electrolyte_material
135,12,electrolyte,O,O
135,13,were,B-EXPERIMENT,B-experiment_evoking_word
135,14,51,B-VALUE,B-power_density
135,15,",",O,O
135,16,93,B-VALUE,B-power_density
135,17,and,O,O
135,18,206,B-VALUE,B-power_density
135,19,mW,I-VALUE,I-power_density
135,20,/,I-VALUE,I-power_density
135,21,cm2,I-VALUE,I-power_density
135,22,at,O,O
135,23,350,B-VALUE,B-working_temperature
135,24,",",O,O
135,25,375,B-VALUE,B-working_temperature
135,26,",",O,O
135,27,and,O,O
135,28,400,B-VALUE,B-working_temperature
135,29,°,I-VALUE,I-working_temperature
135,30,C,I-VALUE,I-working_temperature
135,31,",",O,O
135,32,respectively,O,O
135,33,.,O,O
136,0,For,O,O
136,1,the,O,O
136,2,cell,B-DEVICE,B-device
136,3,with,O,O
136,4,GDC,B-MATERIAL,B-interlayer_material
136,5,interlayer,O,O
136,6,",",O,O
136,7,the,O,O
136,8,peak,O,O
136,9,power,O,O
136,10,densities,O,O
136,11,further,O,O
136,12,increased,B-EXPERIMENT,B-experiment_evoking_word
136,13,up,O,O
136,14,to,O,O
136,15,106,B-VALUE,B-power_density
136,16,",",O,O
136,17,187,B-VALUE,B-power_density
136,18,",",O,O
136,19,274,B-VALUE,B-power_density
136,20,mW,I-VALUE,I-power_density
136,21,/,I-VALUE,I-power_density
136,22,cm2,I-VALUE,I-power_density
136,23,at,O,O
136,24,350,B-VALUE,B-working_temperature
136,25,",",O,O
136,26,375,B-VALUE,B-working_temperature
136,27,",",O,O
136,28,400,B-VALUE,B-working_temperature
136,29,°,I-VALUE,I-working_temperature
136,30,C,I-VALUE,I-working_temperature
136,31,",",O,O
136,32,and,O,O
136,33,reached,B-EXPERIMENT,B-experiment_evoking_word
136,34,446,B-VALUE,B-power_density
136,35,mW,I-VALUE,I-power_density
136,36,/,I-VALUE,I-power_density
136,37,cm2,I-VALUE,I-power_density
136,38,at,O,O
136,39,425,B-VALUE,B-working_temperature
136,40,°,I-VALUE,I-working_temperature
136,41,C,I-VALUE,I-working_temperature
136,42,.,O,O
137,0,To,O,O
137,1,confirm,O,O
137,2,the,O,O
137,3,improved,O,O
137,4,reaction,O,O
137,5,kinetics,O,O
137,6,at,O,O
137,7,the,O,O
137,8,cathode,O,O
137,9,side,O,O
137,10,",",O,O
137,11,the,O,O
137,12,EIS,O,O
137,13,curves,O,O
137,14,of,O,O
137,15,both,O,O
137,16,the,O,O
137,17,cells,B-DEVICE,B-device
137,18,with,O,O
137,19,and,O,O
137,20,without,O,O
137,21,the,O,O
137,22,GDC,B-MATERIAL,B-interlayer_material
137,23,interlayer,O,O
137,24,were,O,O
137,25,studied,B-EXPERIMENT,B-experiment_evoking_word
137,26,at,O,O
137,27,350,B-VALUE,B-working_temperature
137,28,to,I-VALUE,I-working_temperature
137,29,400,I-VALUE,I-working_temperature
137,30,°,I-VALUE,I-working_temperature
137,31,C,I-VALUE,I-working_temperature
137,32,(,O,O
137,33,Fig.,O,O
137,34,6,O,O
137,35,),O,O
137,36,.,O,O
138,0,As,O,O
138,1,summarized,O,O
138,2,in,O,O
138,3,Table,O,O
138,4,2,O,O
138,5,",",O,O
138,6,total,O,O
138,7,polarization,O,O
138,8,resistances,O,O
138,9,Rp,O,O
138,10,of,O,O
138,11,the,O,O
138,12,cell,B-DEVICE,B-device
138,13,without,O,O
138,14,GDC,B-MATERIAL,O
138,15,interlayer,O,O
138,16,were,B-EXPERIMENT,B-experiment_evoking_word
138,17,11.899,B-VALUE,B-resistance
138,18,",",O,O
138,19,7.045,B-VALUE,B-resistance
138,20,",",O,O
138,21,and,O,O
138,22,3.660,B-VALUE,B-resistance
138,23,Ωcm2,I-VALUE,I-resistance
138,24,at,O,O
138,25,350,B-VALUE,B-working_temperature
138,26,",",O,O
138,27,400,B-VALUE,B-working_temperature
138,28,",",O,O
138,29,and,O,O
138,30,450,B-VALUE,B-working_temperature
138,31,°,I-VALUE,I-working_temperature
138,32,C,I-VALUE,I-working_temperature
138,33,",",O,O
138,34,respectively,O,O
138,35,",",O,O
138,36,while,O,O
138,37,the,O,O
138,38,cell,O,O
138,39,with,O,O
138,40,GDC,B-MATERIAL,B-interlayer_material
138,41,interlayer,O,O
138,42,decreased,B-EXPERIMENT,B-experiment_evoking_word
138,43,to,O,O
138,44,4.136,B-VALUE,B-resistance
138,45,",",O,O
138,46,3.346,B-VALUE,B-resistance
138,47,",",O,O
138,48,and,O,O
138,49,2.443,B-VALUE,B-resistance
138,50,Ωcm2,I-VALUE,I-resistance
138,51,at,O,O
138,52,350,B-VALUE,B-working_temperature
138,53,",",O,O
138,54,400,B-VALUE,B-working_temperature
138,55,",",O,O
138,56,and,O,O
138,57,450,B-VALUE,B-working_temperature
138,58,°,I-VALUE,I-working_temperature
138,59,C,I-VALUE,I-working_temperature
138,60,",",O,O
138,61,respectively,O,O
138,62,.,O,O
139,0,Ohmic,O,O
139,1,resistances,O,O
139,2,of,O,O
139,3,the,O,O
139,4,BZY,B-MATERIAL,B-electrolyte_material
139,5,electrolyte,O,O
139,6,cell,B-DEVICE,B-device
139,7,were,B-EXPERIMENT,B-experiment_evoking_word
139,8,0.085,B-VALUE,B-resistance
139,9,",",O,O
139,10,0.089,B-VALUE,B-resistance
139,11,",",O,O
139,12,and,O,O
139,13,0.099,B-VALUE,B-resistance
139,14,Ωcm2,I-VALUE,I-resistance
139,15,",",O,O
139,16,and,O,O
139,17,for,O,O
139,18,the,O,O
139,19,GDC,B-MATERIAL,B-interlayer_material
139,20,/,O,O
139,21,BZY,B-MATERIAL,B-electrolyte_material
139,22,cell,B-DEVICE,B-device
139,23,",",O,O
139,24,the,O,O
139,25,resistances,O,O
139,26,increased,B-EXPERIMENT,B-experiment_evoking_word
139,27,slightly,O,O
139,28,to,O,O
139,29,0.115,B-VALUE,B-resistance
139,30,",",O,O
139,31,0.129,B-VALUE,B-resistance
139,32,",",O,O
139,33,and,O,O
139,34,0.131,B-VALUE,B-resistance
139,35,Ωcm2,I-VALUE,I-resistance
139,36,at,O,O
139,37,350,B-VALUE,B-working_temperature
139,38,",",O,O
139,39,375,B-VALUE,B-working_temperature
139,40,",",O,O
139,41,and,O,O
139,42,400,B-VALUE,B-working_temperature
139,43,°,I-VALUE,I-working_temperature
139,44,C,I-VALUE,I-working_temperature
139,45,",",O,O
139,46,respectively,O,O
139,47,",",O,O
139,48,likely,O,O
139,49,due,O,O
139,50,to,O,O
139,51,the,O,O
139,52,additional,O,O
139,53,thickness,O,O
139,54,from,O,O
139,55,GDC,B-MATERIAL,O
139,56,and,O,O
139,57,the,O,O
139,58,interface,O,O
139,59,between,O,O
139,60,GDC,B-MATERIAL,O
139,61,and,O,O
139,62,BZY,B-MATERIAL,O
139,63,.,O,O
140,0,With,O,O
140,1,the,O,O
140,2,GDC,B-MATERIAL,B-interlayer_material
140,3,interlayer,O,O
140,4,",",O,O
140,5,MF,O,O
140,6,resistances,O,O
140,7,were,O,O
140,8,decreased,B-EXPERIMENT,B-experiment_evoking_word
140,9,from,O,O
140,10,7.179,B-VALUE,O
140,11,",",O,O
140,12,4.582,B-VALUE,O
140,13,",",O,O
140,14,and,O,O
140,15,2.557,B-VALUE,O
140,16,Ωcm2,I-VALUE,O
140,17,to,O,O
140,18,2.485,B-VALUE,B-resistance
140,19,",",O,O
140,20,2.070,B-VALUE,B-resistance
140,21,",",O,O
140,22,and,O,O
140,23,1.776,B-VALUE,B-resistance
140,24,Ωcm2,I-VALUE,I-resistance
140,25,at,O,O
140,26,350,B-VALUE,B-working_temperature
140,27,",",O,O
140,28,375,B-VALUE,B-working_temperature
140,29,",",O,O
140,30,and,O,O
140,31,400,B-VALUE,B-working_temperature
140,32,°,I-VALUE,I-working_temperature
140,33,C,I-VALUE,I-working_temperature
140,34,",",O,O
140,35,respectively,O,O
140,36,",",O,O
140,37,corresponding,O,O
140,38,to,O,O
140,39,the,O,O
140,40,slightly,O,O
140,41,depressed,O,O
140,42,MF,O,O
140,43,arc,O,O
140,44,in,O,O
140,45,the,O,O
140,46,Bode,O,O
140,47,plot,O,O
140,48,with,O,O
140,49,a,O,O
140,50,frequency,O,O
140,51,shift,O,O
140,52,from,O,O
140,53,102,O,O
140,54,Hz,O,O
140,55,to,O,O
140,56,103,O,O
140,57,Hz,O,O
140,58,.,O,O
141,0,The,O,O
141,1,HF,O,O
141,2,polarization,O,O
141,3,resistances,O,O
141,4,of,O,O
141,5,the,O,O
141,6,cell,B-DEVICE,B-device
141,7,without,O,O
141,8,GDC,O,O
141,9,interlayer,O,O
141,10,were,B-EXPERIMENT,B-experiment_evoking_word
141,11,4.720,B-VALUE,B-resistance
141,12,",",O,O
141,13,2.463,B-VALUE,B-resistance
141,14,",",O,O
141,15,and,O,O
141,16,1.103,B-VALUE,B-resistance
141,17,Ωcm2,I-VALUE,I-resistance
141,18,at,O,O
141,19,350,B-VALUE,B-working_temperature
141,20,",",O,O
141,21,400,B-VALUE,B-working_temperature
141,22,",",O,O
141,23,and,O,O
141,24,450,B-VALUE,B-working_temperature
141,25,°,I-VALUE,I-working_temperature
141,26,C,I-VALUE,I-working_temperature
141,27,",",O,O
141,28,respectively,O,O
141,29,",",O,O
141,30,and,O,O
141,31,the,O,O
141,32,cell,B-DEVICE,B-device
141,33,with,O,O
141,34,GDC,B-MATERIAL,B-interlayer_material
141,35,interlayer,O,O
141,36,decreased,B-EXPERIMENT,B-experiment_evoking_word
141,37,to,O,O
141,38,1.651,B-VALUE,B-resistance
141,39,",",O,O
141,40,1.276,B-VALUE,B-resistance
141,41,",",O,O
141,42,and,O,O
141,43,0.997,B-VALUE,B-resistance
141,44,Ωcm2,I-VALUE,I-resistance
141,45,at,O,O
141,46,350,B-VALUE,B-working_temperature
141,47,",",O,O
141,48,400,B-VALUE,B-working_temperature
141,49,",",O,O
141,50,and,O,O
141,51,450,B-VALUE,B-working_temperature
141,52,°,I-VALUE,I-working_temperature
141,53,C,I-VALUE,I-working_temperature
141,54,",",O,O
141,55,respectively,O,O
141,56,.,O,O
142,0,In,O,O
142,1,summary,O,O
142,2,",",O,O
142,3,the,O,O
142,4,complex,O,O
142,5,cathodic,O,O
142,6,reactions,O,O
142,7,in,O,O
142,8,a,O,O
142,9,μ-H-SOFC,B-DEVICE,B-device
142,10,using,O,O
142,11,BZY,B-MATERIAL,B-electrolyte_material
142,12,electrolyte,O,O
142,13,were,O,O
142,14,studied,B-EXPERIMENT,B-experiment_evoking_word
142,15,by,O,O
142,16,an,O,O
142,17,interface,O,O
142,18,modification,O,O
142,19,with,O,O
142,20,the,O,O
142,21,addition,O,O
142,22,of,O,O
142,23,an,O,O
142,24,8,B-VALUE,B-thickness
142,25,nm,I-VALUE,I-thickness
142,26,-,I-VALUE,I-thickness
142,27,thick,I-VALUE,I-thickness
142,28,GDC,B-MATERIAL,B-interlayer_material
142,29,cathode,O,O
142,30,interlayer,O,O
142,31,.,O,O
143,0,The,O,O
143,1,cathodic,O,O
143,2,polarization,O,O
143,3,resistance,O,O
143,4,was,O,O
143,5,effectively,O,O
143,6,decreased,B-EXPERIMENT,B-experiment_evoking_word
143,7,by,O,O
143,8,the,O,O
143,9,additional,O,O
143,10,GDC,B-MATERIAL,B-interlayer_material
143,11,interlayer,O,O
143,12,between,O,O
143,13,the,O,O
143,14,Pt,B-MATERIAL,B-cathode_material
143,15,cathode,O,O
143,16,and,O,O
143,17,BZY,B-MATERIAL,B-electrolyte_material
143,18,electrolyte,O,O
143,19,.,O,O
144,0,A,O,O
144,1,record,O,O
144,2,high,O,O
144,3,peak,O,O
144,4,power,O,O
144,5,density,O,O
144,6,of,O,O
144,7,445,B-VALUE,B-power_density
144,8,mW,I-VALUE,I-power_density
144,9,/,I-VALUE,I-power_density
144,10,cm2,I-VALUE,I-power_density
144,11,was,O,O
144,12,obtained,B-EXPERIMENT,B-experiment_evoking_word
144,13,at,O,O
144,14,425,B-VALUE,B-working_temperature
144,15,°,I-VALUE,I-working_temperature
144,16,C,I-VALUE,I-working_temperature
144,17,from,O,O
144,18,the,O,O
144,19,μ-H-SOFC,B-DEVICE,B-device
144,20,with,O,O
144,21,GDC,B-MATERIAL,B-interlayer_material
144,22,/,O,O
144,23,BZY,B-MATERIAL,B-electrolyte_material
144,24,bi-layer,O,O
144,25,electrolyte,O,O
144,26,.,O,O
145,0,The,O,O
145,1,EIS,O,O
145,2,analysis,O,O
145,3,of,O,O
145,4,cathodic,O,O
145,5,impedance,O,O
145,6,of,O,O
145,7,the,O,O
145,8,fuel,B-DEVICE,O
145,9,cells,I-DEVICE,O
145,10,showed,B-EXPERIMENT,B-experiment_evoking_word
145,11,the,O,O
145,12,enhanced,O,O
145,13,cathodic,O,O
145,14,charge,O,O
145,15,transfer,O,O
145,16,process,O,O
145,17,across,O,O
145,18,the,O,O
145,19,cathode,O,O
145,20,/,O,O
145,21,electrolyte,O,O
145,22,interface,O,O
145,23,with,O,O
145,24,the,O,O
145,25,help,O,O
145,26,of,O,O
145,27,GDC,B-MATERIAL,B-interlayer_material
145,28,interlayer,O,O
145,29,",",O,O
145,30,suggesting,O,O
145,31,the,O,O
145,32,effective,O,O
145,33,promotion,O,O
145,34,of,O,O
145,35,proton,O,O
145,36,and,O,O
145,37,oxygen,O,O
145,38,ion,O,O
145,39,charge,O,O
145,40,transfer,O,O
145,41,as,O,O
145,42,well,O,O
145,43,as,O,O
145,44,ORR,O,O
145,45,and,O,O
145,46,water,O,O
145,47,evolution,O,O
145,48,reaction,O,O
145,49,between,O,O
145,50,Pt,B-MATERIAL,O
145,51,cathode,O,O
145,52,and,O,O
145,53,BZY,B-MATERIAL,O
145,54,electrolyte,O,O
145,55,through,O,O
145,56,the,O,O
145,57,GDC,B-MATERIAL,O
145,58,interlayer,O,O
145,59,.,O,O
146,0,Polarization,O,O
146,1,resistances,O,O
146,2,of,O,O
146,3,as-prepared,O,O
146,4,LSC,B-MATERIAL,B-cathode_material
146,5,films,O,O
146,6,are,B-EXPERIMENT,B-experiment_evoking_word
146,7,extraordinarily,O,O
146,8,low,O,O
146,9,(,O,O
146,10,2.0,B-VALUE,B-resistance
146,11,Ω,I-VALUE,I-resistance
146,12,cm2,I-VALUE,I-resistance
146,13,in,O,O
146,14,40,O,O
146,15,μbar,O,O
146,16,O2,B-MATERIAL,B-fuel_used
146,17,at,O,O
146,18,600,B-VALUE,B-working_temperature
146,19,°,I-VALUE,I-working_temperature
146,20,C,I-VALUE,I-working_temperature
146,21,),O,O
146,22,.,O,O
147,0,LSC,B-MATERIAL,B-cathode_material
147,1,films,O,O
147,2,on,O,O
147,3,YSZ,B-MATERIAL,B-electrolyte_material
147,4,and,O,O
147,5,on,O,O
147,6,La0.95Sr0.05Ga0.95Mg0.05O3−δ,B-MATERIAL,B-electrolyte_material
147,7,(,O,O
147,8,LSGM,B-MATERIAL,O
147,9,),O,O
147,10,single,O,O
147,11,crystals,O,O
147,12,exhibit,B-EXPERIMENT,B-experiment_evoking_word
147,13,significantly,O,O
147,14,different,O,O
147,15,electrochemical,O,O
147,16,properties,O,O
147,17,",",O,O
147,18,possibly,O,O
147,19,associated,O,O
147,20,with,O,O
147,21,the,O,O
147,22,tensile,O,O
147,23,strain,O,O
147,24,of,O,O
147,25,LSC,B-MATERIAL,O
147,26,on,O,O
147,27,LSGM.,O,O
147,28,impedance,O,O
147,29,PLD,O,O
147,30,fuel,O,O
147,31,cell,O,O
147,32,SOFC,O,O
147,33,electrode,O,O
147,34,oxygen,O,O
147,35,exchange,O,O
147,36,LSC,O,O
147,37,strain,O,O
147,38,document-id-old-9,O,O
147,39,ae8b00586,O,O
147,40,document-id-new-14,O,O
147,41,ae-2018-005868,O,O
147,42,ccc,O,O
147,43,-,O,O
147,44,price,O,O
147,45,Solid,O,O
147,46,oxide,O,O
147,47,fuel,O,O
147,48,cells,O,O
147,49,(,O,O
147,50,SOFCs,O,O
147,51,),O,O
147,52,and,O,O
147,53,solid,O,O
147,54,oxide,O,O
147,55,electrolysis,O,O
147,56,cells,O,O
147,57,(,O,O
147,58,SOECs,O,O
147,59,),O,O
147,60,may,O,O
147,61,become,O,O
147,62,important,O,O
147,63,technologies,O,O
147,64,to,O,O
147,65,ease,O,O
147,66,the,O,O
147,67,transition,O,O
147,68,from,O,O
147,69,fossil,O,O
147,70,fuels,O,O
147,71,to,O,O
147,72,renewable,O,O
147,73,resources,O,O
147,74,such,O,O
147,75,as,O,O
147,76,biomass,O,O
147,77,and,O,O
147,78,hydrogen.1−4,O,O
147,79,Current,O,O
147,80,applications,O,O
147,81,include,O,O
147,82,combined,O,O
147,83,heating,O,O
147,84,and,O,O
147,85,power,O,O
147,86,(,O,O
147,87,CHP,O,O
147,88,),O,O
147,89,systems,O,O
147,90,",",O,O
147,91,as,O,O
147,92,well,O,O
147,93,as,O,O
147,94,auxiliary,O,O
147,95,power,O,O
147,96,units,O,O
147,97,and,O,O
147,98,typically,O,O
147,99,operate,B-EXPERIMENT,B-experiment_evoking_word
147,100,at,O,O
147,101,700,B-VALUE,B-working_temperature
147,102,–,I-VALUE,I-working_temperature
147,103,900,I-VALUE,I-working_temperature
147,104,°,I-VALUE,I-working_temperature
147,105,"C.5,6",O,O
147,106,The,O,O
147,107,high,O,O
147,108,operating,O,O
147,109,temperatures,O,O
147,110,restrict,O,O
147,111,the,O,O
147,112,choice,O,O
147,113,of,O,O
147,114,materials,O,O
147,115,used,O,O
147,116,",",O,O
147,117,complicate,O,O
147,118,production,O,O
147,119,",",O,O
147,120,decrease,O,O
147,121,the,O,O
147,122,durability,O,O
147,123,of,O,O
147,124,the,O,O
147,125,components,O,O
147,126,because,O,O
147,127,of,O,O
147,128,undesired,O,O
147,129,side,O,O
147,130,reactions,O,O
147,131,",",O,O
147,132,and,O,O
147,133,therefore,O,O
147,134,hamper,O,O
147,135,a,O,O
147,136,broad,O,O
147,137,commercialization.7,O,O
147,138,However,O,O
147,139,",",O,O
147,140,these,O,O
147,141,challenging,O,O
147,142,conditions,O,O
147,143,are,O,O
147,144,required,O,O
147,145,for,O,O
147,146,achieving,O,O
147,147,sufficiently,O,O
147,148,fast,O,O
147,149,reaction,O,O
147,150,kinetics,O,O
147,151,for,O,O
147,152,the,O,O
147,153,oxygen,O,O
147,154,incorporation,O,O
147,155,or,O,O
147,156,evolution,O,O
147,157,at,O,O
147,158,the,O,O
147,159,air,O,O
147,160,electrode,O,O
147,161,",",O,O
147,162,since,O,O
147,163,reaction,O,O
147,164,rates,O,O
147,165,for,O,O
147,166,given,O,O
147,167,overpotential,O,O
147,168,strongly,O,O
147,169,depend,O,O
147,170,on,O,O
147,171,temperature,O,O
147,172,(,O,O
147,173,with,O,O
147,174,typical,O,O
147,175,activation,O,O
147,176,energies,O,O
147,177,in,O,O
147,178,the,O,O
147,179,range,O,O
147,180,of,O,O
147,181,1.3,O,O
147,182,–,O,O
147,183,1.8,O,O
147,184,eV,O,O
147,185,).,O,O
147,186,8,O,O
147,187,Hence,O,O
147,188,",",O,O
147,189,mixed,O,O
147,190,ionic,O,O
147,191,and,O,O
147,192,electronic,O,O
147,193,conducting,O,O
147,194,(,O,O
147,195,MIEC,O,O
147,196,),O,O
147,197,oxides,O,O
147,198,are,O,O
147,199,vastly,O,O
147,200,investigated,O,O
147,201,in,O,O
147,202,order,O,O
147,203,to,O,O
147,204,find,O,O
147,205,",",O,O
147,206,understand,O,O
147,207,and,O,O
147,208,design,O,O
147,209,materials,O,O
147,210,that,O,O
147,211,offer,O,O
147,212,a,O,O
147,213,high,O,O
147,214,catalytic,O,O
147,215,activity,O,O
147,216,for,O,O
147,217,the,O,O
147,218,oxygen,O,O
147,219,exchange,O,O
147,220,as,O,O
147,221,well,O,O
147,222,as,O,O
147,223,high,O,O
147,224,ionic,O,O
147,225,and,O,O
147,226,electronic,O,O
147,227,conductivity.9,O,O
147,228,For,O,O
147,229,SOFCs,O,O
147,230,and,O,O
147,231,SOECs,O,O
147,232,",",O,O
147,233,porous,O,O
147,234,MIEC,O,O
147,235,electrodes,O,O
147,236,are,O,O
147,237,prepared,O,O
147,238,by,O,O
147,239,tape,O,O
147,240,casting,O,O
147,241,",",O,O
147,242,screen,O,O
147,243,printing,O,O
147,244,or,O,O
147,245,dip,O,O
147,246,coating,O,O
147,247,to,O,O
147,248,achieve,O,O
147,249,electrodes,O,O
147,250,with,O,O
147,251,large,O,O
147,252,surface,O,O
147,253,area,O,O
147,254,for,O,O
147,255,oxygen,O,O
147,256,reduction,O,O
147,257,.,O,O
148,0,Thereby,O,O
148,1,",",O,O
148,2,different,O,O
148,3,perovskite,O,O
148,4,-,O,O
148,5,type,O,O
148,6,oxides,O,O
148,7,",",O,O
148,8,such,O,O
148,9,as,O,O
148,10,Ba1,B-MATERIAL,B-cathode_material
148,11,–,I-MATERIAL,I-cathode_material
148,12,xSrxCo1,I-MATERIAL,I-cathode_material
148,13,–,I-MATERIAL,I-cathode_material
148,14,yFeyO3−δ,I-MATERIAL,I-cathode_material
148,15,"(BSCF),10−12",O,O
148,16,La0.6Ba0.4CoO3−δ,B-MATERIAL,B-cathode_material
148,17,"(LBC),13",O,O
148,18,La0.6Sr0.4CoO3−δ,B-MATERIAL,B-cathode_material
148,19,"(LSC),13",O,O
148,20,La1,B-MATERIAL,B-cathode_material
148,21,–,I-MATERIAL,I-cathode_material
148,22,xSrxCo1,I-MATERIAL,I-cathode_material
148,23,–,I-MATERIAL,I-cathode_material
148,24,yFeyO3−δ,I-MATERIAL,I-cathode_material
148,25,"(LSCF),8,14",O,O
148,26,La0.6Sr0.4FeO3−δ,B-MATERIAL,B-cathode_material
148,27,"(LSF),15",O,O
148,28,Sm1,B-MATERIAL,B-cathode_material
148,29,–,I-MATERIAL,I-cathode_material
148,30,xSrxCoO3−δ,I-MATERIAL,I-cathode_material
148,31,"(SSC),8",O,O
148,32,SrFeO3−δ,B-MATERIAL,B-cathode_material
148,33,"(SFO),16",O,O
148,34,and,O,O
148,35,SrTi1,B-MATERIAL,B-cathode_material
148,36,–,I-MATERIAL,I-cathode_material
148,37,yFeyO3−δ,I-MATERIAL,I-cathode_material
148,38,"(STF),16",O,O
148,39,have,O,O
148,40,been,O,O
148,41,investigated,B-EXPERIMENT,B-experiment_evoking_word
148,42,as,O,O
148,43,promising,O,O
148,44,cathode,O,O
148,45,candidates,O,O
148,46,for,O,O
148,47,SOFCs,B-DEVICE,B-device
148,48,.,O,O
149,0,An,O,O
149,1,electrode,O,O
149,2,material,O,O
149,3,of,O,O
149,4,particular,O,O
149,5,interest,O,O
149,6,is,O,O
149,7,LSC,B-MATERIAL,B-cathode_material
149,8,",",O,O
149,9,since,O,O
149,10,it,O,O
149,11,shows,B-EXPERIMENT,B-experiment_evoking_word
149,12,very,O,O
149,13,high,O,O
149,14,electronic,O,O
149,15,conductivity,O,O
149,16,(,O,O
149,17,∼,B-VALUE,B-conductivity
149,18,1000,I-VALUE,I-conductivity
149,19,S,I-VALUE,I-conductivity
149,20,/,I-VALUE,I-conductivity
149,21,cm,I-VALUE,I-conductivity
149,22,),O,O
149,23,together,O,O
149,24,with,O,O
149,25,low,O,O
149,26,polarization,O,O
149,27,resistance,O,O
149,28,for,O,O
149,29,the,O,O
149,30,oxygen,O,O
149,31,exchange,O,O
149,32,reaction,O,O
149,33,(,O,O
149,34,one,O,O
149,35,of,O,O
149,36,the,O,O
149,37,lowest,O,O
149,38,oxygen,O,O
149,39,exchange,O,O
149,40,resistances,O,O
149,41,reported,O,O
149,42,so,O,O
149,43,far,O,O
149,44,was,O,O
149,45,∼,B-VALUE,B-resistance
149,46,0.5,I-VALUE,I-resistance
149,47,Ω,I-VALUE,I-resistance
149,48,cm2,I-VALUE,I-resistance
149,49,for,O,O
149,50,a,O,O
149,51,thin,O,O
149,52,film,O,O
149,53,at,O,O
149,54,600,B-VALUE,B-working_temperature
149,55,°,I-VALUE,I-working_temperature
149,56,C,I-VALUE,I-working_temperature
149,57,and,O,O
149,58,0.21,O,O
149,59,bar,O,O
149,60,oxygen,O,O
149,61,partial,O,O
149,62,pressure13,O,O
149,63,),O,O
149,64,.,O,O
150,0,Moreover,O,O
150,1,",",O,O
150,2,the,O,O
150,3,influence,O,O
150,4,of,O,O
150,5,lattice,O,O
150,6,mismatch,O,O
150,7,on,O,O
150,8,the,O,O
150,9,electrochemical,O,O
150,10,film,O,O
150,11,properties,O,O
150,12,is,O,O
150,13,studied,B-EXPERIMENT,B-experiment_evoking_word
150,14,by,O,O
150,15,comparing,O,O
150,16,films,O,O
150,17,on,O,O
150,18,yttria,B-MATERIAL,B-electrolyte_material
150,19,stabilized,I-MATERIAL,I-electrolyte_material
150,20,zirconia,I-MATERIAL,I-electrolyte_material
150,21,(,O,O
150,22,YSZ,B-MATERIAL,O
150,23,),O,O
150,24,to,O,O
150,25,epitaxially,O,O
150,26,grown,O,O
150,27,LSC,B-MATERIAL,B-cathode_material
150,28,on,O,O
150,29,La0.95Sr0.05Ga0.95Mg0.05O3−δ,B-MATERIAL,B-electrolyte_material
150,30,(,O,O
150,31,LSGM,B-MATERIAL,O
150,32,),O,O
150,33,single,O,O
150,34,crystals,O,O
150,35,.,O,O
151,0,Results,O,O
151,1,and,O,O
151,2,Discussion,O,O
151,3,Qualitative,O,O
151,4,Impedance,O,O
151,5,Changes,O,O
151,6,during,O,O
151,7,the,O,O
151,8,First,O,O
151,9,Stages,O,O
151,10,of,O,O
151,11,LSC,O,O
151,12,Film,O,O
151,13,Growth,O,O
151,14,The,O,O
151,15,initial,O,O
151,16,sample,O,O
151,17,consists,B-EXPERIMENT,B-experiment_evoking_word
151,18,of,O,O
151,19,a,O,O
151,20,Ti+Pt,B-MATERIAL,O
151,21,grid,O,O
151,22,on,O,O
151,23,top,O,O
151,24,of,O,O
151,25,the,O,O
151,26,YSZ,B-MATERIAL,O
151,27,single,O,O
151,28,crystal,O,O
151,29,with,O,O
151,30,a,O,O
151,31,porous,O,O
151,32,LSC,B-MATERIAL,B-anode_material
151,33,counter,O,O
151,34,electrode,O,O
151,35,(,O,O
151,36,CE,O,O
151,37,),O,O
151,38,.,O,O
152,0,The,O,O
152,1,TPB,O,O
152,2,related,O,O
152,3,low,O,O
152,4,frequency,O,O
152,5,resistance,O,O
152,6,of,O,O
152,7,the,O,O
152,8,Ti+Pt,O,O
152,9,grid,O,O
152,10,is,O,O
152,11,close,O,O
152,12,to,O,O
152,13,the,O,O
152,14,oxygen,O,O
152,15,exchange,O,O
152,16,resistance,O,O
152,17,expected,B-EXPERIMENT,B-experiment_evoking_word
152,18,for,O,O
152,19,micropatterned,O,O
152,20,Pt,B-MATERIAL,B-cathode_material
152,21,thin,O,O
152,22,film,O,O
152,23,electrodes,O,O
152,24,at,O,O
152,25,600,B-VALUE,B-working_temperature
152,26,°,I-VALUE,I-working_temperature
152,27,C,I-VALUE,I-working_temperature
152,28,in,O,O
152,29,air,O,O
152,30,(,O,O
152,31,1.0,B-VALUE,B-resistance
152,32,×,I-VALUE,I-resistance
152,33,107,I-VALUE,I-resistance
152,34,Ωcm,I-VALUE,I-resistance
152,35,).,O,O
152,36,36,O,O
152,37,Measured,O,O
152,38,capacitances,O,O
152,39,are,O,O
152,40,in,O,O
152,41,the,O,O
152,42,range,O,O
152,43,of,O,O
152,44,several,O,O
152,45,tens,O,O
152,46,or,O,O
152,47,even,O,O
152,48,hundreds,O,O
152,49,of,O,O
152,50,μF,O,O
152,51,/,O,O
152,52,cm2,O,O
152,53,in,O,O
152,54,parallel,O,O
152,55,to,O,O
152,56,the,O,O
152,57,oxygen,O,O
152,58,exchange,O,O
152,59,path,O,O
152,60,.,O,O
153,0,Comparable,O,O
153,1,values,O,O
153,2,have,O,O
153,3,also,O,O
153,4,been,O,O
153,5,reported,B-EXPERIMENT,B-experiment_evoking_word
153,6,for,O,O
153,7,different,O,O
153,8,metal,B-MATERIAL,B-cathode_material
153,9,electrodes,O,O
153,10,sputtered,O,O
153,11,on,O,O
153,12,YSZ,B-MATERIAL,B-electrolyte_material
153,13,and,O,O
153,14,are,O,O
153,15,usually,O,O
153,16,attributed,O,O
153,17,to,O,O
153,18,a,O,O
153,19,capacitance,O,O
153,20,at,O,O
153,21,the,O,O
153,22,electrolyte,O,O
153,23,/,O,O
153,24,electrode,O,O
153,25,interface.38−41,O,O
153,26,Hence,O,O
153,27,",",O,O
153,28,the,O,O
153,29,initial,O,O
153,30,current,O,O
153,31,collector,O,O
153,32,grid,O,O
153,33,seems,O,O
153,34,to,O,O
153,35,be,O,O
153,36,similar,O,O
153,37,to,O,O
153,38,TPB,O,O
153,39,active,O,O
153,40,Pt,O,O
153,41,electrodes,O,O
153,42,on,O,O
153,43,YSZ,O,O
153,44,",",O,O
153,45,with,O,O
153,46,the,O,O
153,47,resistance,O,O
153,48,being,O,O
153,49,due,O,O
153,50,to,O,O
153,51,oxygen,O,O
153,52,exchange,O,O
153,53,close,O,O
153,54,to,O,O
153,55,the,O,O
153,56,TPB,O,O
153,57,and,O,O
153,58,the,O,O
153,59,capacitance,O,O
153,60,originating,O,O
153,61,from,O,O
153,62,the,O,O
153,63,entire,O,O
153,64,interfacial,O,O
153,65,area,O,O
153,66,.,O,O
154,0,The,O,O
154,1,total,O,O
154,2,resistance,O,O
154,3,of,O,O
154,4,the,O,O
154,5,sample,O,O
154,6,decreases,B-EXPERIMENT,B-experiment_evoking_word
154,7,by,O,O
154,8,almost,O,O
154,9,2,O,O
154,10,orders,O,O
154,11,of,O,O
154,12,magnitude,O,O
154,13,from,O,O
154,14,37.5,B-VALUE,B-resistance
154,15,kΩ,I-VALUE,I-resistance
154,16,down,O,O
154,17,to,O,O
154,18,0.4,B-VALUE,B-resistance
154,19,kΩ,I-VALUE,I-resistance
154,20,after,O,O
154,21,applying,O,O
154,22,150,O,O
154,23,laser,O,O
154,24,pulses,O,O
154,25,to,O,O
154,26,the,O,O
154,27,LSC,O,O
154,28,target,O,O
154,29,(,O,O
154,30,i.e.,O,O
154,31,",",O,O
154,32,for,O,O
154,33,3,O,O
154,34,nm,O,O
154,35,nominal,O,O
154,36,LSC,O,O
154,37,film,O,O
154,38,thickness,O,O
154,39,),O,O
154,40,",",O,O
154,41,cf,O,O
154,42,.,O,O
155,0,The,O,O
155,1,conductivity,O,O
155,2,was,O,O
155,3,measured,B-EXPERIMENT,B-experiment_evoking_word
155,4,in,O,O
155,5,van-der-Pauw,O,O
155,6,geometry,O,O
155,7,at,O,O
155,8,600,B-VALUE,B-working_temperature
155,9,°,I-VALUE,I-working_temperature
155,10,C,I-VALUE,I-working_temperature
155,11,and,O,O
155,12,10,B-VALUE,O
155,13,μbar,I-VALUE,O
155,14,p(O2),O,O
155,15,.,O,O
156,0,Normalization,O,O
156,1,to,O,O
156,2,the,O,O
156,3,grid,O,O
156,4,-,O,O
156,5,free,O,O
156,6,area,O,O
156,7,(,O,O
156,8,0.17,O,O
156,9,cm2,O,O
156,10,),O,O
156,11,of,O,O
156,12,the,O,O
156,13,counter,O,O
156,14,electrode,O,O
156,15,",",O,O
156,16,i.e.,O,O
156,17,the,O,O
156,18,surface,O,O
156,19,that,O,O
156,20,participates,O,O
156,21,in,O,O
156,22,the,O,O
156,23,oxygen,O,O
156,24,exchange,O,O
156,25,",",O,O
156,26,reveals,B-EXPERIMENT,B-experiment_evoking_word
156,27,a,O,O
156,28,remarkably,O,O
156,29,low,O,O
156,30,resistance,O,O
156,31,of,O,O
156,32,the,O,O
156,33,microporous,O,O
156,34,LSC,B-MATERIAL,B-cathode_material
156,35,of,O,O
156,36,about,O,O
156,37,5.6,B-VALUE,B-resistance
156,38,Ωcm2,I-VALUE,I-resistance
156,39,at,O,O
156,40,600,B-VALUE,B-working_temperature
156,41,°,I-VALUE,I-working_temperature
156,42,C,I-VALUE,I-working_temperature
156,43,and,O,O
156,44,40,O,O
156,45,μbar,O,O
156,46,O2,B-MATERIAL,O
156,47,.,O,O
157,0,When,O,O
157,1,fitting,O,O
157,2,the,O,O
157,3,data,O,O
157,4,to,O,O
157,5,exponential,O,O
157,6,decay,O,O
157,7,functions,O,O
157,8,(,O,O
157,9,see,O,O
157,10,lines,O,O
157,11,in,O,O
157,12,Figure,O,O
157,13,7c,O,O
157,14,),O,O
157,15,",",O,O
157,16,an,O,O
157,17,average,O,O
157,18,oxygen,O,O
157,19,exchange,O,O
157,20,resistance,O,O
157,21,of,O,O
157,22,2.04,B-VALUE,B-resistance
157,23,±,I-VALUE,I-resistance
157,24,0.1,I-VALUE,I-resistance
157,25,Ω,I-VALUE,I-resistance
157,26,cm2,I-VALUE,I-resistance
157,27,is,O,O
157,28,determined,B-EXPERIMENT,B-experiment_evoking_word
157,29,for,O,O
157,30,a,O,O
157,31,fully,O,O
157,32,grown,O,O
157,33,thin,O,O
157,34,film,O,O
157,35,(,O,O
157,36,>,B-VALUE,O
157,37,50,I-VALUE,O
157,38,nm,I-VALUE,O
157,39,),O,O
157,40,measured,B-EXPERIMENT,B-experiment_evoking_word
157,41,at,O,O
157,42,600,B-VALUE,B-working_temperature
157,43,°,I-VALUE,I-working_temperature
157,44,C,I-VALUE,I-working_temperature
157,45,in,O,O
157,46,40,B-VALUE,O
157,47,μbar,I-VALUE,O
157,48,.,O,O
158,0,This,O,O
158,1,was,O,O
158,2,the,O,O
158,3,case,O,O
158,4,for,O,O
158,5,the,O,O
158,6,interfacial,O,O
158,7,capacitance,O,O
158,8,reported,B-EXPERIMENT,B-experiment_evoking_word
158,9,by,O,O
158,10,Baumann,O,O
158,11,et,O,O
158,12,al.14,O,O
158,13,(,O,O
158,14,40,B-VALUE,O
158,15,μF,I-VALUE,O
158,16,/,I-VALUE,O
158,17,cm2,I-VALUE,O
158,18,),O,O
158,19,measured,B-EXPERIMENT,B-experiment_evoking_word
158,20,for,O,O
158,21,La0.6Sr0.4Co0.8Fe0.2O3−δ,B-MATERIAL,B-cathode_material
158,22,electrodes,O,O
158,23,on,O,O
158,24,YSZ,B-MATERIAL,B-electrolyte_material
158,25,electrolyte,O,O
158,26,at,O,O
158,27,750,B-VALUE,B-working_temperature
158,28,°,I-VALUE,I-working_temperature
158,29,C,I-VALUE,I-working_temperature
158,30,in,O,O
158,31,air,O,O
158,32,and,O,O
158,33,also,O,O
158,34,for,O,O
158,35,a,O,O
158,36,not,O,O
158,37,yet,O,O
158,38,interpreted,O,O
158,39,capacitance,O,O
158,40,(,O,O
158,41,19000,B-VALUE,O
158,42,μF,I-VALUE,O
158,43,/,I-VALUE,O
158,44,cm2,I-VALUE,O
158,45,),O,O
158,46,found,O,O
158,47,in,O,O
158,48,ref,O,O
158,49,(,O,O
158,50,13,O,O
158,51,),O,O
158,52,for,O,O
158,53,La0.6Sr0.4CoO3−δ,B-MATERIAL,O
158,54,on,O,O
158,55,YSZ,B-MATERIAL,O
158,56,at,O,O
158,57,600,B-VALUE,O
158,58,°,I-VALUE,O
158,59,C,I-VALUE,O
158,60,in,O,O
158,61,250,B-VALUE,O
158,62,μbar,I-VALUE,O
158,63,p(O2),I-VALUE,O
158,64,.,O,O
159,0,A,O,O
159,1,detailed,O,O
159,2,structural,O,O
159,3,and,O,O
159,4,electrochemical,O,O
159,5,study,O,O
159,6,on,O,O
159,7,La0.95Sr0.05Ga0.95Mg0.05O3−δ,B-MATERIAL,B-electrolyte_material
159,8,single,O,O
159,9,crystals,O,O
159,10,was,O,O
159,11,presented,B-EXPERIMENT,B-experiment_evoking_word
159,12,elsewhere,O,O
159,13,",",O,O
159,14,including,O,O
159,15,growth,O,O
159,16,of,O,O
159,17,strained,O,O
159,18,LSC,O,O
159,19,film,O,O
159,20,(,O,O
159,21,∼,O,O
159,22,0.8,O,O
159,23,%,O,O
159,24,tensile,O,O
159,25,strain,O,O
159,26,at,O,O
159,27,room,O,O
159,28,temperature,O,O
159,29,),O,O
159,30,using,O,O
159,31,similar,O,O
159,32,PLD,O,O
159,33,conditions.33,O,O
159,34,Qualitatively,O,O
159,35,",",O,O
159,36,the,O,O
159,37,impedance,O,O
159,38,spectra,O,O
159,39,(,O,O
159,40,Figure,O,O
159,41,S4,O,O
159,42,),O,O
159,43,obtained,O,O
159,44,during,O,O
159,45,LSC,O,O
159,46,film,O,O
159,47,growth,O,O
159,48,were,O,O
159,49,similar,O,O
159,50,to,O,O
159,51,the,O,O
159,52,ones,O,O
159,53,presented,O,O
159,54,in,O,O
159,55,Figures,O,O
159,56,2b,O,O
159,57,and,O,O
159,58,4,O,O
159,59,.,O,O
160,0,A,O,O
160,1,lower,O,O
160,2,oxygen,O,O
160,3,exchange,O,O
160,4,resistance,O,O
160,5,of,O,O
160,6,1.04,B-VALUE,B-resistance
160,7,±,I-VALUE,I-resistance
160,8,0.02,I-VALUE,I-resistance
160,9,Ωcm2,I-VALUE,I-resistance
160,10,is,O,O
160,11,reproducibly,O,O
160,12,found,B-EXPERIMENT,B-experiment_evoking_word
160,13,for,O,O
160,14,LSC,B-MATERIAL,B-interlayer_material
160,15,on,O,O
160,16,LSGM,B-MATERIAL,B-electrolyte_material
160,17,measured,O,O
160,18,at,O,O
160,19,600,B-VALUE,B-working_temperature
160,20,°,I-VALUE,I-working_temperature
160,21,C,I-VALUE,I-working_temperature
160,22,and,O,O
160,23,40,O,O
160,24,μbar,O,O
160,25,O2,B-MATERIAL,B-fuel_used
160,26,.,O,O
161,0,Oxygen,O,O
161,1,Surface,O,O
161,2,Exchange,O,O
161,3,Kinetics,O,O
161,4,of,O,O
161,5,LSC,O,O
161,6,—,O,O
161,7,A,O,O
161,8,Literature,O,O
161,9,Comparison,O,O
161,10,Finally,O,O
161,11,",",O,O
161,12,we,O,O
161,13,want,O,O
161,14,to,O,O
161,15,assess,B-EXPERIMENT,B-experiment_evoking_word
161,16,the,O,O
161,17,measured,O,O
161,18,polarization,O,O
161,19,resistance,O,O
161,20,of,O,O
161,21,a,O,O
161,22,freshly,O,O
161,23,prepared,O,O
161,24,LSC,B-MATERIAL,B-interlayer_material
161,25,surface,O,O
161,26,in,O,O
161,27,the,O,O
161,28,context,O,O
161,29,of,O,O
161,30,existing,O,O
161,31,literature,O,O
161,32,data,O,O
161,33,.,O,O
162,0,Three,O,O
162,1,different,O,O
162,2,LSC,B-MATERIAL,B-cathode_material
162,3,compositions,O,O
162,4,(,O,O
162,5,La0.8Sr0.2CoO3−δ,B-MATERIAL,B-cathode_material
162,6,",",O,O
162,7,La0.6Sr0.4CoO3−δ,B-MATERIAL,B-cathode_material
162,8,",",O,O
162,9,and,O,O
162,10,La0.5Sr0.5CoO3−δ,B-MATERIAL,B-cathode_material
162,11,),O,O
162,12,are,O,O
162,13,frequently,O,O
162,14,investigated,B-EXPERIMENT,B-experiment_evoking_word
162,15,.,O,O
163,0,Often,O,O
163,1,",",O,O
163,2,a,O,O
163,3,higher,O,O
163,4,Sr,O,O
163,5,concentration,O,O
163,6,is,O,O
163,7,believed,O,O
163,8,to,O,O
163,9,accelerate,O,O
163,10,the,O,O
163,11,oxygen,O,O
163,12,exchange,O,O
163,13,kinetics,O,O
163,14,at,O,O
163,15,the,O,O
163,16,expense,O,O
163,17,of,O,O
163,18,thermodynamic,O,O
163,19,stability,O,O
163,20,of,O,O
163,21,LSC.59,O,O
163,22,However,O,O
163,23,",",O,O
163,24,recent,O,O
163,25,studies,O,O
163,26,by,O,O
163,27,Crumlin26,O,O
163,28,and,O,O
163,29,la,O,O
163,30,O’23,O,O
163,31,compared,B-EXPERIMENT,B-experiment_evoking_word
163,32,similarly,O,O
163,33,prepared,O,O
163,34,La0.8Sr0.2CoO3−δ,B-MATERIAL,B-cathode_material
163,35,and,O,O
163,36,La0.6Sr0.4CoO3−δ,B-MATERIAL,B-cathode_material
163,37,thin,O,O
163,38,films,O,O
163,39,and,O,O
163,40,did,O,O
163,41,not,O,O
163,42,confirm,O,O
163,43,a,O,O
163,44,significant,O,O
163,45,kinetic,O,O
163,46,difference,O,O
163,47,.,O,O
164,0,Hence,O,O
164,1,",",O,O
164,2,normalization,O,O
164,3,to,O,O
164,4,a,O,O
164,5,reference,O,O
164,6,set,O,O
164,7,of,O,O
164,8,thermodynamic,O,O
164,9,parameters,O,O
164,10,is,O,O
164,11,highly,O,O
164,12,beneficial,O,O
164,13,and,O,O
164,14,a,O,O
164,15,temperature,O,O
164,16,of,O,O
164,17,600,B-VALUE,B-working_temperature
164,18,°,I-VALUE,I-working_temperature
164,19,C,I-VALUE,I-working_temperature
164,20,and,O,O
164,21,an,O,O
164,22,oxygen,B-MATERIAL,B-fuel_used
164,23,partial,I-MATERIAL,I-fuel_used
164,24,pressure,I-MATERIAL,I-fuel_used
164,25,of,I-MATERIAL,I-fuel_used
164,26,0.21,I-MATERIAL,I-fuel_used
164,27,bar,I-MATERIAL,I-fuel_used
164,28,are,O,O
164,29,chosen,B-EXPERIMENT,B-experiment_evoking_word
164,30,",",O,O
164,31,since,O,O
164,32,these,O,O
164,33,were,O,O
164,34,often,O,O
164,35,experimentally,O,O
164,36,applied,O,O
164,37,and,O,O
164,38,are,O,O
164,39,in,O,O
164,40,a,O,O
164,41,relevant,O,O
164,42,range,O,O
164,43,for,O,O
164,44,application,O,O
164,45,of,O,O
164,46,LSC,B-MATERIAL,B-interlayer_material
164,47,",",O,O
164,48,for,O,O
164,49,example,O,O
164,50,",",O,O
164,51,in,O,O
164,52,solid,B-DEVICE,B-device
164,53,oxide,I-DEVICE,I-device
164,54,fuel,I-DEVICE,I-device
164,55,cells,I-DEVICE,I-device
164,56,.,O,O
165,0,Above,O,O
165,1,a,O,O
165,2,film,O,O
165,3,thickness,O,O
165,4,of,O,O
165,5,20,B-VALUE,B-thickness
165,6,nm,I-VALUE,I-thickness
165,7,",",O,O
165,8,a,O,O
165,9,thickness,O,O
165,10,independent,O,O
165,11,oxygen,O,O
165,12,surface,O,O
165,13,exchange,O,O
165,14,resistance,O,O
165,15,of,O,O
165,16,2.04,B-VALUE,B-resistance
165,17,±,I-VALUE,I-resistance
165,18,0.1,I-VALUE,I-resistance
165,19,Ωcm2,I-VALUE,I-resistance
165,20,is,O,O
165,21,obtained,B-EXPERIMENT,B-experiment_evoking_word
165,22,at,O,O
165,23,600,B-VALUE,B-working_temperature
165,24,°,I-VALUE,I-working_temperature
165,25,C,I-VALUE,I-working_temperature
165,26,and,O,O
165,27,40,B-MATERIAL,B-fuel_used
165,28,μbar,I-MATERIAL,I-fuel_used
165,29,O2,I-MATERIAL,I-fuel_used
165,30,for,O,O
165,31,LSC,B-MATERIAL,B-interlayer_material
165,32,grown,O,O
165,33,on,O,O
165,34,YSZ,B-MATERIAL,B-electrolyte_material
165,35,.,O,O
166,0,The,O,O
166,1,thickness,O,O
166,2,dependence,O,O
166,3,of,O,O
166,4,the,O,O
166,5,electrode,O,O
166,6,capacitance,O,O
166,7,indicates,B-EXPERIMENT,B-experiment_evoking_word
166,8,an,O,O
166,9,interfacial,O,O
166,10,contribution,O,O
166,11,of,O,O
166,12,1012,B-VALUE,O
166,13,±,I-VALUE,O
166,14,253,I-VALUE,O
166,15,μF,I-VALUE,O
166,16,/,I-VALUE,O
166,17,cm2,I-VALUE,O
166,18,and,O,O
166,19,a,O,O
166,20,thickness,O,O
166,21,independent,O,O
166,22,volumetric,O,O
166,23,chemical,O,O
166,24,capacitance,O,O
166,25,of,O,O
166,26,1281,B-VALUE,O
166,27,±,I-VALUE,O
166,28,39,I-VALUE,O
166,29,F,I-VALUE,O
166,30,/,I-VALUE,O
166,31,cm3,I-VALUE,O
166,32,.,O,O
167,0,Moreover,O,O
167,1,",",O,O
167,2,a,O,O
167,3,higher,O,O
167,4,chemical,O,O
167,5,capacitance,O,O
167,6,of,O,O
167,7,2033,B-VALUE,O
167,8,±,I-VALUE,O
167,9,21,I-VALUE,O
167,10,F,I-VALUE,O
167,11,/,I-VALUE,O
167,12,cm3,I-VALUE,O
167,13,was,O,O
167,14,obtained,B-EXPERIMENT,B-experiment_evoking_word
167,15,",",O,O
167,16,suggesting,O,O
167,17,a,O,O
167,18,decrease,O,O
167,19,of,O,O
167,20,the,O,O
167,21,oxygen,O,O
167,22,vacancy,O,O
167,23,formation,O,O
167,24,energy,O,O
167,25,for,O,O
167,26,tensile,O,O
167,27,strained,O,O
167,28,MIEC,O,O
167,29,thin,O,O
167,30,films,O,O
167,31,leading,O,O
167,32,to,O,O
167,33,higher,O,O
167,34,oxygen,O,O
167,35,vacancy,O,O
167,36,concentrations,O,O
167,37,.,O,O
168,0,A,O,O
168,1,cell,B-DEVICE,B-device
168,2,with,O,O
168,3,reduced,O,O
168,4,BZCYN,B-MATERIAL,B-anode_material
168,5,anode,O,O
168,6,delivered,B-EXPERIMENT,B-experiment_evoking_word
168,7,a,O,O
168,8,peak,O,O
168,9,power,O,O
168,10,density,O,O
168,11,(,O,O
168,12,PPD,O,O
168,13,),O,O
168,14,of,O,O
168,15,184,B-VALUE,B-power_density
168,16,mW,I-VALUE,I-power_density
168,17,cm−2,I-VALUE,I-power_density
168,18,at,O,O
168,19,800,B-VALUE,B-working_temperature
168,20,°,I-VALUE,I-working_temperature
168,21,C,I-VALUE,I-working_temperature
168,22,operating,B-EXPERIMENT,B-experiment_evoking_word
168,23,on,O,O
168,24,H2,B-MATERIAL,B-fuel_used
168,25,",",O,O
168,26,which,O,O
168,27,was,B-EXPERIMENT,B-experiment_evoking_word
168,28,3.6,O,O
168,29,times,O,O
168,30,that,O,O
168,31,of,O,O
168,32,a,O,O
168,33,cell,O,O
168,34,with,O,O
168,35,Ni‐free,O,O
168,36,BZCY,B-MATERIAL,B-anode_material
168,37,anode,O,O
168,38,",",O,O
168,39,indicating,O,O
168,40,the,O,O
168,41,importance,O,O
168,42,of,O,O
168,43,the,O,O
168,44,exsolved,O,O
168,45,Ni,O,O
168,46,phase,O,O
168,47,for,O,O
168,48,H2,O,O
168,49,electro‐oxidation,O,O
168,50,reaction,O,O
168,51,(,O,O
168,52,Figure,O,O
168,53,S11a,O,O
168,54,",",O,O
168,55,Supporting,O,O
168,56,Information,O,O
168,57,),O,O
168,58,.,O,O
169,0,A,O,O
169,1,cell,B-DEVICE,B-device
169,2,consisting,B-EXPERIMENT,B-experiment_evoking_word
169,3,of,O,O
169,4,reduced,O,O
169,5,BZCYN‐infiltrated,B-MATERIAL,B-anode_material
169,6,SDC,I-MATERIAL,I-anode_material
169,7,anode,O,O
169,8,",",O,O
169,9,thick,O,O
169,10,SDC,B-MATERIAL,B-electrolyte_material
169,11,electrolyte,O,O
169,12,and,O,O
169,13,Ba0.5Sr0.5Co0.8Fe0.2O3−,B-MATERIAL,B-cathode_material
169,14,δ,I-MATERIAL,I-cathode_material
169,15,+,O,O
169,16,SDC,B-MATERIAL,B-cathode_material
169,17,cathode,O,O
169,18,(,O,O
169,19,Figure,O,O
169,20,S12,O,O
169,21,",",O,O
169,22,Supporting,O,O
169,23,Information,O,O
169,24,),O,O
169,25,with,O,O
169,26,the,O,O
169,27,thicknesses,O,O
169,28,of,O,O
169,29,≈,B-VALUE,B-thickness
169,30,30,I-VALUE,I-thickness
169,31,",",O,O
169,32,300,B-VALUE,B-thickness
169,33,",",O,O
169,34,and,O,O
169,35,20,B-VALUE,B-thickness
169,36,μm,I-VALUE,I-thickness
169,37,",",O,O
169,38,exhibited,B-EXPERIMENT,B-experiment_evoking_word
169,39,PPDs,O,O
169,40,of,O,O
169,41,590,B-VALUE,B-power_density
169,42,",",O,O
169,43,535,B-VALUE,B-power_density
169,44,",",O,O
169,45,458,B-VALUE,B-power_density
169,46,",",O,O
169,47,369,B-VALUE,B-power_density
169,48,",",O,O
169,49,and,O,O
169,50,297,B-VALUE,B-power_density
169,51,mW,I-VALUE,I-power_density
169,52,cm−2,I-VALUE,I-power_density
169,53,operating,B-EXPERIMENT,B-experiment_evoking_word
169,54,on,O,O
169,55,H2,B-MATERIAL,B-fuel_used
169,56,fuel,O,O
169,57,at,O,O
169,58,800,B-VALUE,B-working_temperature
169,59,",",O,O
169,60,750,B-VALUE,B-working_temperature
169,61,",",O,O
169,62,700,B-VALUE,B-working_temperature
169,63,",",O,O
169,64,650,B-VALUE,B-working_temperature
169,65,",",O,O
169,66,and,O,O
169,67,600,B-VALUE,B-working_temperature
169,68,°,I-VALUE,I-working_temperature
169,69,C,I-VALUE,I-working_temperature
169,70,",",O,O
169,71,respectively,O,O
169,72,(,O,O
169,73,Figure,O,O
169,74,S11b,O,O
169,75,",",O,O
169,76,Supporting,O,O
169,77,Information,O,O
169,78,),O,O
169,79,.,O,O
170,0,Figure,O,O
170,1,3,O,O
170,2,a,O,O
170,3,shows,O,O
170,4,that,O,O
170,5,the,O,O
170,6,PPDs,O,O
170,7,of,O,O
170,8,the,O,O
170,9,cells,B-DEVICE,B-device
170,10,with,O,O
170,11,reduced,O,O
170,12,BZCYN‐,O,O
170,13,and,O,O
170,14,Ni‐infiltrated,B-MATERIAL,B-anode_material
170,15,SDC,I-MATERIAL,I-anode_material
170,16,anodes,O,O
170,17,were,B-EXPERIMENT,B-experiment_evoking_word
170,18,590,B-VALUE,B-power_density
170,19,and,O,O
170,20,464,B-VALUE,B-power_density
170,21,mW,I-VALUE,I-power_density
170,22,cm−2,I-VALUE,I-power_density
170,23,operating,B-EXPERIMENT,B-experiment_evoking_word
170,24,on,O,O
170,25,H2,B-MATERIAL,B-fuel_used
170,26,",",O,O
170,27,respectively,O,O
170,28,",",O,O
170,29,indicating,O,O
170,30,that,O,O
170,31,H2,O,O
170,32,electro‐oxidation,O,O
170,33,was,O,O
170,34,promoted,O,O
170,35,by,O,O
170,36,the,O,O
170,37,BZCY,O,O
170,38,phase,O,O
170,39,.,O,O
171,0,Figure,O,O
171,1,3b,O,O
171,2,shows,O,O
171,3,that,O,O
171,4,when,O,O
171,5,the,O,O
171,6,fuel,O,O
171,7,was,B-EXPERIMENT,B-experiment_evoking_word
171,8,200,B-MATERIAL,B-fuel_used
171,9,ppm,I-MATERIAL,I-fuel_used
171,10,H2S,I-MATERIAL,I-fuel_used
171,11,in,I-MATERIAL,I-fuel_used
171,12,H2,I-MATERIAL,I-fuel_used
171,13,",",O,O
171,14,the,O,O
171,15,PPDs,O,O
171,16,of,O,O
171,17,the,O,O
171,18,cells,B-DEVICE,B-device
171,19,with,O,O
171,20,the,O,O
171,21,reduced,O,O
171,22,BZCYN‐infiltrated,B-MATERIAL,B-anode_material
171,23,SDC,I-MATERIAL,I-anode_material
171,24,",",O,O
171,25,Ni‐infiltrated,B-MATERIAL,B-anode_material
171,26,SDC,I-MATERIAL,I-anode_material
171,27,",",O,O
171,28,and,O,O
171,29,BZCY‐infiltrated,B-MATERIAL,B-anode_material
171,30,Ni+SDC,O,O
171,31,anodes,O,O
171,32,were,B-EXPERIMENT,B-experiment_evoking_word
171,33,561,B-VALUE,B-power_density
171,34,",",O,O
171,35,424,B-VALUE,B-power_density
171,36,",",O,O
171,37,and,O,O
171,38,381,B-VALUE,B-power_density
171,39,mW,I-VALUE,I-power_density
171,40,cm−2,I-VALUE,I-power_density
171,41,",",O,O
171,42,respectively,O,O
171,43,",",O,O
171,44,which,O,O
171,45,corresponds,O,O
171,46,to,O,O
171,47,decreases,O,O
171,48,of,O,O
171,49,4.9,O,O
171,50,%,O,O
171,51,",",O,O
171,52,8.6,O,O
171,53,%,O,O
171,54,",",O,O
171,55,and,O,O
171,56,13.2,O,O
171,57,%,O,O
171,58,relatively,O,O
171,59,to,O,O
171,60,those,O,O
171,61,obtained,O,O
171,62,with,O,O
171,63,pure,O,O
171,64,H2,O,O
171,65,.,O,O
172,0,Figure,O,O
172,1,"3c,d",O,O
172,2,shows,O,O
172,3,that,O,O
172,4,the,O,O
172,5,voltage,O,O
172,6,of,O,O
172,7,the,O,O
172,8,cell,B-DEVICE,B-device
172,9,with,O,O
172,10,the,O,O
172,11,reduced,O,O
172,12,BZCYN‐infiltrated,B-MATERIAL,B-anode_material
172,13,SDC,I-MATERIAL,I-anode_material
172,14,anode,O,O
172,15,remained,B-EXPERIMENT,B-experiment_evoking_word
172,16,nearly,O,O
172,17,constant,O,O
172,18,at,O,O
172,19,0.7,B-VALUE,B-voltage
172,20,V,I-VALUE,I-voltage
172,21,for,O,O
172,22,24,B-VALUE,B-time_of_operation
172,23,and,O,O
172,24,50,B-VALUE,B-time_of_operation
172,25,h,I-VALUE,I-time_of_operation
172,26,in,O,O
172,27,200,B-MATERIAL,B-fuel_used
172,28,and,I-MATERIAL,I-fuel_used
172,29,100,I-MATERIAL,I-fuel_used
172,30,ppm,I-MATERIAL,I-fuel_used
172,31,H2S,I-MATERIAL,I-fuel_used
172,32,–,I-MATERIAL,I-fuel_used
172,33,H2,I-MATERIAL,I-fuel_used
172,34,fuels,O,O
172,35,",",O,O
172,36,respectively,O,O
172,37,.,O,O
173,0,The,O,O
173,1,OCV,O,O
173,2,and,O,O
173,3,PPD,O,O
173,4,of,O,O
173,5,the,O,O
173,6,single,O,O
173,7,cell,B-DEVICE,B-device
173,8,were,O,O
173,9,well,O,O
173,10,maintained,B-EXPERIMENT,B-experiment_evoking_word
173,11,at,O,O
173,12,0.88,B-VALUE,B-voltage
173,13,V,I-VALUE,I-voltage
173,14,and,O,O
173,15,360,B-VALUE,B-power_density
173,16,mW,I-VALUE,I-power_density
173,17,cm−2,I-VALUE,I-power_density
173,18,in,O,O
173,19,the,O,O
173,20,14,O,O
173,21,cycles,O,O
173,22,involving,O,O
173,23,the,O,O
173,24,quick,O,O
173,25,heating‐up,O,O
173,26,and,O,O
173,27,cooling‐down,O,O
173,28,procedures,O,O
173,29,",",O,O
173,30,suggesting,O,O
173,31,the,O,O
173,32,superior,O,O
173,33,thermal,O,O
173,34,cyclability,O,O
173,35,of,O,O
173,36,the,O,O
173,37,reduced,O,O
173,38,BZCYN‐infiltrated,O,O
173,39,SDC,O,O
173,40,anode,O,O
173,41,.,O,O
174,0,Recent,O,O
174,1,advances,O,O
174,2,in,O,O
174,3,perovskite,O,O
174,4,phases,O,O
174,5,have,O,O
174,6,resulted,B-EXPERIMENT,B-experiment_evoking_word
174,7,in,O,O
174,8,an,O,O
174,9,efficient,O,O
174,10,H,O,O
174,11,+,O,O
174,12,/,O,O
174,13,O2,O,O
174,14,-,O,O
174,15,/,O,O
174,16,e,O,O
174,17,-,O,O
174,18,triple-conducting,O,O
174,19,electrode,O,O
174,20,BaCo0.4Fe0.4Zr0.1Y0.1O3,B-MATERIAL,B-cathode_material
174,21,-,I-MATERIAL,I-cathode_material
174,22,δ,I-MATERIAL,I-cathode_material
174,23,for,O,O
174,24,low-temperature,O,O
174,25,fuel,B-DEVICE,B-device
174,26,cells,I-DEVICE,I-device
174,27,.,O,O
175,0,Here,O,O
175,1,",",O,O
175,2,we,O,O
175,3,further,O,O
175,4,develop,B-EXPERIMENT,B-experiment_evoking_word
175,5,BaCo0.4Fe0.4Zr0.1Y0.1O3,B-MATERIAL,B-electrolyte_material
175,6,-,I-MATERIAL,I-electrolyte_material
175,7,δ,I-MATERIAL,I-electrolyte_material
175,8,for,O,O
175,9,electrolyte,O,O
175,10,applications,O,O
175,11,by,O,O
175,12,taking,O,O
175,13,advantage,O,O
175,14,of,O,O
175,15,its,O,O
175,16,high,O,O
175,17,ionic,O,O
175,18,conduction,O,O
175,19,while,O,O
175,20,suppressing,O,O
175,21,its,O,O
175,22,electronic,O,O
175,23,conduction,O,O
175,24,through,O,O
175,25,constructing,B-EXPERIMENT,B-experiment_evoking_word
175,26,a,O,O
175,27,BaCo0.4Fe0.4Zr0.1Y0.1O3,B-MATERIAL,B-electrolyte_material
175,28,-,I-MATERIAL,I-electrolyte_material
175,29,δ-ZnO,I-MATERIAL,I-electrolyte_material
175,30,p-n,O,O
175,31,heterostructure,O,O
175,32,.,O,O
176,0,With,O,O
176,1,this,O,O
176,2,approach,O,O
176,3,",",O,O
176,4,it,O,O
176,5,has,O,O
176,6,been,O,O
176,7,demonstrated,B-EXPERIMENT,B-experiment_evoking_word
176,8,that,O,O
176,9,BaCo0.4Fe0.4Zr0.1Y0.1O3,B-MATERIAL,B-electrolyte_material
176,10,-,I-MATERIAL,I-electrolyte_material
176,11,δ,I-MATERIAL,I-electrolyte_material
176,12,can,O,O
176,13,be,O,O
176,14,applied,O,O
176,15,in,O,O
176,16,a,O,O
176,17,fuel,B-DEVICE,B-device
176,18,cell,I-DEVICE,I-device
176,19,with,O,O
176,20,good,O,O
176,21,electrolyte,O,O
176,22,functionality,O,O
176,23,",",O,O
176,24,achieving,O,O
176,25,attractive,O,O
176,26,ionic,O,O
176,27,conductivity,O,O
176,28,and,O,O
176,29,cell,O,O
176,30,performance,O,O
176,31,.,O,O
177,0,Further,O,O
177,1,investigation,O,O
177,2,confirms,B-EXPERIMENT,B-experiment_evoking_word
177,3,the,O,O
177,4,hybrid,O,O
177,5,H,O,O
177,6,+,O,O
177,7,/,O,O
177,8,O2,O,O
177,9,-,O,O
177,10,conducting,O,O
177,11,capability,O,O
177,12,of,O,O
177,13,BaCo0.4Fe0.4Zr0.1Y0.1O3,B-MATERIAL,B-electrolyte_material
177,14,-,I-MATERIAL,I-electrolyte_material
177,15,δ-ZnO,I-MATERIAL,I-electrolyte_material
177,16,.,O,O
178,0,Our,O,O
178,1,findings,O,O
178,2,demonstrate,B-EXPERIMENT,B-experiment_evoking_word
178,3,that,O,O
178,4,BaCo0.4Fe0.4Zr0.1Y0.1O3,B-MATERIAL,B-electrolyte_material
178,5,-,I-MATERIAL,I-electrolyte_material
178,6,δ,I-MATERIAL,I-electrolyte_material
178,7,is,O,O
178,8,not,O,O
178,9,only,O,O
178,10,a,O,O
178,11,good,O,O
178,12,electrode,O,O
178,13,but,O,O
178,14,also,O,O
178,15,a,O,O
178,16,highly,O,O
178,17,promising,O,O
178,18,electrolyte,O,O
178,19,.,O,O
179,0,To,O,O
179,1,date,O,O
179,2,",",O,O
179,3,practical,O,O
179,4,industrial,O,O
179,5,applications,O,O
179,6,of,O,O
179,7,SOFCs,B-DEVICE,B-device
179,8,have,O,O
179,9,not,O,O
179,10,been,O,O
179,11,successfully,O,O
179,12,realized,B-EXPERIMENT,B-experiment_evoking_word
179,13,primarily,O,O
179,14,due,O,O
179,15,to,O,O
179,16,high,O,O
179,17,operational,O,O
179,18,temperatures,O,O
179,19,(,O,O
179,20,over,B-VALUE,B-working_temperature
179,21,700,I-VALUE,I-working_temperature
179,22,°,I-VALUE,I-working_temperature
179,23,C,I-VALUE,I-working_temperature
179,24,),O,O
179,25,required,O,O
179,26,by,O,O
179,27,the,O,O
179,28,predominant,O,O
179,29,oxygen,O,O
179,30,ion,O,O
179,31,(,O,O
179,32,O2,O,O
179,33,-,O,O
179,34,),O,O
179,35,electrolyte,O,O
179,36,yttrium,B-MATERIAL,B-electrolyte_material
179,37,stabilized,I-MATERIAL,I-electrolyte_material
179,38,zirconia,I-MATERIAL,I-electrolyte_material
179,39,(,O,O
179,40,YSZ,B-MATERIAL,O
179,41,),O,O
179,42,",",O,O
179,43,which,O,O
179,44,results,O,O
179,45,in,O,O
179,46,high,O,O
179,47,costs,O,O
179,48,",",O,O
179,49,performance,O,O
179,50,degradation,O,O
179,51,",",O,O
179,52,slow,O,O
179,53,start-up,O,O
179,54,and,O,O
179,55,shut-down,O,O
179,56,cycles,O,O
179,57,",",O,O
179,58,as,O,O
179,59,well,O,O
179,60,as,O,O
179,61,technological,O,O
179,62,"complexities3,4",O,O
179,63,.,O,O
